station_id,name,state,county,elevation_ft,latitude,longitude,huc,actonId,shefId,beginDate,endDate,network
301,Adin Mtn,CA,Modoc,6170.0,41.23583,-120.79192,180200021403,,ADMC1,1983-10-01 00:00,2100-01-01 00:00,SNTL
907,Agua Canyon,UT,Kane,8890.0,37.52217,-112.27118,160300020301,,AGUU1,1994-10-01 00:00,2100-01-01 00:00,SNTL
916,Albro Lake,MT,Madison,8500.0,45.59723,-111.95902,100200050701,,ABRM8,1996-09-01 00:00,2100-01-01 00:00,SNTL
1267,Alexander Lake,AK,Matanuska-Susitna,170.0,61.7493,-150.89199,190205051106,,ALXA2,2014-08-28 00:00,2100-01-01 00:00,SNTL
908,Alpine Meadows,WA,King,3500.0,47.77957,-121.69847,171100100501,,APSW1,1994-09-01 00:00,2100-01-01 00:00,SNTL
1344,Alta Lakes,CO,San Miguel,11290.0,37.88929,-107.84484,140300030103,,,2025-09-25 05:00,2100-01-01 00:00,SNTL
1189,American Creek,AK,Southeast Fairbanks,1020.0,64.78969,-141.23376,190705050504,,AMCA2,2011-08-04 00:00,2100-01-01 00:00,SNTL
1062,Anchor River Divide,AK,Kenai Peninsula,1650.0,59.8608,-151.31494,190203010701,,ARDA2,1980-10-01 00:00,2100-01-01 00:00,SNTL
1070,Anchorage Hillside,AK,Anchorage,1910.0,61.11315,-149.68345,190204010601,,HILA2,2004-10-01 00:00,2100-01-01 00:00,SNTL
302,Aneroid Lake #2,OR,Wallowa,7430.0,45.21332,-117.19255,170601050101,,ANRO3,1980-10-01 00:00,2100-01-01 00:00,SNTL
2065,Aniak,AK,Bethel,90.0,61.58337,-159.57708,190305020504,,AMBA2,2002-07-21 00:00,2100-01-01 00:00,SNTL
1000,Annie Springs,OR,Klamath,6020.0,42.87007,-122.16518,180102030101,,ANSO3,2000-09-01 00:00,2100-01-01 00:00,SNTL
303,Apishapa,CO,Huerfano,10000.0,37.33067,-105.06766,110200060406,,APSC2,1979-10-01 00:00,2100-01-01 00:00,SNTL
1030,Arapaho Ridge,CO,Grand,10960.0,40.35098,-106.38141,140100010604,,ARPC2,2002-08-01 00:00,2100-01-01 00:00,SNTL
304,Arbuckle Mtn,OR,Morrow,5770.0,45.19085,-119.25392,170702020604,,ARBO3,1978-10-01 00:00,2100-01-01 00:00,SNTL
305,Arrow,CO,Grand,9660.0,39.9155,-105.76083,140100010202,,AROC2,1978-10-01 00:00,2013-10-01 00:00,SNTL
957,Atigun Pass,AK,North Slope,4780.0,68.12983,-149.47817,190802010102,,ATGA2,1981-10-01 00:00,2100-01-01 00:00,SNTL
306,Atlanta Summit,ID,Elmore,7570.0,43.7569,-115.23907,170501110204,,ATAI1,1978-10-01 00:00,2100-01-01 00:00,SNTL
1308,Atwater,UT,Salt Lake,8750.0,40.59124,-111.63775,160202040202,,,2022-08-25 00:00,2100-01-01 00:00,SNTL
307,Badger Pass,MT,Pondera,6870.0,48.13091,-113.02311,100302010201,,BADM8,1968-10-01 00:00,2100-01-01 00:00,SNTL
308,Baker Butte,AZ,Coconino,7360.0,34.45654,-111.40651,150602030206,,BKBA3,1965-10-01 00:00,2100-01-01 00:00,SNTL
1140,Baker Butte Smt,AZ,Coconino,7720.0,34.45552,-111.38262,150602030103,,BBSA3,2009-05-18 00:00,2100-01-01 00:00,SNTL
309,Bald Mtn.,WY,Big Horn,9360.0,44.80061,-107.84428,100800100501,,BLDW4,1975-10-01 00:00,2100-01-01 00:00,SNTL
310,Baldy,AZ,Apache,9210.0,33.97845,-109.50357,150200010203,,BLDA3,1949-11-01 00:00,2100-01-01 00:00,SNTL
311,Banfield Mountain,MT,Lincoln,5580.0,48.5712,-115.44573,170101011202,,BANM8,1968-10-01 00:00,2100-01-01 00:00,SNTL
312,Banner Summit,ID,Boise,7040.0,44.30342,-115.23447,170501200202,,BASI1,1979-10-01 00:00,2100-01-01 00:00,SNTL
1212,Bar M,AZ,Coconino,6380.0,34.86142,-111.60497,150602020601,,BRMA3,2012-09-06 00:00,2100-01-01 00:00,SNTL
313,Barker Lakes,MT,Deer Lodge,8250.0,46.09713,-113.13038,170102010304,,BRLM8,1977-08-01 00:00,2100-01-01 00:00,SNTL
314,Base Camp,WY,Teton,7040.0,43.94019,-110.44544,170401010304,,BSCW4,1979-10-01 00:00,2100-01-01 00:00,SNTL
315,Basin Creek,MT,Silver Bow,7120.0,45.79737,-112.52047,170102010201,,BSCM8,1976-10-01 00:00,2100-01-01 00:00,SNTL
1190,Bassoo Peak,MT,Sanders,5130.0,47.85562,-114.75841,170102120105,,BASM8,2011-10-12 00:00,2100-01-01 00:00,SNTL
316,Bateman,NM,Rio Arriba,9230.0,36.51174,-106.31543,130201020901,,BAMN5,1978-10-01 00:00,2100-01-01 00:00,SNTL
317,Battle Mountain,WY,Carbon,7460.0,41.05402,-107.26674,140500030109,,BTLW4,1985-10-01 00:00,2100-01-01 00:00,SNTL
318,Beagle Springs,MT,Beaverhead,8880.0,44.47147,-112.98191,100200010501,,BEAM8,1976-10-01 00:00,2100-01-01 00:00,SNTL
319,Bear Basin,ID,Adams,5350.0,44.95222,-116.14293,170602100104,,BRBI1,1979-10-01 00:00,2100-01-01 00:00,SNTL
320,Bear Canyon,ID,Custer,7920.0,43.74367,-113.93797,170402180101,,BECI1,1979-10-01 00:00,2100-01-01 00:00,SNTL
321,Bear Creek,NV,Elko,8090.0,41.83391,-115.45278,170501020301,,BERN2,1976-03-01 00:00,2100-01-01 00:00,SNTL
1166,Bear Grass,OR,Linn,4720.0,44.3253,-122.0938,170900040203,,BKSO3,2011-07-18 00:00,2100-01-01 00:00,SNTL
322,Bear Lake,CO,Larimer,9490.0,40.31176,-105.6467,101900060201,,BLKC2,1979-10-01 00:00,2100-01-01 00:00,SNTL
323,Bear Mountain,ID,Bonner,5460.0,48.30583,-116.07444,170102131202,,BRMI1,1979-10-01 00:00,2100-01-01 00:00,SNTL
1061,Bear River,CO,Routt,9100.0,40.06152,-107.00948,140500010102,,BRRC2,2004-10-01 00:00,2100-01-01 00:00,SNTL
992,Bear River RS,UT,Summit,8510.0,40.8852,-110.8277,160101010106,,STLU1,2010-10-28 00:00,2100-01-01 00:00,SNTL
324,Bear Saddle,ID,Washington,6170.0,44.60533,-116.98097,170501241001,,BSDI1,1979-10-01 00:00,2100-01-01 00:00,SNTL
325,Bear Trap Meadow,WY,Johnson,8200.0,43.88743,-107.06135,100902010205,,BTNW4,1979-10-01 00:00,2100-01-01 00:00,SNTL
326,Beartooth Lake,WY,Park,9360.0,44.94307,-109.56743,100700060206,,BLTW4,1979-10-01 00:00,2100-01-01 00:00,SNTL
327,Beartown,CO,San Juan,11600.0,37.71433,-107.5124,130100010104,,BRTC2,1979-10-01 00:00,2100-01-01 00:00,SNTL
1041,Beaver Ck Village,CO,Eagle,8530.0,39.59871,-106.51113,140100030301,,BCVC2,2002-11-01 00:00,2100-01-01 00:00,SNTL
328,Beaver Creek,MT,Gallatin,7820.0,44.94966,-111.35852,100200070402,,BEVM8,1966-10-01 00:00,2100-01-01 00:00,SNTL
329,Beaver Dams,UT,Sanpete,7970.0,39.13683,-111.55813,160300040402,,BVDU1,1980-06-18 00:00,2100-01-01 00:00,SNTL
330,Beaver Divide,UT,Summit,8230.0,40.61233,-111.09782,160202030105,,NWZU1,1978-10-01 00:00,2100-01-01 00:00,SNTL
902,Beaver Head,AZ,Greenlee,8070.0,33.69115,-109.21685,150601010107,,XBHA3,1993-10-01 00:00,2100-01-01 00:00,SNTL
990,Beaver Pass,WA,Whatcom,3630.0,48.8793,-121.2555,171100050605,,BVPW1,2000-10-01 00:00,2100-01-01 00:00,SNTL
331,Beaver Reservoir,OR,Union,5140.0,45.14532,-118.219,170601040301,,BVRO3,1979-10-01 00:00,2100-01-01 00:00,SNTL
1143,Beaver Spring,AZ,Apache,9240.0,36.32671,-109.05702,140802040401,,BVRA3,2009-10-01 00:00,2100-01-01 00:00,SNTL
332,Ben Lomond Peak,UT,Weber,7700.0,41.37603,-111.94405,160201020302,,BLPU1,1978-10-01 00:00,2100-01-01 00:00,SNTL
333,Ben Lomond Trail,UT,Weber,5980.0,41.38291,-111.92103,160201020302,,BLTU1,1980-06-03 00:00,2100-01-01 00:00,SNTL
1086,Bentalit Lodge,AK,Matanuska-Susitna,100.0,61.93683,-150.98267,190205042001,,BLSA2,2006-01-01 00:00,2014-12-08 00:00,SNTL
334,Berry Creek,NV,White Pine,9350.0,39.31917,-114.62278,160600081301,,BRCN2,1980-10-01 00:00,2100-01-01 00:00,SNTL
335,Berthoud Summit,CO,Grand,11300.0,39.80364,-105.77786,140100010202,,BTSC2,1963-09-01 00:00,2100-01-01 00:00,SNTL
1182,Bettles Field,AK,Yukon-Koyukuk,640.0,66.91467,-151.53318,190901012604,,BFLA2,1980-10-01 00:00,2100-01-01 00:00,SNTL
1214,Bevans Cabin,UT,Tooele,6470.0,40.46182,-112.25233,160203040401,,BENU1,2012-10-01 00:00,2100-01-01 00:00,SNTL
336,Big Bend,NV,Elko,6890.0,41.76168,-115.6931,170501040104,,BIGN2,1978-10-01 00:00,2100-01-01 00:00,SNTL
337,Big Creek Sum,NV,Lander,8710.0,39.29148,-117.11506,160401070303,,BCSN2,1980-10-01 00:00,2100-01-01 00:00,SNTL
338,Big Creek Summit,ID,Valley,6560.0,44.62621,-115.79561,170602080402,,BKSI1,1979-10-01 00:00,2100-01-01 00:00,SNTL
339,Big Flat,UT,Beaver,10320.0,38.30183,-112.35672,160300070202,,BGFU1,1978-10-01 00:00,2100-01-01 00:00,SNTL
931,Big Goose,WY,Sheridan,8010.0,44.57922,-107.20068,100901010103,,BGEW4,1998-07-22 00:00,2100-01-01 00:00,SNTL
340,Big Meadow,NV,Washoe,8240.0,39.455,-119.9422,160501020505,,BMWN2,1983-10-01 00:00,2100-01-01 00:00,SNTL
341,Big Red Mountain,OR,Jackson,6060.0,42.05257,-122.85487,171003090301,,BRMO3,1979-10-01 00:00,2100-01-01 00:00,SNTL
342,Big Sandy Opening,WY,Sublette,9100.0,42.6458,-109.25965,140401040101,,BGSW4,1963-03-01 00:00,2100-01-01 00:00,SNTL
343,Bigelow Camp,OR,Josephine,5130.0,42.07875,-123.34393,171003090105,,BGCO3,1979-10-01 00:00,2100-01-01 00:00,SNTL
344,Billie Creek Divide,OR,Klamath,5280.0,42.40717,-122.26617,180102030201,,BCDO3,1978-10-01 00:00,2100-01-01 00:00,SNTL
1155,Bird Creek,NV,White Pine,7540.0,39.46138,-114.64863,160600081304,,BIRN2,2011-10-01 00:00,2100-01-01 00:00,SNTL
345,Bison Lake,CO,Garfield,10950.0,39.76458,-107.35628,140100011401,,BLSC2,1985-09-30 00:00,2100-01-01 00:00,SNTL
346,Bisson Creek,MT,Lake,4880.0,47.68386,-113.99895,170102120602,,BISM8,1988-10-01 00:00,2100-01-01 00:00,SNTL
347,Black Bear,MT,Gallatin,8160.0,44.50832,-111.12803,100200070202,,BLBM8,1967-10-01 00:00,2100-01-01 00:00,SNTL
348,Black Flat-U.M. Ck,UT,Sevier,9420.0,38.6799,-111.59765,140700030101,,BFTU1,1980-06-19 00:00,2100-01-01 00:00,SNTL
1185,Black Mesa,CO,Dolores,11580.0,37.78968,-108.18376,140300020103,,BMSC2,2011-07-28 00:00,2100-01-01 00:00,SNTL
1161,Black Mountain,CO,Larimer,8950.0,40.8879,-105.66404,101900070501,,BMNC2,2010-10-01 00:00,2100-01-01 00:00,SNTL
349,Black Pine,MT,Granite,7170.0,46.414,-113.43095,170102020203,,BLKM8,1965-10-01 00:00,2100-01-01 00:00,SNTL
1119,Blackhall Mtn,WY,Carbon,9830.0,41.05623,-106.714,101800020504,,BLHW4,2009-08-07 00:00,2100-01-01 00:00,SNTL
1162,Blacks Fork Jct,UT,Summit,8880.0,40.95814,-110.5828,140401070303,,BLJU1,2010-09-30 00:00,2100-01-01 00:00,SNTL
1144,Blacktail Mtn,MT,Flathead,5660.0,47.98317,-114.35443,170102080302,,BLTM8,2010-08-25 00:00,2100-01-01 00:00,SNTL
350,Blackwater,WY,Park,9840.0,44.37667,-109.79333,100800120209,,BLWW4,1979-10-01 00:00,2100-01-01 00:00,SNTL
351,Blazed Alder,OR,Clackamas,3660.0,45.4287,-121.85605,170800010102,,BLAO3,1979-10-01 00:00,2100-01-01 00:00,SNTL
352,Blewett Pass,WA,Chelan,4240.0,47.35037,-120.6796,170200110501,,BPAW1,1979-10-01 00:00,2100-01-01 00:00,SNTL
353,Blind Bull Sum,WY,Sublette,8880.0,42.96413,-110.60992,140401010402,,BBSW4,1978-10-01 00:00,2100-01-01 00:00,SNTL
354,Blind Park,SD,Pennington,6900.0,44.10772,-103.97688,101201100104,,BLPS2,1989-10-01 00:00,2100-01-01 00:00,SNTL
355,Bloody Dick,MT,Beaverhead,7570.0,45.16507,-113.50099,100200011002,,BLOM8,1976-10-01 00:00,2100-01-01 00:00,SNTL
356,Blue Lakes,CA,Alpine,8060.0,38.60801,-119.92455,180400120101,,BLAC1,1980-10-01 00:00,2100-01-01 00:00,SNTL
357,Blue Mountain Spring,OR,Grant,5880.0,44.24767,-118.51722,170501160104,,BLPO3,1978-10-01 00:00,2100-01-01 00:00,SNTL
1278,Bobs Hollow,UT,Millard,9320.0,38.94569,-112.15349,160300051401,,,2016-10-06 00:00,2100-01-01 00:00,SNTL
978,Bogus Basin,ID,Boise,6370.0,43.76377,-116.09685,170501220201,,BOGI1,1999-09-21 00:00,2100-01-01 00:00,SNTL
358,Bone Springs Div,WY,Sheridan,9340.0,44.67881,-107.5811,100800100102,,BSDW4,1978-10-01 00:00,2100-01-01 00:00,SNTL
359,Bostetter R.S.,ID,Cassia,7530.0,42.16442,-114.19272,170402120201,,BTRI1,1979-10-01 00:00,2100-01-01 00:00,SNTL
360,Boulder Mountain,MT,Meagher,7890.0,46.5596,-111.28973,100301030501,,BOMM8,1976-10-01 00:00,2100-01-01 00:00,SNTL
361,Bourne,OR,Baker,5850.0,44.83052,-118.18787,170502030101,,BORO3,1978-10-01 00:00,2100-01-01 00:00,SNTL
362,Bowman Springs,OR,Umatilla,4540.0,45.36428,-118.46715,170701030401,,BMSO3,1978-10-01 00:00,2100-01-01 00:00,SNTL
363,Box Canyon,MT,Park,6720.0,45.27178,-110.24899,100700020902,,BOXM8,1976-10-01 00:00,2100-01-01 00:00,SNTL
364,Box Creek,UT,Sevier,9850.0,38.50809,-112.01856,160300020106,,BXCU1,1979-08-04 00:00,2100-01-01 00:00,SNTL
1156,Box Springs,UT,Piute,9230.0,38.49746,-112.00779,160300020107,,SQUU1,2010-10-01 00:00,2100-01-01 00:00,SNTL
365,Brackett Creek,MT,Gallatin,7370.0,45.89107,-110.93851,100700030403,,BRCM8,1992-08-01 00:00,2100-01-01 00:00,SNTL
1154,Brian Head,UT,Iron,10040.0,37.67994,-112.85674,160300060201,,BRHU1,2011-10-01 00:00,2100-01-01 00:00,SNTL
366,Brighton,UT,Salt Lake,8790.0,40.59936,-111.58167,160202040201,,BRIU1,1986-09-24 00:00,2100-01-01 00:00,SNTL
1111,Bristlecone Trail,NV,Clark,8900.0,36.31575,-115.69543,150100150206,,BRSN2,2008-10-01 00:00,2100-01-01 00:00,SNTL
367,Brooklyn Lake,WY,Albany,10250.0,41.36038,-106.23038,101800100502,,BKLW4,1962-10-01 00:00,2100-01-01 00:00,SNTL
368,Brown Duck,UT,Duchesne,10570.0,40.58102,-110.58587,140600030604,,BNDU1,1978-10-01 00:00,2100-01-01 00:00,SNTL
1080,Brown Top,WA,Whatcom,5840.0,48.92753,-121.19717,171100050601,,BRTW1,2009-09-15 00:00,2100-01-01 00:00,SNTL
369,Brumley,CO,Lake,10570.0,39.08758,-106.54231,110200010101,,BRMC2,1979-10-01 00:00,2100-01-01 00:00,SNTL
370,Brundage Reservoir,ID,Adams,6280.0,45.04315,-116.13253,170602100104,,BRRI1,1985-10-01 00:00,2100-01-01 00:00,SNTL
371,Buck Flat,UT,Sanpete,9410.0,39.134,-111.43722,140600090302,,BUFU1,1978-10-01 00:00,2100-01-01 00:00,SNTL
1192,Buck Pasture,UT,Summit,9620.0,40.84456,-110.66068,140401070301,,BCZU1,2011-11-23 00:00,2100-01-01 00:00,SNTL
1153,Buckboard Flat,UT,San Juan,8920.0,37.86943,-109.44717,140802030103,,BUCU1,2012-10-01 00:00,2100-01-01 00:00,SNTL
1107,Buckinghorse,WA,Jefferson,4860.0,47.7086,-123.45747,171100200501,,BKHW1,2008-06-19 00:00,2100-01-01 00:00,SNTL
938,Buckskin Joe,CO,Park,11160.0,39.30378,-106.11316,101900010102,,BUCC2,1998-08-10 00:00,2100-01-01 00:00,SNTL
373,Buckskin Lower,NV,Humboldt,6920.0,41.75067,-117.53182,160401090502,,BKLN2,1980-10-01 00:00,2100-01-01 00:00,SNTL
913,Buffalo Park,CO,Grand,9240.0,40.22838,-106.5962,140100010706,,BUFC2,1995-09-01 00:00,2100-01-01 00:00,SNTL
374,Bug Lake,UT,Rich,7980.0,41.68541,-111.41987,160102010102,,BULU1,1978-10-01 00:00,2100-01-01 00:00,SNTL
375,Bumping Ridge,WA,Yakima,4600.0,46.81003,-121.33058,170300020105,,BMPW1,1978-10-01 00:00,2100-01-01 00:00,SNTL
376,Bunchgrass Mdw,WA,Pend Oreille,5020.0,48.68688,-117.17633,170102160401,,BGMW1,1979-10-01 00:00,2100-01-01 00:00,SNTL
377,Burgess Junction,WY,Sheridan,7900.0,44.78765,-107.52917,100901010202,,BRJW4,1979-10-01 00:00,2100-01-01 00:00,SNTL
1051,Burnside Lake,CA,Alpine,8180.0,38.71943,-119.8942,160502010107,,BSKC1,2003-10-01 00:00,2100-01-01 00:00,SNTL
942,Burnt Mountain,WA,Pierce,4160.0,47.0444,-121.94032,171100140103,,BUSW1,1999-07-01 00:00,2100-01-01 00:00,SNTL
981,Burnt Mtn,MT,Carbon,5920.0,45.2401,-109.45961,100700060802,,BMTM8,2000-09-30 00:00,2100-01-01 00:00,SNTL
378,Burro Mountain,CO,Rio Blanco,9290.0,39.87504,-107.59902,140500050302,,BURC2,1978-10-01 00:00,2100-01-01 00:00,SNTL
379,Burroughs Creek,WY,Fremont,8760.0,43.69733,-109.67021,100800010102,,BRCW4,1978-10-01 00:00,2100-01-01 00:00,SNTL
1135,Burts Miller Ranch,UT,Summit,7900.0,40.98492,-110.85075,160101010105,,MRHU1,2009-10-01 00:00,2100-01-01 00:00,SNTL
380,Butte,CO,Gunnison,10190.0,38.89435,-106.95327,140200010206,,BUTC2,1979-10-01 00:00,2100-01-01 00:00,SNTL
1109,Calamity,WA,Skamania,2510.0,45.90362,-122.21633,170800020603,,CLJW1,2008-08-21 00:00,2100-01-01 00:00,SNTL
381,Calvert Creek,MT,Deer Lodge,6410.0,45.8838,-113.32553,100200040801,,CLVM8,1974-10-01 00:00,2100-01-01 00:00,SNTL
382,Camas Creek Divide,ID,Elmore,5720.0,43.26548,-115.3453,170402200101,,CCDI1,1991-10-01 00:00,2100-01-01 00:00,SNTL
383,Camp Jackson,UT,San Juan,8840.0,37.81333,-109.48723,140802010301,,CJSU1,1985-10-01 00:00,2100-01-01 00:00,SNTL
384,Canyon,WY,Park,7870.0,44.71961,-110.51084,100700010705,,CANW4,1960-10-01 00:00,2100-01-01 00:00,SNTL
385,Carrot Basin,MT,Gallatin,9200.0,44.96192,-111.29403,100200080105,,CRRM8,1966-10-01 00:00,2100-01-01 00:00,SNTL
1067,Carson Pass,CA,Alpine,8360.0,38.6927,-120.0022,180201290101,,CXSC1,2004-10-01 00:00,2100-01-01 00:00,SNTL
386,Cascade,CO,San Juan,8900.0,37.65083,-107.80602,140801040201,,CSCC2,1978-10-01 00:00,2022-10-01 00:00,SNTL
387,Cascade #2,CO,San Juan,8990.0,37.65751,-107.80287,140801040201,,CADC2,1990-09-30 00:00,2100-01-01 00:00,SNTL
1039,Cascade Mountain,UT,Utah,7750.0,40.283,-111.60992,160202030505,,CAMU1,2002-10-17 00:00,2100-01-01 00:00,SNTL
388,Cascade Summit,OR,Deschutes,5100.0,43.59042,-122.0601,170900010301,,CSTO3,1979-10-01 00:00,2100-01-01 00:00,SNTL
389,Casper Mtn.,WY,Natrona,7940.0,42.73362,-106.31789,101800070804,,CSPW4,1962-01-01 00:00,2100-01-01 00:00,SNTL
1130,Castle Creek,WY,Fremont,8410.0,43.6748,-109.3774,100800010401,,CCSW4,2010-08-18 00:00,2100-01-01 00:00,SNTL
1326,Castle Peak,CO,Pitkin,11500.0,39.00074,-106.83912,140100040202,,CAPC2,2024-09-18 00:00,2100-01-01 00:00,SNTL
390,Castle Valley,UT,Iron,9610.0,37.66098,-112.74093,160300010201,,CVYU1,1980-06-21 00:00,2100-01-01 00:00,SNTL
1152,Cave Mountain,NV,White Pine,10580.0,39.16337,-114.6133,160600080402,,CAVN2,2011-10-01 00:00,2100-01-01 00:00,SNTL
1085,Cayuse Pass,WA,Pierce,5260.0,46.86956,-121.53434,171100140301,,CAYW1,2006-10-01 00:00,2100-01-01 00:00,SNTL
391,Cedar Pass,CA,Modoc,7060.0,41.58216,-120.30253,180200020603,,CDRC1,1977-10-01 00:00,2100-01-01 00:00,SNTL
1139,Chalender,AZ,Coconino,7020.0,35.26238,-112.06221,150602020305,,CDRA3,2009-05-15 00:00,2100-01-01 00:00,SNTL
392,Chalk Creek #1,UT,Summit,9160.0,40.85464,-111.04765,160201010301,,CHCU1,1978-10-01 00:00,2100-01-01 00:00,SNTL
393,Chalk Creek #2,UT,Summit,8200.0,40.88529,-111.06954,160201010301,,CCKU1,1978-10-01 00:00,2100-01-01 00:00,SNTL
394,Chamita,NM,Rio Arriba,8370.0,36.95606,-106.65723,130201020204,,CHAN5,1978-10-01 00:00,2100-01-01 00:00,SNTL
1101,Chapman Tunnel,CO,Pitkin,10090.0,39.2621,-106.62944,140100040504,,HAPC2,2007-09-01 00:00,2100-01-01 00:00,SNTL
395,Chemult Alternate,OR,Klamath,4850.0,43.22625,-121.80662,180102010201,,CHUO3,1979-10-01 00:00,2100-01-01 00:00,SNTL
1260,Chena Lakes,AK,Fairbanks North Star,500.0,64.75793,-147.21823,190803060901,,CLNA2,2020-08-20 00:00,2100-01-01 00:00,SNTL
396,Chepeta,UT,Duchesne,10490.0,40.77458,-110.0105,140600031202,,CWHU1,1980-07-16 00:00,2100-01-01 00:00,SNTL
1312,Chicago Ridge,MT,Sanders,5700.0,48.06224,-115.69748,170102131301,,CHIM8,2022-08-22 00:00,2100-01-01 00:00,SNTL
1093,Chisana,AK,Valdez-Cordova,3320.0,62.06947,-142.04919,190803010305,,CNAA2,2007-10-01 00:00,2100-01-01 00:00,SNTL
895,Chocolate Gulch,ID,Blaine,6310.0,43.7685,-114.41812,170402190301,,CHOI1,1992-10-01 00:00,2100-01-01 00:00,SNTL
1046,Cinnabar Park,WY,Albany,9670.0,41.23843,-106.23101,101800100503,,CINW4,1999-06-13 00:00,2100-01-01 00:00,SNTL
398,Clackamas Lake,OR,Clackamas,3400.0,45.09658,-121.75443,170900110301,,CLLO3,1979-10-01 00:00,2100-01-01 00:00,SNTL
983,Clayton Springs,UT,Garfield,10010.0,37.9725,-111.83355,160300020501,,CSPU1,2000-10-01 00:00,2100-01-01 00:00,SNTL
399,Clear Creek #1,UT,Utah,8960.0,39.86671,-111.28363,160202020102,,CLCU1,1978-01-01 00:00,2100-01-01 00:00,SNTL
400,Clear Creek #2,UT,Utah,7850.0,39.89275,-111.25154,160202020102,,CRKU1,1978-10-01 00:00,2100-01-01 00:00,SNTL
401,Clear Lake,OR,Wasco,3810.0,45.18832,-121.6916,170703060901,,CLKO3,1979-10-01 00:00,2100-01-01 00:00,SNTL
402,Cloud Peak Reservoir,WY,Johnson,9830.0,44.40328,-107.06074,100902060301,,CPKW4,1978-10-01 00:00,2100-01-01 00:00,SNTL
403,Clover Meadow,MT,Madison,8770.0,45.01788,-111.8456,100200070803,,CMDM8,1971-10-01 00:00,2100-01-01 00:00,SNTL
1059,Cochetopa Pass,CO,Saguache,10020.0,38.16273,-106.5988,130100040203,,CZSC2,2004-09-01 00:00,2100-01-01 00:00,SNTL
405,Cold Springs,WY,Fremont,9640.0,43.27676,-109.44585,100800010702,,COSW4,1980-10-01 00:00,2100-01-01 00:00,SNTL
406,Cold Springs Camp,OR,Klamath,5940.0,42.53305,-122.17683,180102030202,,CSCO3,1979-10-01 00:00,2100-01-01 00:00,SNTL
958,Coldfoot,AK,Yukon-Koyukuk,1070.0,67.25333,-150.183,190901010604,,COFA2,1994-10-01 00:00,2100-01-01 00:00,SNTL
982,Cole Canyon,WY,Crook,5930.0,44.48632,-104.41057,101202030302,,CLCW4,2000-06-01 00:00,2100-01-01 00:00,SNTL
407,Cole Creek,MT,Carbon,7910.0,45.19405,-109.34548,100700060801,,CLCM8,1960-10-01 00:00,2100-01-01 00:00,SNTL
1204,Columbia Basin,NV,Elko,6480.0,41.67167,-116.07033,170501050503,,CMBN2,2011-12-23 00:00,2100-01-01 00:00,SNTL
408,Columbine,CO,Jackson,9170.0,40.39591,-106.60437,101800010102,,COLC2,1978-10-01 00:00,2100-01-01 00:00,SNTL
409,Columbine Pass,CO,Montrose,9160.0,38.41819,-108.38313,140200050202,,CPSC2,1985-10-01 00:00,2100-01-01 00:00,SNTL
904,Columbus Basin,CO,La Plata,10780.0,37.44146,-108.02468,140801050101,,CMBC2,1994-08-30 00:00,2100-01-01 00:00,SNTL
410,Combination,MT,Granite,5620.0,46.46523,-113.39358,170102020401,,CMBM8,1965-10-01 00:00,2100-01-01 00:00,SNTL
411,Cool Creek,ID,Clearwater,6310.0,46.76361,-115.29528,170603070702,,COLI1,1983-10-01 00:00,2100-01-01 00:00,SNTL
959,Cooper Lake,AK,Kenai Peninsula,1150.0,60.39027,-149.6936,190203021205,,CORA2,1981-10-01 00:00,2100-01-01 00:00,SNTL
412,Copeland Lake,CO,Boulder,8570.0,40.20733,-105.5695,101900050202,,COPC2,1979-10-01 00:00,2100-01-01 00:00,SNTL
413,Copper Bottom,MT,Lewis and Clark,5200.0,47.05678,-112.595,170102030103,,COPM8,1978-10-01 00:00,2100-01-01 00:00,SNTL
414,Copper Camp,MT,Lewis and Clark,6980.0,47.08158,-112.72955,170102030103,,CPCM8,1978-10-01 00:00,2100-01-01 00:00,SNTL
415,Copper Mountain,CO,Summit,10500.0,39.48917,-106.17154,140100020302,,CPMC2,1978-10-01 00:00,2100-01-01 00:00,SNTL
1209,Corduroy Flat,NV,White Pine,8640.0,38.99651,-115.42478,160600121206,,CORN2,2011-12-23 09:00,2100-01-01 00:00,SNTL
416,Coronado Trail,AZ,Apache,8400.0,33.80418,-109.15352,150400040501,,CNDA3,1978-10-01 00:00,2100-01-01 00:00,SNTL
1236,Corral,UT,Carbon,8210.0,39.65795,-110.37906,140600070903,,CAOU1,2013-10-01 00:00,2100-01-01 00:00,SNTL
417,Corral Canyon,NV,Elko,8440.0,40.27551,-115.54017,160401030401,,COLN2,1978-10-01 00:00,2100-01-01 00:00,SNTL
418,Corral Pass,WA,Pierce,5810.0,47.01872,-121.46464,171100140307,,COPW1,1979-10-01 00:00,2100-01-01 00:00,SNTL
419,Cottonwood Creek,WY,Lincoln,7710.0,42.6459,-110.81482,170401050102,,CLWW4,1980-10-01 00:00,2100-01-01 00:00,SNTL
1306,Couch Summit,ID,Camas,6770.0,43.51762,-114.80214,170501130204,,COSI1,2021-10-07 00:00,2100-01-01 00:00,SNTL
420,Cougar Mountain,WA,King,3210.0,47.27666,-121.67138,171100130202,,CUMW1,1979-10-01 00:00,2100-01-01 00:00,SNTL
422,County Line,OR,Umatilla,4840.0,45.19107,-118.55015,170601040202,,COLO3,1979-10-01 00:00,2100-01-01 00:00,SNTL
423,Cozy Cove,ID,Valley,5410.0,44.28846,-115.65508,170501200403,,COZI1,1978-10-01 00:00,2100-01-01 00:00,SNTL
424,Crab Creek,ID,Clark,6870.0,44.437,-111.99384,170402140108,,CRBI1,1979-10-01 00:00,2100-01-01 00:00,SNTL
425,Crater Meadows,ID,Clearwater,5960.0,46.56394,-115.28903,170603070502,,CRAI1,1983-10-01 00:00,2100-01-01 00:00,SNTL
1010,Crazyman Flat,OR,Klamath,6190.0,42.6381,-120.94917,180102020101,,CZFO3,2001-09-01 00:00,2100-01-01 00:00,SNTL
1302,Creamers Field,AK,Fairbanks North Star,440.0,64.86534,-147.73617,190803060907,,SCFA2,2021-08-11 00:00,2100-01-01 00:00,SNTL
426,Crosho,CO,Rio Blanco,8960.0,40.16749,-107.05769,140500010106,,CRSC2,1985-10-01 00:00,2100-01-01 00:00,SNTL
1045,Crow Creek,WY,Albany,8320.0,41.22824,-105.38571,101900090104,,CRWW4,2003-08-01 00:00,2100-01-01 00:00,SNTL
977,Crowder Flat,CA,Modoc,5180.0,41.89318,-120.75202,180102040103,,CRWC1,1999-10-01 00:00,2100-01-01 00:00,SNTL
427,Crystal Lake,MT,Fergus,6130.0,46.78936,-109.51202,100401030204,,CRYM8,1967-09-01 00:00,2100-01-01 00:00,SNTL
428,Css Lab,CA,Nevada,6880.0,39.32565,-120.36807,180201250602,,CSSC1,1980-10-01 00:00,2100-01-01 00:00,SNTL
430,Culebra #2,CO,Costilla,10570.0,37.20939,-105.19988,130100020902,,CULC2,1978-10-01 00:00,2100-01-01 00:00,SNTL
431,Cumbres Trestle,CO,Conejos,10030.0,37.01877,-106.45275,130201020203,,CUMC2,1979-10-01 00:00,2100-01-01 00:00,SNTL
432,Currant Creek,UT,Wasatch,7920.0,40.35747,-111.08993,140600040401,,CUCU1,1978-10-01 00:00,2100-01-01 00:00,SNTL
1303,Dahl Creek,AK,Northwest Arctic,250.0,66.94517,-156.90318,190503021508,,DHLA2,2021-09-01 00:00,2100-01-01 00:00,SNTL
919,Daisy Peak,MT,Meagher,7590.0,46.66858,-110.33022,100402010106,,DAZM8,1977-09-01 00:00,2100-01-01 00:00,SNTL
433,Daly Creek,MT,Ravalli,5780.0,46.18367,-113.8533,170102050901,,DALM8,1966-10-01 00:00,2100-01-01 00:00,SNTL
434,Daly Lake,OR,Linn,3690.0,44.52147,-122.08718,170900060101,,DALO3,1978-10-01 00:00,2100-01-01 00:00,SNTL
435,Daniels-Strawberry,UT,Wasatch,8010.0,40.2953,-111.25677,140600040101,,DSTU1,1978-10-01 00:00,2100-01-01 00:00,SNTL
436,Darkhorse Lake,MT,Beaverhead,8930.0,45.17368,-113.5846,100200040301,,DHLM8,1977-08-01 00:00,2100-01-01 00:00,SNTL
437,Deadman Creek,MT,Meagher,6440.0,46.79279,-110.67545,100301030401,,DDMM8,1966-10-01 00:00,2100-01-01 00:00,SNTL
438,Deadman Hill,CO,Larimer,10240.0,40.80572,-105.77018,101900070502,,DDMC2,1978-10-01 00:00,2100-01-01 00:00,SNTL
439,Deadwood Summit,ID,Valley,6990.0,44.54492,-115.56386,170501200401,,DDSI1,1978-10-01 00:00,2100-01-01 00:00,SNTL
1319,Decline Creek,WA,Snohomish,4480.0,48.23594,-121.455,171100060403,,DCKW1,2018-11-21 00:00,2100-01-01 00:00,SNTL
923,Deer Park,WY,Fremont,9690.0,42.59076,-108.90273,100800030101,,DPKW4,1997-08-14 00:00,2100-01-01 00:00,SNTL
1345,Deer Pass,WA,Skagit,3360.0,48.3325,-121.72133,171100080103,,DRPW,2020-12-29 00:00,2100-01-01 00:00,SNTL
1210,Defiance Mines,NV,White Pine,9320.0,39.08527,-114.89977,160600081002,,DEFN2,2011-12-22 00:00,2100-01-01 00:00,SNTL
440,Derr.,OR,Wheeler,5850.0,44.4465,-119.93012,170703040401,,DERO3,1979-10-01 00:00,2100-01-01 00:00,SNTL
442,Diamond Lake,OR,Douglas,5280.0,43.18787,-122.14003,171003010204,,DIAO3,1979-10-01 00:00,2100-01-01 00:00,SNTL
443,Diamond Peak,NV,Eureka,8030.0,39.56361,-115.84421,160600051503,,DPKN2,1983-10-01 00:00,2100-01-01 00:00,SNTL
444,Dills Camp,UT,Sanpete,9240.0,39.04554,-111.46875,140700020201,,DCPU1,1978-10-01 00:00,2100-01-01 00:00,SNTL
445,Disaster Peak,NV,Humboldt,6260.0,41.96737,-118.18934,160402010201,,DSPN2,1980-10-01 00:00,2100-01-01 00:00,SNTL
446,Dismal Swamp,CA,Modoc,7370.0,41.99127,-120.18033,171200070304,,DMLC1,1979-10-01 00:00,2100-01-01 00:00,SNTL
448,Divide,MT,Madison,7770.0,44.79317,-112.05645,100200030102,,DIVM8,1971-01-01 00:00,2100-01-01 00:00,SNTL
449,Divide Peak,WY,Carbon,8700.0,41.30399,-107.15255,140500030203,,DVDW4,1979-10-01 00:00,2100-01-01 00:00,SNTL
450,Dollarhide Summit,ID,Blaine,8390.0,43.6025,-114.67417,170402190201,,DHDI1,1979-10-01 00:00,2100-01-01 00:00,SNTL
451,Dome Lake,WY,Sheridan,8890.0,44.57462,-107.29537,100901010102,,DMLW4,1978-10-01 00:00,2100-01-01 00:00,SNTL
452,Donkey Reservoir,UT,Wayne,9800.0,38.2084,-111.47412,140700030305,,DRSU1,1985-10-01 00:00,2100-01-01 00:00,SNTL
453,Dorsey Basin,NV,Elko,7900.0,40.89343,-115.21104,160401010604,,DRBN2,1978-10-01 00:00,2100-01-01 00:00,SNTL
454,Draw Creek,NV,Elko,7300.0,41.661,-115.3234,160401010403,,DRCN2,1983-10-01 00:00,2100-01-01 00:00,SNTL
455,Dry Bread Pond,UT,Cache,8290.0,41.41289,-111.5377,160102030101,,DBPU1,1978-10-01 00:00,2100-01-01 00:00,SNTL
1243,Dry Creek,NV,Elko,6560.0,40.8638,-115.22014,160401010601,,DRKN2,2013-10-01 00:00,2100-01-01 00:00,SNTL
906,Dry Fork,UT,Salt Lake,7190.0,40.56533,-112.17343,160202040106,,DRFU1,1994-10-01 00:00,2100-01-01 00:00,SNTL
457,Dry Lake,CO,Routt,8240.0,40.5337,-106.7814,140500010409,,DRLC2,1979-10-01 00:00,2100-01-01 00:00,SNTL
943,Dungeness,WA,Clallam,3990.0,47.8722,-123.07879,171100200301,,DGSW1,1998-10-01 00:00,2100-01-01 00:00,SNTL
458,Dupuyer Creek,MT,Teton,5740.0,48.06341,-112.7573,100302010501,,DPYM8,1982-10-01 00:00,2100-01-01 00:00,SNTL
960,Eagle Summit,AK,Yukon-Koyukuk,3630.0,65.48588,-145.41212,190804010801,,EAGA2,1997-10-01 00:00,2100-01-01 00:00,SNTL
1105,East Boulder Mine,MT,Sweet Grass,6310.0,45.50381,-110.08019,100700020701,,EBMM8,2008-06-19 00:00,2100-01-01 00:00,SNTL
953,East Palmer,AK,Matanuska-Susitna,240.0,61.59858,-149.09637,190204020709,,,2018-07-23 00:00,2023-11-12 12:00,SNTL
460,East Rim Divide,WY,Sublette,8010.0,43.13097,-110.2023,170401030203,,ERDW4,1984-10-01 00:00,2100-01-01 00:00,SNTL
461,East Willow Creek,UT,Grand,8310.0,39.31213,-109.53179,140600060205,,EWCU1,1986-08-06 00:00,2100-01-01 00:00,SNTL
998,Easy Pass,WA,Whatcom,5280.0,48.85933,-121.43895,171100010101,,EPSW1,2008-09-19 00:00,2100-01-01 00:00,SNTL
462,Ebbetts Pass,CA,Alpine,8660.0,38.5497,-119.80468,160502010104,,EBTC1,1978-10-01 00:00,2100-01-01 00:00,SNTL
936,Echo Lake,CO,Clear Creek,10660.0,39.65539,-105.59358,101900020801,,ECLC2,1998-08-10 00:00,2100-01-01 00:00,SNTL
463,Echo Peak,CA,El Dorado,7650.0,38.849,-120.0795,160501010303,,ECOC1,1980-10-01 00:00,2100-01-01 00:00,SNTL
1163,EF Blacks Fork GS,UT,Summit,9360.0,40.88472,-110.54056,140401070302,,EFBU1,2010-10-22 00:00,2100-01-01 00:00,SNTL
464,Eilertson Meadows,OR,Baker,5510.0,44.86887,-118.11387,170502030404,,EIMO3,1979-10-01 00:00,2100-01-01 00:00,SNTL
465,El Diente Peak,CO,Dolores,10210.0,37.78607,-108.02235,140300020202,,EDSC2,1985-10-01 00:00,2100-01-01 00:00,SNTL
910,Elbow Lake,WA,Whatcom,3050.0,48.69092,-121.90893,171100040401,,ELSW1,1995-08-24 00:00,2100-01-01 00:00,SNTL
466,Elk Butte,ID,Clearwater,5680.0,46.83998,-116.12233,170603080701,,ELBI1,1982-10-01 00:00,2100-01-01 00:00,SNTL
921,Elk Cabin,NM,Santa Fe,8210.0,35.7073,-105.80584,130202010102,,ELCN5,1996-10-01 00:00,2100-01-01 00:00,SNTL
1106,Elk Peak,MT,Meagher,7600.0,46.4845,-110.7125,100402010203,,WHSM8,2008-07-08 00:00,2023-07-11 00:00,SNTL
1316,Elk Peak Alt,MT,Meagher,7820.0,46.47617,-110.72148,100301030104,,,2023-07-13 00:00,2100-01-01 00:00,SNTL
1323,Elk Ridge,UT,San Juan,8540.0,37.82308,-109.77156,140802010402,,,2024-10-01 00:00,2100-01-01 00:00,SNTL
467,Elk River,CO,Routt,8710.0,40.84758,-106.96861,140500010206,,ELKC2,1978-10-01 00:00,2100-01-01 00:00,SNTL
468,Elkhart Park G.S.,WY,Sublette,9410.0,43.00657,-109.75893,140401020103,,EKPW4,1963-10-01 00:00,2100-01-01 00:00,SNTL
1252,Elkhead Divide,CO,Routt,8780.0,40.79637,-107.10113,140500010601,,EKDC2,2016-09-01 00:00,2100-01-01 00:00,SNTL
1120,Elliot Ridge,CO,Summit,10550.0,39.8638,-106.42473,140100020602,,ELRC2,2009-08-07 00:00,2100-01-01 00:00,SNTL
1332,Elmendorf Field,AK,Anchorage,170.0,61.24777,-149.82331,190204010404,,EDFA2,2024-10-09 00:00,2100-01-01 00:00,SNTL
1325,Elwood Pass,CO,Rio Grande,11680.0,37.40563,-106.64136,130100020302,,,2024-08-26 00:00,2100-01-01 00:00,SNTL
469,Emery Creek,MT,Flathead,4340.0,48.43412,-113.93725,170102090703,,EMCM8,1975-10-01 00:00,2100-01-01 00:00,SNTL
470,Emigrant Springs,OR,Umatilla,3780.0,45.55808,-118.45385,170701030501,,ESPO3,1979-10-01 00:00,2100-01-01 00:00,SNTL
471,Emigrant Summit,ID,Bear Lake,7390.0,42.36055,-111.56085,160102020206,,EMSI1,1979-10-01 00:00,2100-01-01 00:00,SNTL
1071,Esther Island,AK,Valdez-Cordova,50.0,60.798,-148.0857,190202011605,,ESIA2,2004-10-01 00:00,2100-01-01 00:00,SNTL
472,Evening Star,WY,Park,9040.0,44.65258,-109.78422,100700060301,,EVNW4,1979-10-01 00:00,2100-01-01 00:00,SNTL
1092,Exit Glacier,AK,Kenai Peninsula,360.0,60.18957,-149.6228,190202020508,,EXGA2,2011-07-05 00:00,2100-01-01 00:00,SNTL
1174,Fairbanks F.O.,AK,Fairbanks North Star,440.0,64.86018,-147.78888,190803060907,,FOFA2,1981-10-01 00:00,2020-09-28 11:00,SNTL
473,Fallen Leaf,CA,El Dorado,6250.0,38.93403,-120.0545,160501010401,,FLFC1,1979-10-01 00:00,2100-01-01 00:00,SNTL
474,Farmington,UT,Davis,7920.0,40.97462,-111.80975,160201020502,,FMNU1,1978-10-01 00:00,2100-01-01 00:00,SNTL
1054,Farmington Lower,UT,Davis,6850.0,40.992,-111.81702,160201020502,,FARU1,2003-11-20 00:00,2100-01-01 00:00,SNTL
475,Farnsworth Lake,UT,Sevier,9620.0,38.77246,-111.67662,160300030405,,FRLU1,1980-07-24 00:00,2100-01-01 00:00,SNTL
476,Fawn Creek,NV,Elko,7040.0,41.82098,-116.10153,170501040304,,FWCN2,1980-10-01 00:00,2100-01-01 00:00,SNTL
1268,Fielding Lake,AK,Valdez-Cordova,3000.0,63.2026,-145.63442,190803040302,,FLDA2,2014-08-07 00:00,2100-01-01 00:00,SNTL
1314,Fifteenmile,OR,Hood River,5970.0,45.35265,-121.53,170701050503,,FFMO3,2022-09-21 00:00,2100-01-01 00:00,SNTL
1305,Fish Ck,ID,Blaine,6380.0,43.55545,-113.71931,170402210401,,FSHI1,2021-09-29 00:00,2100-01-01 00:00,SNTL
477,Fish Creek,OR,Harney,7710.0,42.70993,-118.63219,171200030107,,FCKO3,1978-10-01 00:00,2100-01-01 00:00,SNTL
478,Fish Lake,WA,Kittitas,3430.0,47.53565,-121.08553,170300010102,,FISW1,1979-10-01 00:00,2100-01-01 00:00,SNTL
1149,Fish Lake Utah,UT,Sevier,8790.0,38.50455,-111.76693,140700030108,,FLSU1,2010-10-01 00:00,2100-01-01 00:00,SNTL
479,Fish Lk.,OR,Jackson,4660.0,42.3801,-122.34943,171003070801,,FISO3,1979-10-01 00:00,2100-01-01 00:00,SNTL
480,Fisher Creek,MT,Park,9110.0,45.06235,-109.94488,100700060202,,FSHM8,1966-10-01 00:00,2100-01-01 00:00,SNTL
481,Five Points Lake,UT,Duchesne,10920.0,40.71785,-110.46721,140600030701,,FPLU1,1980-08-14 00:00,2100-01-01 00:00,SNTL
482,Flattop Mtn.,MT,Flathead,6290.0,48.80225,-113.85713,170102070501,,FTMM8,1969-10-01 00:00,2100-01-01 00:00,SNTL
1285,Flower Mountain,AK,Haines,2540.0,59.39617,-136.28123,190103031206,,FLOA2,2017-08-10 00:00,2100-01-01 00:00,SNTL
1186,Fool Creek,CO,Grand,11130.0,39.86866,-105.86765,140100010203,,FCVC2,2011-07-28 00:00,2100-01-01 00:00,SNTL
1049,Forestdale Creek,CA,Alpine,8050.0,38.68245,-119.9597,160502010301,,FDCC1,2003-10-01 00:00,2100-01-01 00:00,SNTL
1121,Fort Valley,AZ,Coconino,7360.0,35.26773,-111.74479,150200150102,,FRVA3,2008-06-26 00:00,2100-01-01 00:00,SNTL
961,Fort Yukon,AK,Yukon-Koyukuk,440.0,66.5705,-145.24553,190705062100,,FYNA2,1992-10-01 00:00,2100-01-01 00:00,SNTL
483,Fourmile Lake,OR,Klamath,5970.0,42.43933,-122.2288,180102030202,,FRLO3,1978-10-01 00:00,2100-01-01 00:00,SNTL
484,Franklin Basin,ID,Franklin,8140.0,42.0505,-111.6012,160102020501,,FBNI1,1978-10-01 00:00,2100-01-01 00:00,SNTL
1277,Fredonyer Peak,CA,Lassen,7220.0,40.68799,-120.60805,180800030304,,FPKC1,2016-10-07 00:00,2100-01-01 00:00,SNTL
485,Fremont Pass,CO,Summit,11310.0,39.38014,-106.19784,140100020301,,FMTC2,1979-10-01 00:00,2100-01-01 00:00,SNTL
486,Frisco Divide,NM,Catron,8010.0,33.73687,-108.94327,150400040303,,FRDN5,1971-10-01 00:00,2100-01-01 00:00,SNTL
487,Frohner Meadow,MT,Jefferson,6520.0,46.43545,-112.19277,100301011305,,FRHM8,1967-10-01 00:00,2100-01-01 00:00,SNTL
641,Frostbite Bottom,AK,Matanuska-Susitna,2690.0,61.74699,-149.26769,190205051202,,FBBA2,2019-02-07 00:00,2100-01-01 00:00,SNTL
488,Fry,AZ,Coconino,7220.0,35.07356,-111.84477,150602020501,,FRYA3,1978-10-01 00:00,2100-01-01 00:00,SNTL
1262,Fry Canyon,NV,Elko,6790.0,41.58008,-115.9364,160401020101,,FRYN2,2014-10-08 00:00,2100-01-01 00:00,SNTL
489,Galena,ID,Blaine,7470.0,43.87722,-114.6725,170402190101,,GLNI1,1979-10-01 00:00,2100-01-01 00:00,SNTL
429,Galena AK,AK,Yukon-Koyukuk,340.0,64.69662,-156.71497,190902051104,,GANA2,2018-08-16 00:00,2100-01-01 00:00,SNTL
490,Galena Summit,ID,Blaine,8780.0,43.87497,-114.71363,170402190101,,GLSI1,1978-10-01 00:00,2100-01-01 00:00,SNTL
491,Gallegos Peak,NM,Taos,9460.0,36.19418,-105.55742,130201010502,,GLGN5,1979-10-01 00:00,2100-01-01 00:00,SNTL
1114,Garden City Summit,UT,Cache,7680.0,41.9215,-111.4693,160102010106,,GDSU1,2009-10-01 00:00,2100-01-01 00:00,SNTL
1066,Gardner Peak,UT,Washington,8320.0,37.40083,-113.45988,150100080701,,GAPU1,2004-10-01 00:00,2100-01-01 00:00,SNTL
492,Garfield R.S.,ID,Blaine,6580.0,43.6104,-113.9308,170402210301,,GARI1,1979-10-01 00:00,2100-01-01 00:00,SNTL
1173,Garita Peak,NM,Rio Arriba,10100.0,36.00469,-106.54805,130202020201,,GAPN5,2016-09-23 00:00,2100-01-01 00:00,SNTL
918,Garver Creek,MT,Lincoln,4250.0,48.97523,-115.81915,170101030202,,GVRM8,1968-10-01 00:00,2100-01-01 00:00,SNTL
1221,GBRC HQ,UT,Sanpete,8800.0,39.32019,-111.48827,160300040307,,GBZU1,2012-10-01 00:00,2100-01-01 00:00,SNTL
1222,GBRC Meadows,UT,Sanpete,9850.0,39.30229,-111.45383,160300040307,,GBMU1,2012-10-01 00:00,2100-01-01 00:00,SNTL
1151,George Creek,UT,Box Elder,8960.0,41.91562,-113.41154,170402100401,,GECU1,2010-10-01 00:00,2100-01-01 00:00,SNTL
945,Gerber Reservoir,OR,Klamath,4880.0,42.2062,-121.1334,180102040508,,GSTO3,1998-10-01 00:00,2100-01-01 00:00,SNTL
493,Giveout,ID,Bear Lake,6940.0,42.4132,-111.1663,160102010401,,GIVI1,1979-10-01 00:00,2100-01-01 00:00,SNTL
1057,Glen Cove,CO,Teller,11410.0,38.87602,-105.07605,110200030201,,GLNC2,2004-08-01 00:00,2100-01-01 00:00,SNTL
962,Gobblers Knob,AK,Yukon-Koyukuk,2040.0,66.745,-150.6675,190901020403,,GOBA2,1996-10-01 00:00,2100-01-01 00:00,SNTL
1195,Golconda,NV,Humboldt,6630.0,40.88358,-117.58812,160401080102,,GLCN2,2011-10-01 00:00,2100-01-01 00:00,SNTL
1159,Gold Axe Camp,WA,Okanogan,5380.0,48.9516,-118.9864,170200021204,,GAXW1,2010-10-01 00:00,2100-01-01 00:00,SNTL
1304,Gold Basin,UT,San Juan,10070.0,38.46516,-109.26332,140300050401,,GDBU1,2021-09-01 00:00,2100-01-01 00:00,SNTL
494,Gold Center,OR,Grant,5400.0,44.7638,-118.3117,170702020202,,GLDO3,1979-10-01 00:00,2100-01-01 00:00,SNTL
1256,Gold Mountain,WA,Ferry,4500.0,48.19253,-118.45715,170200011703,,GLDW1,2010-10-08 00:00,2100-01-01 00:00,SNTL
495,Gooseberry RS,UT,Sevier,7930.0,38.80034,-111.68333,160300030405,,GOOU1,1979-06-27 00:00,2100-01-01 00:00,SNTL
1184,Gooseberry RS Up,UT,Sevier,8400.0,38.7882,-111.68892,160300030405,,GOUU1,2011-10-01 00:00,2100-01-01 00:00,SNTL
496,Graham Guard Sta.,ID,Elmore,5680.0,43.9538,-115.27387,170501110303,,GGSI1,1978-10-01 00:00,2100-01-01 00:00,SNTL
1082,Grand Targhee,WY,Teton,9260.0,43.77933,-110.92783,170402040202,,GTHW4,2006-08-21 00:00,2100-01-01 00:00,SNTL
956,Grandview,AK,Kenai Peninsula,1070.0,60.60832,-149.06313,190203021001,,GRVA2,1982-10-01 00:00,2100-01-01 00:00,SNTL
497,Granite Creek,WY,Teton,6770.0,43.34298,-110.43495,170401030304,,GRCW4,1987-10-01 00:00,2100-01-01 00:00,SNTL
963,Granite Crk,AK,Southeast Fairbanks,1250.0,63.94382,-145.39993,190803031306,,GCKA2,1985-11-01 00:00,2100-01-01 00:00,SNTL
498,Granite Peak,NV,Humboldt,8500.0,41.67032,-117.56668,160401090601,,GRPN2,1980-10-01 00:00,2100-01-01 00:00,SNTL
499,Grassy Lake,WY,Teton,7330.0,44.12602,-110.83429,170402030202,,GRSW4,1962-09-01 00:00,2100-01-01 00:00,SNTL
500,Grave Creek,MT,Flathead,4350.0,48.91453,-114.76663,170101010801,,GRCM8,1968-10-01 00:00,2100-01-01 00:00,SNTL
501,Grave Springs,WY,Natrona,8560.0,43.46643,-107.23977,100902010103,,GVSW4,1991-10-01 00:00,2100-01-01 00:00,SNTL
1058,Grayback,CO,Rio Grande,11620.0,37.47051,-106.5379,130100020101,,GYBC2,2004-09-01 00:00,2100-01-01 00:00,SNTL
502,Green Lake,WA,Yakima,5930.0,46.54741,-121.17093,170300030101,,GRLW1,1981-10-01 00:00,2100-01-01 00:00,SNTL
503,Green Mountain,NV,Elko,8180.0,40.3848,-115.52757,160401030401,,GRMN2,1980-10-01 00:00,2100-01-01 00:00,SNTL
504,Greenpoint,OR,Hood River,3320.0,45.62237,-121.70415,170701050603,,GRPO3,1978-10-01 00:00,2100-01-01 00:00,SNTL
505,Grizzly Peak,CO,Summit,11110.0,39.64646,-105.8694,140100020201,,GZPC2,1979-10-01 00:00,2100-01-01 00:00,SNTL
506,Gros Ventre Summit,WY,Teton,8760.0,43.38939,-110.12943,170401020203,,GRVW4,1976-04-01 00:00,2100-01-01 00:00,SNTL
507,Grouse Camp,WA,Kittitas,5390.0,47.28107,-120.48771,170300010401,,GRCW1,1979-10-01 00:00,2100-01-01 00:00,SNTL
964,Grouse Creek Divide,AK,Kenai Peninsula,720.0,60.25965,-149.34228,190203020902,,GCRA2,1988-10-01 00:00,2100-01-01 00:00,SNTL
2222,Gulkana River,AK,Valdez-Cordova,1830.0,62.40962,-145.37513,190201020604,,GSNA2,2018-06-16 00:00,2100-01-01 00:00,SNTL
944,Gunsight Pass,WY,Sublette,9830.0,43.38332,-109.87815,170401020102,,GUNW4,1998-09-01 00:00,2100-01-01 00:00,SNTL
1065,Gutz Peak,UT,Washington,6800.0,37.49617,-113.94235,150100100101,,GTZU1,2004-10-01 00:00,2100-01-01 00:00,SNTL
508,Hagans Meadow,CA,El Dorado,7740.0,38.8519,-119.9374,160501010302,,HGNC1,1978-10-01 00:00,2100-01-01 00:00,SNTL
509,Hams Fork,WY,Lincoln,7870.0,42.146,-110.67833,140401070504,,HMKW4,1984-10-01 00:00,2100-01-01 00:00,SNTL
510,Hand Creek,MT,Flathead,5040.0,48.30754,-114.84075,170102100304,,HANM8,1976-10-01 00:00,2100-01-01 00:00,SNTL
511,Hannagan Meadows,AZ,Greenlee,9030.0,33.65352,-109.30877,150601010107,,HNMA3,1956-10-01 00:00,2100-01-01 00:00,SNTL
512,Hansen Sawmill,WY,Johnson,8360.0,44.25602,-106.97983,100902060101,,HNSW4,1979-10-01 00:00,2100-01-01 00:00,SNTL
969,Happy Jack,AZ,Coconino,7520.0,34.74594,-111.41219,150602020604,,XHJA3,1999-06-01 00:00,2100-01-01 00:00,SNTL
896,Hardscrabble,UT,Morgan,7270.0,40.86833,-111.71865,160201020105,,HARU1,1993-10-01 00:00,2100-01-01 00:00,SNTL
514,Harris Flat,UT,Kane,7800.0,37.48997,-112.57602,160300010104,,HRSU1,1979-08-04 00:00,2100-01-01 00:00,SNTL
515,Harts Pass,WA,Okanogan,6490.0,48.72047,-120.6586,171100050501,,HRPW1,1979-10-01 00:00,2100-01-01 00:00,SNTL
516,Hawkins Lake,MT,Lincoln,6460.0,48.9724,-115.95344,170101050201,,HAWM8,1968-10-01 00:00,2100-01-01 00:00,SNTL
1271,Hawley Lake,AZ,Apache,8290.0,33.97121,-109.76531,150601020106,,HAWA3,2015-09-18 00:00,2100-01-01 00:00,SNTL
517,Hayden Fork,UT,Summit,9160.0,40.79669,-110.88472,160101010101,,HFKU1,1978-10-01 00:00,2100-01-01 00:00,SNTL
1102,Hayden Pass,CO,Saguache,10700.0,38.29303,-105.85027,130100030301,,HPAC2,2007-08-28 00:00,2100-01-01 00:00,SNTL
518,Heavenly Valley,CA,El Dorado,8540.0,38.92431,-119.91641,160501010302,,HVNC1,1978-10-01 00:00,2100-01-01 00:00,SNTL
519,Heber,AZ,Coconino,7650.0,34.31254,-110.75433,150200100201,,HBEA3,1953-10-01 00:00,2100-01-01 00:00,SNTL
1270,Heen Latinee,AK,Juneau,2100.0,58.69652,-134.86448,190103010401,,DCSA2,2015-10-02 13:00,2100-01-01 00:00,SNTL
520,Hemlock Butte,ID,Clearwater,5800.0,46.48111,-115.63361,170603070601,,HEMI1,1982-10-01 00:00,2100-01-01 00:00,SNTL
521,Hewinta,UT,Summit,9510.0,40.95009,-110.48419,140401070203,,HEWU1,1985-09-19 00:00,2100-01-01 00:00,SNTL
522,Hickerson Park,UT,Daggett,9130.0,40.90663,-109.96287,140401060501,,HPSU1,1985-09-17 00:00,2100-01-01 00:00,SNTL
988,Hidden Lake,ID,Boundary,5000.0,48.89368,-116.75743,170101040502,,HDLI1,2000-09-20 00:00,2100-01-01 00:00,SNTL
1187,High Lonesome,CO,Grand,10630.0,40.0359,-105.75472,140100010205,,HLNC2,2011-07-28 00:00,2100-01-01 00:00,SNTL
523,High Ridge,OR,Umatilla,4900.0,45.69682,-118.10657,170701030103,,HIRO3,1978-10-01 00:00,2100-01-01 00:00,SNTL
524,Hilts Creek,ID,Custer,8090.0,44.01896,-113.47242,170402170401,,HLTI1,1979-10-01 00:00,2100-01-01 00:00,SNTL
1223,Hobble Creek,UT,Utah,7360.0,40.18538,-111.35971,160202020304,,HOBU1,2012-10-01 00:00,2100-01-01 00:00,SNTL
525,Hobbs Park,WY,Fremont,10080.0,42.86984,-109.09455,100800030207,,HBBW4,1978-10-01 00:00,2100-01-01 00:00,SNTL
526,Hogg Pass,OR,Linn,4800.0,44.42042,-121.85655,170900040201,,HOPO3,1978-10-01 00:00,2100-01-01 00:00,SNTL
527,Hole-in-Mountain,NV,Elko,8170.0,40.94168,-115.0954,160600071602,,HIMN2,1981-10-01 00:00,2100-01-01 00:00,SNTL
528,Hole-in-Rock,UT,Summit,9170.0,40.92167,-110.18623,140401060205,,HIRU1,1985-09-18 00:00,2100-01-01 00:00,SNTL
529,Holland Meadows,OR,Lane,4930.0,43.66917,-122.56877,170900020201,,HLMO3,1979-10-01 00:00,2100-01-01 00:00,SNTL
530,Hoodoo Basin,MT,Mineral,6060.0,46.97511,-115.03486,170102040607,,HOOM8,1966-10-01 00:00,2100-01-01 00:00,SNTL
1318,Hoonah,AK,Hoonah-Angoon,1520.0,58.12411,-135.413,190102110906,,HOSA2,2023-10-19 00:00,2100-01-01 00:00,SNTL
531,Hoosier Pass,CO,Summit,11600.0,39.36092,-106.05999,101900010102,,HOOC2,1979-10-01 00:00,2100-01-01 00:00,SNTL
532,Hopewell,NM,Rio Arriba,10080.0,36.71632,-106.2637,130201021401,,HPWN5,1978-10-01 00:00,2100-01-01 00:00,SNTL
1050,Horse Meadow,CA,Alpine,8580.0,38.83652,-119.88732,160502010302,,HORC1,2003-10-10 00:00,2100-01-01 00:00,SNTL
533,Horse Ridge,UT,Morgan,8210.0,41.31372,-111.44624,160201010601,,HRGU1,1978-10-01 00:00,2100-01-01 00:00,SNTL
1122,Hourglass Lake,CO,Larimer,9380.0,40.57717,-105.62584,101900070101,,HRLC2,2008-10-01 00:00,2100-01-01 00:00,SNTL
1158,Howard Prairie,OR,Jackson,4580.0,42.215,-122.3713,180102060401,,HOWO3,2012-09-26 00:00,2100-01-01 00:00,SNTL
534,Howell Canyon,ID,Cassia,8010.0,42.32029,-113.61587,170402090602,,HWCI1,1978-10-01 00:00,2100-01-01 00:00,SNTL
2210,Hozatka Lake,AK,Yukon-Koyukuk,220.0,65.19405,-156.64113,190901091201,,HZLA2,2014-08-04 00:00,2100-01-01 00:00,SNTL
991,Hozomeen Camp,WA,Whatcom,1680.0,48.98075,-121.07976,171100050602,,HZOW1,2000-10-01 00:00,2100-01-01 00:00,SNTL
928,Huckleberry Creek,WA,Pierce,2250.0,47.06565,-121.58778,171100140307,,HKSW1,1997-10-01 00:00,2100-01-01 00:00,SNTL
535,Humboldt Gulch,ID,Shoshone,4260.0,47.53178,-115.77643,170103020102,,HUGI1,1978-10-01 00:00,2100-01-01 00:00,SNTL
1216,Huntington Horse,UT,Sanpete,9650.0,39.61774,-111.30576,140600070201,,HNHU1,2012-10-01 00:00,2100-01-01 00:00,SNTL
537,Hyndman,ID,Blaine,7590.0,43.71077,-114.15894,170402190402,,HYNI1,1979-10-01 00:00,2100-01-01 00:00,SNTL
538,Idarado,CO,Ouray,9780.0,37.93389,-107.6762,140200060201,,IDRC2,1979-10-01 00:00,2100-01-01 00:00,SNTL
968,Imnaviat Creek,AK,North Slope,3060.0,68.61652,-149.3033,190604010702,,TOOA2,1980-10-01 00:00,2100-01-01 00:00,SNTL
539,Independence Camp,CA,Sierra,6970.0,39.45269,-120.29367,160501020102,,ICPC1,1978-10-01 00:00,2100-01-01 00:00,SNTL
540,Independence Creek,CA,Sierra,6440.0,39.49001,-120.28226,160501020102,,ICKC1,1980-10-01 00:00,2100-01-01 00:00,SNTL
541,Independence Lake,CA,Nevada,8340.0,39.42752,-120.31342,160501020104,,ILKC1,1978-10-01 00:00,2100-01-01 00:00,SNTL
1091,Independence Mine,AK,Matanuska-Susitna,3450.0,61.79001,-149.2839,190205051202,,HATA2,1997-10-01 00:00,2100-01-01 00:00,SNTL
542,Independence Pass,CO,Pitkin,10570.0,39.07543,-106.61154,140100040101,,IDPC2,1979-10-01 00:00,2100-01-01 00:00,SNTL
544,Indian Creek,WY,Lincoln,9400.0,42.30023,-110.67753,140401070502,,INCW4,1979-10-01 00:00,2100-01-01 00:00,SNTL
946,Indian Pass,AK,Anchorage,2400.0,61.06577,-149.48543,190204010402,,INPA2,1978-10-01 00:00,2100-01-01 00:00,SNTL
1129,Indian Rock,WA,Klickitat,5310.0,45.99077,-120.80768,170701060301,,IRKW1,2008-10-01 00:00,2100-01-01 00:00,SNTL
545,Irish Taylor,OR,Deschutes,5540.0,43.80368,-121.94793,170703010106,,BEDO3,1978-10-01 00:00,2100-01-01 00:00,SNTL
546,Island Park,ID,Fremont,6300.0,44.4203,-111.38512,170402020601,,ISPI1,1979-10-01 00:00,2100-01-01 00:00,SNTL
547,Ivanhoe,CO,Pitkin,10540.0,39.29228,-106.54907,140100040501,,IVHC2,1991-10-01 00:00,2100-01-01 00:00,SNTL
548,Jack Creek Upper,NV,Elko,7380.0,41.54675,-116.00517,170501050201,,JCUN2,1978-10-01 00:00,2100-01-01 00:00,SNTL
1275,Jack Wade Jct,AK,Southeast Fairbanks,3660.0,64.14797,-141.32985,190705022204,,JWJA2,2015-10-01 00:00,2100-01-01 00:00,SNTL
549,Jacks Peak,NV,Elko,8440.0,41.5136,-116.0117,170501050201,,JAPN2,1981-10-01 00:00,2100-01-01 00:00,SNTL
550,Jackson Peak,ID,Boise,7060.0,44.05092,-115.44322,170501200304,,JKPI1,1979-10-01 00:00,2100-01-01 00:00,SNTL
935,Jackwhacker Gulch,CO,Clear Creek,11030.0,39.57096,-105.80355,101900020201,,JWGC2,1998-08-01 00:00,2100-01-01 00:00,SNTL
1211,Jakes Creek,NV,Elko,7380.0,41.5687,-115.03243,170402130308,,JAKN2,2011-12-23 00:00,2100-01-01 00:00,SNTL
1287,JL Meadow,MT,Beaverhead,8750.0,44.77665,-113.12217,100200011202,,JLMM8,2017-10-13 00:00,2100-01-01 00:00,SNTL
551,Joe Wright,CO,Larimer,10140.0,40.53285,-105.88747,101900070204,,JWRC2,1978-10-01 00:00,2100-01-01 00:00,SNTL
1036,Johnsons Camp,AK,Nome,10.0,64.5646,-164.29257,190501042003,,JCPA2,2000-10-01 00:00,2100-01-01 00:00,SNTL
1099,Jones Corral,UT,Garfield,9710.0,38.07125,-112.16788,160300020507,,JCRU1,2007-10-01 00:00,2100-01-01 00:00,SNTL
970,Jones Pass,CO,Grand,10420.0,39.7645,-105.90655,140100010402,,JNPC2,1999-09-30 00:00,2100-01-01 00:00,SNTL
552,Jump Off Joe,OR,Linn,3530.0,44.38605,-122.16683,170900060201,,JOJO3,1978-10-01 00:00,2100-01-01 00:00,SNTL
553,June Lake,WA,Skamania,3440.0,46.14778,-122.15413,170800020304,,MRBW1,1980-10-01 00:00,2100-01-01 00:00,SNTL
1063,Kachemak Creek,AK,Kenai Peninsula,1650.0,59.72893,-150.66113,190203011101,,KCKA2,2003-09-30 00:00,2019-07-01 00:00,SNTL
1150,Kalamazoo,NV,White Pine,7740.0,39.5579,-114.62762,160600080700,,KALN2,2011-10-01 00:00,2100-01-01 00:00,SNTL
1072,Kantishna,AK,Denali,1590.0,63.53667,-150.98593,190803101805,,KTSA2,2004-10-01 00:00,2100-01-01 00:00,SNTL
554,Kelley R.S.,WY,Lincoln,8240.0,42.26554,-110.80181,140401070501,,KLLW4,1963-10-01 00:00,2100-01-01 00:00,SNTL
1175,Kelly Station,AK,Northwest Arctic,300.0,67.9297,-162.2906,190504030802,,KLLA2,1991-10-01 00:00,2100-01-01 00:00,SNTL
966,Kenai Moose Pens,AK,Kenai Peninsula,300.0,60.72499,-150.47369,190203021601,,KMPA2,1982-10-01 00:00,2100-01-01 00:00,SNTL
555,Kendall R.S.,WY,Sublette,7790.0,43.24922,-110.01671,140401010302,,KNDW4,1984-10-01 00:00,2100-01-01 00:00,SNTL
1145,Kilfoil Creek,UT,Morgan,7230.0,41.24764,-111.41249,160201010603,,KILU1,2010-10-01 00:00,2100-01-01 00:00,SNTL
556,Kiln,CO,Pitkin,9610.0,39.3172,-106.61501,140100040504,,KLNC2,1979-10-01 00:00,2100-01-01 00:00,SNTL
557,Kimberly Mine,UT,Piute,9110.0,38.48383,-112.39273,160300030104,,KMNU1,1980-07-23 00:00,2100-01-01 00:00,SNTL
558,King Mountain,OR,Jackson,4330.0,42.72395,-123.20037,171003020701,,KIMO3,1979-10-01 00:00,2100-01-01 00:00,SNTL
559,Kings Cabin,UT,Uintah,8740.0,40.71632,-109.54401,140600100303,,KGCU1,1978-10-01 00:00,2100-01-01 00:00,SNTL
560,Kirwin,WY,Park,9580.0,43.86067,-109.32163,100800090101,,KRWW4,1979-10-01 00:00,2100-01-01 00:00,SNTL
1115,Klondike Narrows,UT,Cache,7280.0,41.96769,-111.59713,160102030302,,KDNU1,2009-10-01 00:00,2100-01-01 00:00,SNTL
201,KODIAK,AK,Kodiak Island,19.0,57.75,-152.48333,190207011506,,,1982-10-01 00:00,1986-10-01 00:00,SNTL
561,Kolob,UT,Iron,9250.0,37.52664,-113.05386,150100080102,,KLBU1,1978-10-01 00:00,2100-01-01 00:00,SNTL
562,Kraft Creek,MT,Missoula,4760.0,47.42749,-113.77515,170102110104,,KRCM8,1979-10-01 00:00,2100-01-01 00:00,SNTL
563,Lake Creek R.S.,OR,Grant,5250.0,44.21007,-118.63752,170501160102,,LKCO3,1978-10-01 00:00,2100-01-01 00:00,SNTL
564,Lake Eldora,CO,Boulder,9700.0,39.93659,-105.59031,101900050402,,LELC2,1978-10-01 00:00,2100-01-01 00:00,SNTL
565,Lake Irene,CO,Grand,10680.0,40.41446,-105.81941,140100010302,,LKIC2,1978-10-01 00:00,2100-01-01 00:00,SNTL
566,Lakefork #1,UT,Duchesne,10120.0,40.59709,-110.43316,140600030705,,LKFU1,1978-10-01 00:00,2100-01-01 00:00,SNTL
1116,Lakefork #3,UT,Duchesne,8430.0,40.5502,-110.3529,140600030705,,LFKU1,2009-10-01 00:00,2100-01-01 00:00,SNTL
513,Lakefork Basin,UT,Duchesne,10890.0,40.73785,-110.62121,140600030601,,LBNU1,1982-10-01 00:00,2100-01-01 00:00,SNTL
568,Lakeview Ridge,MT,Beaverhead,7340.0,44.58907,-111.82498,100200010105,,LVRM8,1960-10-01 00:00,2100-01-01 00:00,SNTL
569,Lamance Creek,NV,Humboldt,6390.0,41.51542,-117.63197,160401090603,,LMCN2,1980-10-01 00:00,2100-01-01 00:00,SNTL
570,Lamoille #3,NV,Elko,8030.0,40.6448,-115.3812,160401010607,,LMLN2,1980-10-01 00:00,2100-01-01 00:00,SNTL
1310,Lamoille Upper,NV,Elko,8990.0,40.59965,-115.37902,160401010607,,,2022-08-10 00:00,2100-01-01 00:00,SNTL
571,Laprele Creek,WY,Converse,8370.0,42.43566,-105.86051,101800071201,,LPPW4,1978-10-01 00:00,2100-01-01 00:00,SNTL
1134,Larsen Creek,WY,Sublette,8880.0,42.58019,-109.08829,101800060101,,LCRW4,2010-08-04 00:00,2100-01-01 00:00,SNTL
572,Lasal Mountain,UT,San Juan,9580.0,38.48226,-109.27198,140300050404,,LSMU1,1980-08-08 00:00,2100-01-01 00:00,SNTL
1215,Lasal Mountain-Lower,UT,San Juan,8780.0,38.48167,-109.29164,140300050404,,LMLU1,2012-10-01 00:00,2100-01-01 00:00,SNTL
573,Laurel Draw,NV,Elko,6680.0,41.77637,-116.02957,170501040202,,LADN2,1979-10-01 00:00,2100-01-01 00:00,SNTL
574,Leavitt Lake,CA,Mono,9600.0,38.27594,-119.61281,160503020104,,LELC1,1989-10-01 00:00,2100-01-01 00:00,SNTL
575,Leavitt Meadows,CA,Mono,7200.0,38.30367,-119.55111,160503020104,,LVTC1,1980-10-01 00:00,2100-01-01 00:00,SNTL
1112,Lee Canyon,NV,Clark,8620.0,36.30537,-115.67508,150100150206,,LCAN2,2008-10-01 00:00,2100-01-01 00:00,SNTL
576,Lemhi Ridge,MT,Beaverhead,8080.0,44.9938,-113.44399,100200011106,,LMHM8,1971-01-01 00:00,2100-01-01 00:00,SNTL
577,Lewis Lake Divide,WY,Teton,7880.0,44.20862,-110.66628,170401010104,,LWSW4,1963-09-01 00:00,2100-01-01 00:00,SNTL
1006,Lewis Peak,NV,Lander,7380.0,40.3572,-116.8647,160401070903,,LWPN2,2000-10-01 00:00,2100-01-01 00:00,SNTL
578,Lick Creek,MT,Gallatin,6880.0,45.5041,-110.96625,100200081001,,LCKM8,1963-10-01 00:00,2100-01-01 00:00,SNTL
1056,Lightning Ridge,UT,Weber,8200.0,41.35891,-111.48749,160201020201,,LIGU1,2004-10-01 00:00,2100-01-01 00:00,SNTL
579,Lily Lake,UT,Summit,9130.0,40.86493,-110.79813,160101010103,,LLKU1,1980-06-12 00:00,2100-01-01 00:00,SNTL
580,Lily Pond,CO,Conejos,11060.0,37.38028,-106.54823,130100020302,,LPDC2,1979-10-01 00:00,2100-01-01 00:00,SNTL
582,Little Bear,UT,Cache,6540.0,41.40562,-111.82607,160102030103,,LTBU1,1978-10-01 00:00,2100-01-01 00:00,SNTL
947,Little Chena Ridge,AK,Fairbanks North Star,2150.0,65.12422,-146.7339,190803060706,,LCRA2,1980-10-01 00:00,2100-01-01 00:00,SNTL
1131,Little Goose,WY,Johnson,8560.0,44.54315,-107.17865,100901010105,,LGSW4,2010-08-04 00:00,2100-01-01 00:00,SNTL
583,Little Grassy,UT,Washington,6060.0,37.48631,-113.84582,160300061302,,LGCU1,1985-10-01 00:00,2100-01-01 00:00,SNTL
584,Little Meadows,OR,Linn,4020.0,44.61297,-122.22565,170900060301,,LMDO3,1978-10-01 00:00,2100-01-01 00:00,SNTL
1047,Little Snake River,WY,Carbon,8930.0,41.07051,-106.94284,140500030103,,LITW4,2004-07-27 00:00,2100-01-01 00:00,SNTL
1242,Little Valley,NV,Washoe,6500.0,39.25259,-119.8771,160501020301,,LTVN2,2013-10-01 00:00,2100-01-01 00:00,SNTL
585,Little Warm,WY,Fremont,9370.0,43.50278,-109.752,100800010212,,LTWW4,1978-10-01 00:00,2100-01-01 00:00,SNTL
586,Lizard Head Pass,CO,Dolores,10190.0,37.79895,-107.92475,140300020201,,LIZC2,1979-10-01 00:00,2100-01-01 00:00,SNTL
587,Lobdell Lake,CA,Mono,9260.0,38.43745,-119.36572,160503020201,,LOBC1,1978-10-01 00:00,2100-01-01 00:00,SNTL
588,Lolo Pass,ID,Idaho,5280.0,46.63448,-114.58072,170102051401,,LPSI1,1982-10-01 00:00,2100-01-01 00:00,SNTL
589,Lone Cone,CO,San Miguel,9730.0,37.89169,-108.19636,140300030302,,LNCC2,1979-10-01 00:00,2100-01-01 00:00,SNTL
590,Lone Mountain,MT,Madison,8810.0,45.27412,-111.42692,100200080201,,BSKM8,1988-10-01 00:00,2100-01-01 00:00,SNTL
591,Lone Pine,WA,Skamania,3940.0,46.27143,-121.96288,170800020203,,LPSW1,1978-10-01 00:00,2100-01-01 00:00,SNTL
1261,Lonesome Beaver,UT,Garfield,9530.0,38.07,-110.77241,140700010301,,LBVU1,2014-10-16 00:00,2100-01-01 00:00,SNTL
1123,Long Draw Resv,CO,Larimer,9990.0,40.51154,-105.7654,101900070203,,LRVC2,2008-10-16 00:00,2100-01-01 00:00,SNTL
592,Long Flat,UT,Washington,7990.0,37.51255,-113.39661,160300061403,,LGFU1,1979-09-09 00:00,2100-01-01 00:00,SNTL
1001,Long Lake,AK,Juneau,840.0,58.186,-133.83217,190102060505,,LLKA2,1966-10-01 00:00,2100-01-01 00:00,SNTL
1016,Long Valley,ID,Valley,4890.0,44.78835,-116.08878,170501230206,,LGVI1,2001-10-01 00:00,2100-01-01 00:00,SNTL
593,Long Valley Jct,UT,Kane,7460.0,37.48756,-112.51458,150100080201,,LVJU1,1986-06-11 00:00,2100-01-01 00:00,SNTL
768,Look Eyrie,AK,Southeast Fairbanks,5040.0,63.32192,-145.59655,190803040504,,LESA2,2019-08-08 00:00,2100-01-01 00:00,SNTL
594,Lookout,ID,Shoshone,5180.0,47.45749,-115.70457,170103020101,,LKTI1,1978-10-01 00:00,2100-01-01 00:00,SNTL
595,Lookout Mountain,NM,Sierra,8510.0,33.36089,-107.83203,150400010402,,LKTN5,1978-10-01 00:00,2100-01-01 00:00,SNTL
596,Lookout Peak,UT,Salt Lake,8150.0,40.83731,-111.70965,160202040302,,LOPU1,1988-06-23 00:00,2100-01-01 00:00,SNTL
597,Loomis Park,WY,Sublette,8240.0,43.17387,-110.14007,140401010201,,LOPW4,1979-10-01 00:00,2100-01-01 00:00,SNTL
1118,Lost Creek Resv,UT,Morgan,6070.0,41.22155,-111.35947,160201010603,,LCVU1,2010-10-01 00:00,2100-01-01 00:00,SNTL
940,Lost Dog,CO,Routt,9340.0,40.81557,-106.74833,140500010203,,LOTC2,1998-08-01 00:00,2100-01-01 00:00,SNTL
599,Lost Horse,WA,Yakima,5100.0,46.35754,-121.0809,170300030302,,LOHW1,1989-10-01 00:00,2100-01-01 00:00,SNTL
600,Lost Lake,ID,Shoshone,6090.0,47.0809,-115.9604,170603080101,,LSLI1,1979-10-01 00:00,2100-01-01 00:00,SNTL
1331,Lost Lakes,CA,Alpine,8640.0,38.64745,-119.95141,160502010301,,LLXC1,2024-09-16 00:00,2100-01-01 00:00,SNTL
601,Lost-Wood Divide,ID,Blaine,7870.0,43.82441,-114.26404,170402190304,,LWDI1,1979-10-01 00:00,2100-01-01 00:00,SNTL
972,Louis Meadow,UT,Salt Lake,6750.0,40.83033,-111.76457,160202040304,,LMSU1,1999-10-01 00:00,2100-01-01 00:00,SNTL
602,Loveland Basin,CO,Clear Creek,11410.0,39.67428,-105.90264,101900040102,,LBAC2,1991-10-01 00:00,2100-01-01 00:00,SNTL
1265,Lower Kachemak Creek,AK,Kenai Peninsula,1960.0,59.73516,-150.69429,190203011101,,LKCA2,2015-06-19 11:00,2100-01-01 00:00,SNTL
603,Lower Twin,MT,Madison,7920.0,45.50871,-111.92288,100200071101,,LWTM8,1976-10-01 00:00,2100-01-01 00:00,SNTL
604,Lubrecht Flume,MT,Missoula,4690.0,46.88293,-113.32228,170102031204,,LUBM8,1970-10-01 00:00,2100-01-01 00:00,SNTL
605,Lucky Strike,OR,Umatilla,4970.0,45.27478,-118.8479,170701030606,,LUKO3,1978-10-01 00:00,2100-01-01 00:00,SNTL
606,Lyman Lake,WA,Chelan,5990.0,48.19798,-120.91678,170200090203,,LYLW1,1978-10-01 00:00,2100-01-01 00:00,SNTL
1069,Lynn Lake,WA,King,3910.0,47.20172,-121.77972,171100130203,,LAKW1,2007-08-30 00:00,2100-01-01 00:00,SNTL
607,Lynx Pass,CO,Routt,8910.0,40.07832,-106.67095,140100011001,,LYNC2,1979-10-01 00:00,2100-01-01 00:00,SNTL
608,Madison Butte,OR,Morrow,5150.0,45.10513,-119.49585,170702041101,,MDBO3,1979-10-01 00:00,2100-01-01 00:00,SNTL
609,Madison Plateau,MT,Gallatin,7710.0,44.58623,-111.11627,100200070204,,MPLM8,1967-10-01 00:00,2100-01-01 00:00,SNTL
610,Magic Mountain,ID,Twin Falls,6940.0,42.18071,-114.28665,170402120601,,MGMI1,1979-10-01 00:00,2100-01-01 00:00,SNTL
612,Mammoth-Cottonwood,UT,Sanpete,8710.0,39.68338,-111.31818,160300040203,,MCDU1,1978-10-01 00:00,2100-01-01 00:00,SNTL
905,Mancos,CO,Montezuma,10020.0,37.43109,-108.17005,140801070102,,MNCC2,1994-08-30 00:00,2100-01-01 00:00,SNTL
613,Many Glacier,MT,Glacier,4930.0,48.79698,-113.6705,090400010201,,MANM8,1976-10-01 00:00,2100-01-01 00:00,SNTL
614,Marion Forks,OR,Linn,2590.0,44.59397,-121.97365,170900050205,,MRFO3,1979-10-01 00:00,2100-01-01 00:00,SNTL
615,Marlette Lake,NV,Carson City,7860.0,39.16395,-119.89672,160501010201,,MRLN2,1978-10-01 00:00,2100-01-01 00:00,SNTL
616,Marquette,WY,Park,8800.0,44.3016,-109.24019,100800130303,,MRQW4,1979-10-01 00:00,2100-01-01 00:00,SNTL
999,Marten Ridge,WA,Whatcom,3520.0,48.76292,-121.69823,171100051004,,MRTW1,2006-07-01 00:00,2100-01-01 00:00,SNTL
617,Maverick Fork,AZ,Apache,9210.0,33.92123,-109.45872,150601010104,,MVFA3,1953-10-01 00:00,2100-01-01 00:00,SNTL
1096,May Creek,AK,Valdez-Cordova,1550.0,61.34918,-142.69355,190201031603,,SNCA2,2006-10-01 00:00,2100-01-01 00:00,SNTL
618,Mc Clure Pass,CO,Gunnison,8760.0,39.12899,-107.28834,140200040203,,MCPC2,1979-10-01 00:00,2100-01-01 00:00,SNTL
1040,Mccoy Park,CO,Eagle,9500.0,39.60231,-106.544,140100030302,,MCYC2,2002-10-01 00:00,2100-01-01 00:00,SNTL
785,McGrath,AK,Yukon-Koyukuk,340.0,62.94652,-155.6102,190304050502,,MCSA2,2019-08-13 00:00,2100-01-01 00:00,SNTL
619,Mckenzie,OR,Lane,4770.0,44.2103,-121.87292,170900040207,,MKZO3,1979-10-01 00:00,2100-01-01 00:00,SNTL
1048,Mcknight Cabin,NM,Grant,9230.0,33.00796,-107.86982,130302020103,,MCKN5,2003-09-25 00:00,2100-01-01 00:00,SNTL
1003,Mcneil Canyon,AK,Kenai Peninsula,1350.0,59.74521,-151.25839,190203010806,,MCNA2,1985-10-01 00:00,2100-01-01 00:00,SNTL
1191,Mcneil River SGS,AK,Kenai Peninsula,110.0,59.08358,-154.27785,190206021207,,MLRA2,2012-06-27 13:00,2100-01-01 00:00,SNTL
620,Meadow Lake,ID,Lemhi,9190.0,44.43655,-113.31815,170602040101,,MDLI1,1979-10-01 00:00,2100-01-01 00:00,SNTL
897,Meadows Pass,WA,King,3230.0,47.28312,-121.47197,171100120101,,MPSW1,1993-10-01 00:00,2100-01-01 00:00,SNTL
1196,Med Bow,WY,Carbon,10500.0,41.37833,-106.34697,101800040302,,MBSW4,2012-08-15 00:00,2100-01-01 00:00,SNTL
914,Medano Pass,CO,Saguache,9650.0,37.85192,-105.43666,130100030604,,MDPC2,1995-10-01 00:00,2100-01-01 00:00,SNTL
621,Merchant Valley,UT,Beaver,8710.0,38.30285,-112.43637,160300070201,,MVYU1,1980-07-23 00:00,2100-01-01 00:00,SNTL
1207,Merritt Mountain,NV,Elko,6920.0,41.8927,-115.858,170501020601,,MERN2,2011-12-23 00:00,2100-01-01 00:00,SNTL
622,Mesa Lakes,CO,Mesa,10160.0,39.05738,-108.05756,140100051307,,MESC2,1985-10-01 00:00,2100-01-01 00:00,SNTL
1011,MF Nooksack,WA,Whatcom,4940.0,48.82441,-121.92947,171100040303,,MNOW1,2002-10-01 00:00,2100-01-01 00:00,SNTL
623,Mica Creek,ID,Shoshone,4480.0,47.15045,-116.26643,170103040604,,MCKI1,1989-10-01 00:00,2100-01-01 00:00,SNTL
937,Michigan Creek,CO,Park,10700.0,39.43579,-105.91072,101900010404,,MIHC2,1998-08-10 00:00,2100-01-01 00:00,SNTL
1206,Midas,NV,Elko,6630.0,41.26873,-116.80332,160401060402,,MDSN2,2011-12-23 00:00,2100-01-01 00:00,SNTL
624,Middle Creek,CO,Mineral,11260.0,37.61779,-107.03932,130100010501,,MDLC2,1979-10-01 00:00,2100-01-01 00:00,SNTL
1064,Middle Fork Bradley,AK,Kenai Peninsula,2340.0,59.77711,-150.75698,190203011102,,MFBA2,1989-10-01 00:00,2100-01-01 00:00,SNTL
1014,Middle Fork Camp,CO,Grand,8960.0,39.79565,-106.02802,140100010402,,MFKC2,2001-09-19 00:00,2100-01-01 00:00,SNTL
625,Middle Powder,WY,Washakie,7760.0,43.62733,-107.18152,100800080205,,MDDW4,1978-10-01 00:00,2100-01-01 00:00,SNTL
626,Midway Valley,UT,Iron,9830.0,37.56933,-112.83849,160300010101,,MDVU1,1980-07-22 00:00,2100-01-01 00:00,SNTL
1079,Milk Shakes,OR,Wallowa,5580.0,45.9821,-117.94883,170701020201,,MLKO3,2007-05-12 00:00,2100-01-01 00:00,SNTL
1322,Mill Creek,MT,Park,7420.0,45.263,-110.40501,100700020302,,,2025-07-11 00:00,2100-01-01 00:00,SNTL
1321,Mill Creek Canyon,UT,Salt Lake,6960.0,40.69656,-111.67712,160202040301,,MIZU1,2024-06-18 00:00,2100-01-01 00:00,SNTL
627,Mill Creek Summit,ID,Custer,8790.0,44.47212,-114.48992,170602010501,,MLKI1,1978-10-01 00:00,2100-01-01 00:00,SNTL
628,Mill-D North,UT,Salt Lake,8940.0,40.65883,-111.63683,160202040201,,MLDU1,1988-10-01 00:00,2100-01-01 00:00,SNTL
1084,Miller Woods,OR,Yamhill,420.0,45.24755,-123.27563,170900080606,,MWDO3,2006-09-22 00:00,2100-01-01 00:00,SNTL
629,Mineral Creek,CO,San Juan,10030.0,37.84737,-107.72657,140801040103,,MINC2,1978-10-01 00:00,2100-01-01 00:00,SNTL
631,Mining Fork,UT,Tooele,8290.0,40.49384,-112.61141,160203040503,,MFKU1,1988-09-22 00:00,2100-01-01 00:00,SNTL
632,Molas Lake,CO,San Juan,10610.0,37.74929,-107.68933,140801040302,,MLSC2,1985-10-01 00:00,2100-01-01 00:00,SNTL
1094,Monahan Flat,AK,Matanuska-Susitna,2690.0,63.30464,-147.64883,190205010304,,MNFA2,1983-10-01 00:00,2100-01-01 00:00,SNTL
633,Monitor Pass,CA,Alpine,8320.0,38.6683,-119.6087,160502010201,,MNPC1,1990-10-01 00:00,2100-01-01 00:00,SNTL
634,Monte Cristo,UT,Cache,8930.0,41.46547,-111.49688,160102030201,,MCRU1,1978-10-01 00:00,2100-01-01 00:00,SNTL
949,Monument Creek,AK,Fairbanks North Star,1840.0,65.07738,-145.87358,190803060402,,MNCA2,1979-10-01 00:00,2100-01-01 00:00,SNTL
635,Monument Peak,MT,Park,8740.0,45.21759,-110.237,100700020902,,MNPM8,1976-10-01 00:00,2100-01-01 00:00,SNTL
1124,Moon Pass,CO,Saguache,11110.0,37.96627,-106.55857,130100040201,,MOPC2,2008-10-01 00:00,2100-01-01 00:00,SNTL
636,Moonshine,ID,Lemhi,7490.0,44.41478,-113.39814,170402170201,,MNSI1,1979-10-01 00:00,2100-01-01 00:00,SNTL
1176,Moore Creek Bridge,AK,Skagway,2250.0,59.58668,-135.19455,190103030203,,MREA2,1989-10-01 00:00,2100-01-01 00:00,SNTL
638,Moose Creek,ID,Lemhi,6170.0,45.67008,-113.95315,170602030601,,MOKI1,1979-10-01 00:00,2100-01-01 00:00,SNTL
1035,Moraine,AK,Anchorage,2010.0,61.37727,-148.99917,190204010103,,MORA2,2001-10-01 00:00,2100-01-01 00:00,SNTL
637,Mores Creek Summit,ID,Boise,6090.0,43.932,-115.66588,170501110503,,MRKI1,1978-09-30 00:00,2100-01-01 00:00,SNTL
639,Morgan Creek,ID,Lemhi,7620.0,44.84237,-114.26871,170602030901,,MRGI1,1979-10-01 00:00,2100-01-01 00:00,SNTL
640,Mormon Mountain,AZ,Coconino,7490.0,34.94141,-111.51864,150200150201,,MRMA3,1963-01-01 00:00,2100-01-01 00:00,SNTL
1125,Mormon Mtn Summit,AZ,Coconino,8450.0,34.96942,-111.50868,150200150202,,MMNA3,2008-06-02 00:00,2100-01-01 00:00,SNTL
642,Morse Lake,WA,Yakima,5400.0,46.90585,-121.4827,170300020106,,MRSW1,1978-10-01 00:00,2100-01-01 00:00,SNTL
643,Mosby Mtn.,UT,Uintah,9550.0,40.60798,-109.8881,140600100702,,MMTU1,1978-10-01 00:00,2100-01-01 00:00,SNTL
989,Moscow Mountain,ID,Latah,4700.0,46.805,-116.8535,170603061002,,MSCI1,2000-10-01 00:00,2100-01-01 00:00,SNTL
644,Moses Mtn,WA,Okanogan,5470.0,48.36166,-119.08158,170200061903,,MMSW1,1991-10-01 00:00,2100-01-01 00:00,SNTL
645,Mosquito Ridge,ID,Shoshone,5270.0,48.05726,-116.23055,170103010101,,MOQI1,1978-10-01 00:00,2100-01-01 00:00,SNTL
646,Moss Peak,MT,Lake,6760.0,47.68497,-113.96239,170102080404,,MSPM8,1961-04-01 00:00,2100-01-01 00:00,SNTL
647,Moss Springs,OR,Union,5760.0,45.27173,-117.68747,170601040702,,MOSO3,1979-10-01 00:00,2100-01-01 00:00,SNTL
648,Mount Crag,WA,Jefferson,3960.0,47.7637,-123.026,171100180601,,MTCW1,1989-10-01 00:00,2100-01-01 00:00,SNTL
898,Mount Gardner,WA,King,2930.0,47.35768,-121.56812,171100120103,,MGSW1,1993-10-01 00:00,2100-01-01 00:00,SNTL
649,Mount Lockhart,MT,Teton,6430.0,47.91727,-112.8238,100302050102,,MTKM8,1968-10-01 00:00,2100-01-01 00:00,SNTL
650,Mountain Meadows,ID,Idaho,6340.0,45.69694,-115.22972,170603020301,,MTMI1,1979-10-01 00:00,2100-01-01 00:00,SNTL
941,Mowich,WA,Pierce,3170.0,46.92833,-121.95232,171100140105,,MHSW1,1998-09-30 00:00,2100-01-01 00:00,SNTL
1224,Mt Baldy,UT,Sanpete,9530.0,39.13648,-111.50527,160300040402,,MTBU1,2012-10-01 00:00,2100-01-01 00:00,SNTL
651,Mt Hood Test Site,OR,Clackamas,5380.0,45.32097,-121.7158,170800010302,,MTHO3,1979-10-01 00:00,2100-01-01 00:00,SNTL
1269,Mt Pennell,UT,Garfield,9210.0,37.97793,-110.7933,140700010502,,MPEU1,2015-10-01 00:00,2100-01-01 00:00,SNTL
652,Mt Rose Ski Area,NV,Washoe,8810.0,39.31573,-119.89473,160501020304,,MRSN2,1980-10-01 00:00,2100-01-01 00:00,SNTL
1103,Mt. Alyeska,AK,Anchorage,1500.0,60.95842,-149.08858,190203020702,,YESA2,1971-10-01 00:00,2100-01-01 00:00,SNTL
1073,Mt. Eyak,AK,Valdez-Cordova,1450.0,60.55648,-145.72201,190202010200,,EYKA2,2004-10-01 00:00,2100-01-01 00:00,SNTL
653,Mt. Howard,OR,Wallowa,7840.0,45.26514,-117.17377,170601050102,,MHWO3,1979-10-01 00:00,2100-01-01 00:00,SNTL
948,Mt. Ryan,AK,Fairbanks North Star,2750.0,65.25113,-146.15133,190803060404,,MTRA2,1980-10-01 00:00,2100-01-01 00:00,SNTL
1126,Mt. Tebo,WA,Mason,3370.0,47.46061,-123.41219,171100170101,,TEBW1,2020-07-08 00:00,2100-01-01 00:00,SNTL
1259,Muckamuck,WA,Okanogan,4470.0,48.58526,-119.86624,170200062001,,MUKW1,2014-06-10 00:00,2100-01-01 00:00,SNTL
654,Mud Flat,ID,Owyhee,5750.0,42.6004,-116.55925,170501041401,,MDFI1,1979-10-01 00:00,2100-01-01 00:00,SNTL
655,Mud Ridge,OR,Clackamas,4070.0,45.25362,-121.73673,170800010302,,MUDO3,1978-10-01 00:00,2100-01-01 00:00,SNTL
656,Mule Creek,MT,Beaverhead,8300.0,45.40957,-112.95927,100200041303,,MULM8,1977-10-01 00:00,2100-01-01 00:00,SNTL
950,Munson Ridge,AK,Fairbanks North Star,3020.0,64.85168,-146.21215,190803060602,,MSOA2,1979-10-01 00:00,2100-01-01 00:00,SNTL
1053,Myrtle Creek,ID,Boundary,3540.0,48.72263,-116.46312,170101040701,,MYRI1,2003-10-01 00:00,2100-01-01 00:00,SNTL
657,N Fk Elk Creek,MT,Powell,6180.0,46.8716,-113.27725,170102031204,,NFEM8,1967-10-01 00:00,2100-01-01 00:00,SNTL
658,Nast Lake,CO,Pitkin,8710.0,39.29695,-106.60786,140100040504,,NSSC2,1985-10-01 00:00,2100-01-01 00:00,SNTL
1138,Navajo Whiskey Ck,NM,San Juan,9050.0,36.17716,-108.94556,140802040206,,WCTN5,2009-05-12 00:00,2100-01-01 00:00,SNTL
2081,Nenana,AK,Yukon-Koyukuk,370.0,64.68582,-148.9113,190803090803,,NESA2,2002-10-01 00:00,2100-01-01 00:00,SNTL
903,Nevada Ridge,MT,Lewis and Clark,7030.0,46.84234,-112.50787,170102030302,,NVRM8,1977-10-01 00:00,2100-01-01 00:00,SNTL
1031,Never Summer,CO,Jackson,10300.0,40.40392,-105.95567,101800010401,,NEVC2,2002-09-01 00:00,2100-01-01 00:00,SNTL
660,New Crescent Lake,OR,Klamath,4910.0,43.51185,-121.97982,170703020205,,NCLO3,1979-10-01 00:00,2100-01-01 00:00,SNTL
661,New Fork Lake,WY,Sublette,8380.0,43.11265,-109.94947,140401020201,,NFLW4,1984-10-01 00:00,2100-01-01 00:00,SNTL
662,Nez Perce Camp,MT,Ravalli,5670.0,45.73107,-114.48075,170102050204,,NZCM8,1967-10-01 00:00,2100-01-01 00:00,SNTL
663,Niwot,CO,Boulder,9940.0,40.03581,-105.5452,101900050401,,NIWC2,1979-10-01 00:00,2100-01-01 00:00,SNTL
664,Noisy Basin,MT,Flathead,6070.0,48.15668,-113.9463,170102080208,,NOIM8,1961-04-01 00:00,2100-01-01 00:00,SNTL
665,North Costilla,NM,Taos,10570.0,36.99396,-105.25988,130201010101,,NCSN5,1978-10-01 00:00,2100-01-01 00:00,SNTL
666,North Fork,OR,Multnomah,3070.0,45.5505,-122.00283,170800010503,,NFRO3,1978-10-01 00:00,2100-01-01 00:00,SNTL
667,North Fork Jocko,MT,Missoula,6110.0,47.27258,-113.75631,170102120702,,NFJM8,1961-04-01 00:00,2100-01-01 00:00,SNTL
668,North French Creek,WY,Carbon,10150.0,41.33087,-106.37558,101800020502,,NFCW4,1962-09-01 00:00,2100-01-01 00:00,SNTL
669,North Lost Trail,CO,Gunnison,9190.0,39.07818,-107.14388,140100040703,,NLSC2,1984-10-01 00:00,2100-01-01 00:00,SNTL
920,North Rapid Creek,SD,Lawrence,6150.0,44.20617,-103.78758,101201100101,,NRPS2,1996-08-09 00:00,2100-01-01 00:00,SNTL
670,Northeast Entrance,MT,Park,7420.0,45.00568,-110.01411,100700010602,,NORM8,1937-10-01 00:00,2100-01-01 00:00,SNTL
1037,Nuka Glacier,AK,Kenai Peninsula,1230.0,59.69804,-150.71163,190203011101,,NUKA2,1989-10-01 00:00,2100-01-01 00:00,SNTL
1127,Nutrioso,AZ,Apache,8550.0,33.89791,-109.15465,150400040301,,NUTA3,2008-06-02 00:00,2100-01-01 00:00,SNTL
1146,Oak Creek,UT,Millard,7840.0,39.3485,-112.192,160300051503,,OARU1,2010-10-01 00:00,2100-01-01 00:00,SNTL
671,Ochoco Meadows,OR,Crook,5430.0,44.42917,-120.3311,170703050201,,OCMO3,1979-10-01 00:00,2100-01-01 00:00,SNTL
672,Olallie Meadows,WA,King,4010.0,47.37406,-121.44213,171100100301,,OMWW1,1979-10-01 00:00,2100-01-01 00:00,SNTL
673,Old Battle,WY,Carbon,9850.0,41.15426,-106.96926,101800020901,,OLDW4,1962-09-01 00:00,2100-01-17 00:00,SNTL
1315,Old Independence Mine,AK,Matanuska-Susitna,3450.0,61.79054,-149.28178,190205051202,,,1997-10-01 00:00,2021-09-30 23:59,SNTL
1272,ONeil Creek,NV,Elko,6490.0,41.86411,-115.08251,170402130106,,ONLN2,2018-06-07 00:00,2100-01-01 00:00,SNTL
1008,Onion Park,MT,Meagher,7420.0,46.91348,-110.8536,100301030801,,ONPM8,1992-10-01 00:00,2100-01-01 00:00,SNTL
675,Overland Res.,CO,Delta,9890.0,39.09035,-107.63583,140200040101,,OVRC2,1988-10-01 00:00,2100-01-01 00:00,SNTL
676,Owl Creek,WY,Hot Springs,8990.0,43.65868,-109.00988,100800070103,,OLWW4,1979-10-01 00:00,2100-01-01 00:00,SNTL
677,Oxford Spring,ID,Oneida,6790.0,42.26024,-112.12523,160102040206,,OXSI1,1979-10-01 00:00,2100-01-01 00:00,SNTL
784,Palisades Tahoe,CA,Placer,8010.0,39.18986,-120.26576,160501020202,,SQWC1,1979-10-01 00:00,2100-01-01 00:00,SNTL
1170,Palo,NM,Taos,9330.0,36.40869,-105.33038,130201010601,,TACN5,2010-08-09 00:00,2100-01-01 00:00,SNTL
1148,Panguitch Lake RS,UT,Garfield,8300.0,37.70463,-112.65037,160300010402,,PGLU1,2014-10-01 00:00,2100-01-01 00:00,SNTL
679,Paradise,WA,Pierce,5150.0,46.78266,-121.74767,171100150104,,AFSW1,1979-10-01 00:00,2100-01-01 00:00,SNTL
1301,Paradise Hill,AK,Southeast Fairbanks,2010.0,62.83329,-141.40918,190803010807,,SPHA2,2021-07-21 00:00,2100-01-01 00:00,SNTL
986,Pargon Creek,AK,Nome,90.0,64.99619,-163.10514,190501040905,,PCRA2,1999-10-01 00:00,2100-01-01 00:00,SNTL
680,Park Cone,CO,Gunnison,9600.0,38.81982,-106.58962,140200010107,,PKCC2,1979-10-01 00:00,2100-01-01 00:00,SNTL
681,Park Creek Ridge,WA,Chelan,4610.0,48.44488,-120.91551,170200090106,,PCRW1,1978-10-01 00:00,2100-01-01 00:00,SNTL
682,Park Reservoir,CO,Delta,9990.0,39.04433,-107.87951,140200050111,,PRVC2,1978-10-01 00:00,2100-01-01 00:00,SNTL
683,Parker Peak,WY,Park,9420.0,44.73396,-109.91484,100700010502,,PRKW4,1979-10-01 00:00,2100-01-01 00:00,SNTL
684,Parleys Summit,UT,Summit,7590.0,40.76184,-111.62917,160201020103,,PSUU1,1978-10-01 00:00,2100-01-01 00:00,SNTL
856,Parleys Upper,UT,Salt Lake,8330.0,40.70194,-111.60619,160202040302,,,2019-08-21 00:00,2100-01-01 00:00,SNTL
971,Parrish Creek,UT,Davis,7760.0,40.93417,-111.81372,160201020501,,PCRU1,1999-10-01 00:00,2100-01-01 00:00,SNTL
686,Payson R.S.,UT,Utah,8050.0,39.92976,-111.63109,160202020601,,PYSU1,1980-06-17 00:00,2100-01-01 00:00,SNTL
687,Peavine Ridge,OR,Clackamas,3420.0,45.04148,-121.93252,170900110306,,PVRO3,1979-10-01 00:00,2100-01-01 00:00,SNTL
1299,Pebble Creek,ID,Caribou,6520.0,42.7674,-112.10648,170402080206,,PEBI1,2021-06-17 00:00,2100-01-01 00:00,SNTL
1104,Pepper Creek,WA,Skamania,2140.0,46.10242,-121.95555,170800020111,,PPCW1,2007-08-15 00:00,2100-01-01 00:00,SNTL
930,Peterson Meadows,MT,Granite,7190.0,46.12588,-113.30792,170102020101,,PTNM8,1965-10-01 00:00,2100-01-01 00:00,SNTL
688,Phantom Valley,CO,Grand,9030.0,40.39803,-105.84606,140100010302,,PHTC2,1979-10-01 00:00,2100-01-01 00:00,SNTL
689,Phillips Bench,WY,Teton,8160.0,43.51687,-110.91258,170401030504,,PHBW4,1976-03-01 00:00,2100-01-01 00:00,SNTL
690,Pickfoot Creek,MT,Meagher,6680.0,46.57969,-111.26812,100301030501,,PCKM8,1977-06-01 00:00,2100-01-01 00:00,SNTL
691,Pickle Keg,UT,Sevier,9010.0,39.01219,-111.58259,160300030402,,PKLU1,1978-10-01 00:00,2100-01-01 00:00,SNTL
1142,Pierce R.S.,ID,Clearwater,3080.0,46.49597,-115.7957,170603060401,,PRNI1,2009-09-29 00:00,2100-01-01 00:00,SNTL
692,Pigtail Peak,WA,Yakima,5800.0,46.62153,-121.38643,170300020301,,PGPW1,1979-10-01 00:00,2100-01-01 00:00,SNTL
693,Pike Creek,MT,Pondera,5930.0,48.30305,-113.32868,100302010103,,PICM8,1960-10-01 00:00,2100-01-01 00:00,SNTL
1327,Pilgrim Hot Springs,AK,Nome,20.0,65.09455,-164.92472,190501050702,,PHSA2,2024-07-27 00:00,2100-01-01 00:00,SNTL
694,Pine Creek,UT,Millard,8720.0,38.88185,-112.24915,160300051307,,PCKU1,1985-02-13 00:00,2100-01-01 00:00,SNTL
695,Pine Creek Pass,ID,Teton,6710.0,43.56998,-111.21157,170402040101,,PCPI1,1988-10-01 00:00,2100-01-01 00:00,SNTL
1263,Pinto Rock,WA,Skamania,4450.0,46.32318,-121.94219,170800040405,,PINW1,2014-10-01 00:00,2100-01-01 00:00,SNTL
696,Placer Basin,MT,Sweet Grass,8790.0,45.41905,-110.08844,100700020701,,PLCM8,1976-10-01 00:00,2100-01-01 00:00,SNTL
1133,Pocket Creek,WY,Sublette,9370.0,42.7121,-109.4112,140401020505,,PKCW4,2009-09-10 11:00,2100-01-01 00:00,SNTL
1002,Point Mackenzie,AK,Matanuska-Susitna,220.0,61.38949,-150.02189,190204010805,,PTMA2,1983-10-01 00:00,2015-08-28 00:00,SNTL
697,Poison Flat,CA,Alpine,7730.0,38.50576,-119.62624,160502010102,,XXXC1,1980-10-01 00:00,2100-01-01 00:00,SNTL
1244,Pole Canyon,NV,Elko,7760.0,40.86293,-115.12067,160600071101,,POLN2,2013-10-01 00:00,2100-01-01 00:00,SNTL
698,Pole Creek R.S.,NV,Elko,8360.0,41.87255,-115.24713,170501021002,,PRSN2,1977-02-01 00:00,2100-01-01 00:00,SNTL
932,Poorman Creek,MT,Lincoln,5050.0,48.12632,-115.6234,170101011301,,PMNM8,1968-10-01 00:00,2100-01-01 00:00,SNTL
699,Pope Ridge,WA,Chelan,3600.0,47.9909,-120.56622,170200100204,,PPRW1,1979-10-01 00:00,2100-01-01 00:00,SNTL
700,Porcupine,MT,Park,6480.0,46.11192,-110.4696,100700030303,,PRPM8,1975-10-01 00:00,2100-01-01 00:00,SNTL
701,Porphyry Creek,CO,Gunnison,10790.0,38.48864,-106.33967,140200030105,,PRPC2,1978-10-01 00:00,2100-01-01 00:00,SNTL
987,Port Graham,AK,Kenai Peninsula,270.0,59.35065,-151.84768,190203011208,,PGRA2,1999-10-01 00:00,2100-01-01 00:00,SNTL
2170,Porter Canyon,NV,Lander,7190.0,39.46544,-117.62069,160600020102,,PRTN2,2009-10-22 00:00,2100-01-01 00:00,SNTL
702,Potato Hill,WA,Yakima,4480.0,46.3497,-121.51415,170800040303,,PTHW1,1980-10-01 00:00,2100-01-01 00:00,SNTL
1300,Powder Mountain,UT,Cache,8490.0,41.37428,-111.76673,160102030102,,,2021-07-08 00:00,2100-01-01 00:00,SNTL
703,Powder River Pass,WY,Johnson,9480.0,44.16188,-107.12622,100800080304,,PWDW4,1949-10-01 00:00,2100-01-01 00:00,SNTL
704,Prairie,ID,Elmore,4800.0,43.50513,-115.573,170501131103,,PRAI1,1979-10-01 00:00,2100-01-01 00:00,SNTL
705,Promontory,AZ,Coconino,7930.0,34.36848,-111.01088,150200080306,,PROA3,1979-10-01 00:00,2100-01-01 00:00,SNTL
1177,Prudhoe Bay,AK,North Slope,50.0,70.28062,-148.89778,190604010102,,PRBA2,2002-10-01 00:00,2100-01-01 00:00,SNTL
782,Puhi Flat,ID,Adams,6240.0,44.77091,-116.24805,170501240401,,SQFI1,1979-10-01 00:00,2100-01-01 00:00,SNTL
706,Quartz Mountain,OR,Lake,5710.0,42.31923,-120.82533,180102020404,,QRMO3,1979-10-01 00:00,2100-01-01 00:00,SNTL
707,Quartz Peak,WA,Spokane,4710.0,47.87927,-117.08938,170103080302,,QUPW1,1985-10-01 00:00,2100-01-01 00:00,SNTL
708,Quemazon,NM,Los Alamos,9490.0,35.92195,-106.39179,130201011303,,QMZN5,1979-10-01 00:00,2100-01-01 00:00,SNTL
709,Rabbit Ears,CO,Routt,9390.0,40.36735,-106.74118,140500010402,,RESC2,1985-10-01 00:00,2100-01-01 00:00,SNTL
1081,Ragged Mountain,ID,Kootenai,4210.0,47.85583,-117.03667,170103050302,,RAGI1,2006-08-22 00:00,2100-01-01 00:00,SNTL
710,Railroad Overpass,OR,Lane,2680.0,43.65887,-122.21272,170900010302,,RROO3,1980-10-01 00:00,2100-01-01 00:00,SNTL
1110,Rainbow Canyon,NV,Clark,7840.0,36.2493,-115.62972,150100150301,,RACN2,2008-10-01 00:00,2100-01-01 00:00,SNTL
711,Rainy Pass,WA,Chelan,4880.0,48.51865,-120.7358,171100050503,,RAIW1,1979-10-01 00:00,2100-01-01 00:00,SNTL
1324,Rat Creek,CO,Mineral,11680.0,37.93571,-106.98192,130100010602,,,2024-08-26 00:00,2100-01-01 00:00,SNTL
1032,Rawah,CO,Jackson,9100.0,40.70794,-106.00727,101800010603,,RAWC2,2002-09-01 00:00,2100-01-01 00:00,SNTL
712,Red Hill,OR,Hood River,4410.0,45.4643,-121.70428,170701050505,,REDO3,1978-10-01 00:00,2100-01-01 00:00,SNTL
713,Red Mountain Pass,CO,San Juan,11050.0,37.89168,-107.71389,140801040103,,RMPC2,1979-10-01 00:00,2100-01-01 00:00,SNTL
714,Red Pine Ridge,UT,Emery,8990.0,39.45197,-111.27221,140600090202,,RPRU1,1978-10-01 00:00,2100-01-01 00:00,SNTL
715,Red River Pass #2,NM,Taos,9840.0,36.69935,-105.34145,130201010301,,RRPN5,1978-10-01 00:00,2100-01-01 00:00,SNTL
1225,Redden Mine Lwr,UT,Summit,8540.0,40.67505,-111.21765,160201010103,,RMLU1,2012-10-01 00:00,2100-01-01 00:00,SNTL
1217,Rees Flat,UT,Juab,7180.0,39.49667,-111.72508,160300050202,,REFU1,2012-10-01 00:00,2100-01-01 00:00,SNTL
716,Reno Hill,WY,Natrona,8410.0,42.57089,-106.08969,101800070901,,RNHW4,1979-10-01 00:00,2100-01-01 00:00,SNTL
911,Rex River,WA,King,3810.0,47.30218,-121.60475,171100120102,,RXSW1,1995-08-28 00:00,2100-01-01 00:00,SNTL
2029,Reynolds Creek,ID,Owyhee,5590.0,43.28863,-116.8431,170501030604,,RYCI1,1999-08-31 00:00,2100-01-01 00:00,SNTL
1178,Rhoads Creek,AK,Southeast Fairbanks,1230.0,63.931,-145.33333,190803031305,,RHOA2,1986-10-01 00:00,2017-02-16 00:00,SNTL
933,Rice Park,NM,Cibola,8480.0,35.23658,-108.27404,130202070203,,RPRN5,1998-08-10 00:00,2100-01-01 00:00,SNTL
1254,Rio Santa Barbara,NM,Taos,10640.0,36.07196,-105.62949,130201010905,,SBAN5,2013-09-24 00:00,2100-01-01 00:00,SNTL
717,Ripple Creek,CO,Rio Blanco,10340.0,40.10844,-107.29383,140500050102,,RCPC2,1985-10-01 00:00,2100-01-01 00:00,SNTL
718,Roach,CO,Larimer,9710.0,40.87498,-106.04675,101800100106,,ROAC2,1979-10-01 00:00,2100-01-01 00:00,SNTL
719,Roaring River,OR,Lane,4960.0,43.90098,-122.03063,170900040302,,RORO3,1979-10-01 00:00,2100-01-01 00:00,SNTL
720,Rock Creek,UT,Duchesne,7880.0,40.54875,-110.69292,140600030304,,RCKU1,1980-06-12 00:00,2100-01-01 00:00,SNTL
721,Rock Springs,OR,Grant,5290.0,44.00883,-118.83842,170501160204,,RCSO3,1979-10-01 00:00,2100-01-01 00:00,SNTL
722,Rocker Peak,MT,Jefferson,7960.0,46.35613,-112.26176,100200060302,,RKPM8,1967-10-01 00:00,2100-01-01 00:00,SNTL
1309,Rockwood GS,UT,Sevier,8600.0,38.67101,-112.3305,160300030105,,,2022-09-08 00:00,2100-01-01 00:00,SNTL
723,Rocky Basin-Settleme,UT,Tooele,8700.0,40.44293,-112.22377,160203040401,,RBSU1,1980-06-10 00:00,2100-01-01 00:00,SNTL
917,Rocky Boy,MT,Hill,4730.0,48.17478,-109.64728,100500040101,,ROCM8,1967-10-01 00:00,2100-01-01 00:00,SNTL
973,Rocky Point,AK,Nome,180.0,64.54988,-163.48399,190501041103,,RPTA2,1999-09-30 00:00,2100-01-01 00:00,SNTL
939,Rough And Tumble,CO,Park,10420.0,39.02611,-106.08063,101900010202,,ROUC2,1998-08-10 00:00,2100-01-01 00:00,SNTL
724,Rubicon #2,CA,El Dorado,7570.0,38.99927,-120.13139,160501010402,,RUBC1,1980-10-01 00:00,2100-01-01 00:00,SNTL
725,S Fork Shields,MT,Park,8090.0,46.08963,-110.43367,100700030301,,SFSM8,1978-10-01 00:00,2100-01-01 00:00,SNTL
929,Sacajawea,MT,Gallatin,6610.0,45.87395,-110.92783,100700030403,,SAJM8,1999-09-30 00:00,2100-01-01 00:00,SNTL
726,Saddle Mountain,OR,Washington,3090.0,45.54475,-123.37331,170900100201,,SDMO3,1978-10-01 00:00,2100-01-01 00:00,SNTL
727,Saddle Mtn.,MT,Beaverhead,7890.0,45.69259,-113.96828,170102050502,,SDMM8,1967-10-01 00:00,2100-01-01 00:00,SNTL
1015,Sage Creek Basin,WY,Carbon,7830.0,41.40107,-107.2574,101800020802,,SGBW4,2001-10-01 00:00,2100-01-01 00:00,SNTL
1183,Sagwon,AK,North Slope,1000.0,69.42417,-148.6925,190604010905,,SGWA2,1982-10-01 00:00,2100-01-01 00:00,SNTL
1100,Saint Elmo,CO,Chaffee,10420.0,38.69985,-106.36805,110200010501,,CTEC2,2007-08-30 00:00,2100-01-01 00:00,SNTL
728,Salmon Meadows,WA,Okanogan,4460.0,48.65518,-119.8383,170200062003,,SAMW1,1979-10-01 00:00,2100-01-01 00:00,SNTL
729,Salt Creek Falls,OR,Lane,4220.0,43.61193,-122.11758,170900010301,,SCFO3,1979-10-01 00:00,2100-01-01 00:00,SNTL
730,Salt River Summit,WY,Lincoln,7630.0,42.5075,-110.9099,170401050101,,SLTW4,1959-10-01 00:00,2100-01-01 00:00,SNTL
1172,San Antonio Sink,NM,Rio Arriba,9120.0,36.85967,-106.22657,130100050301,,SSCN5,2011-07-14 00:00,2100-01-01 00:00,SNTL
731,Sand Lake,WY,Carbon,10080.0,41.4625,-106.281,101800040101,,SNLW4,1979-10-01 00:00,2100-01-01 00:00,SNTL
732,Sandstone RS,WY,Carbon,8150.0,41.11179,-107.17043,140500030208,,SRSW4,1984-10-01 00:00,2100-01-01 00:00,SNTL
922,Santa Fe,NM,Santa Fe,11480.0,35.77154,-105.78487,130202010102,,SFSN5,1996-10-01 00:00,2100-01-01 00:00,SNTL
1280,Santaquin Meadows,UT,Utah,7830.0,39.92076,-111.71802,160202010301,,,2016-10-27 00:00,2100-01-01 00:00,SNTL
733,Santiam Jct.,OR,Linn,3740.0,44.43503,-121.94502,170900040201,,SAJO3,1978-10-01 00:00,2100-01-01 00:00,SNTL
1128,Sargents Mesa,CO,Saguache,11490.0,38.2856,-106.37085,130100040306,,SGMC2,2008-10-01 00:00,2100-01-01 00:00,SNTL
734,Sasse Ridge,WA,Kittitas,4340.0,47.38485,-121.06323,170300010104,,SASW1,1983-10-01 00:00,2100-01-01 00:00,SNTL
1231,Satus Pass,WA,Klickitat,3960.0,45.98797,-120.67734,170701060301,,SPSW1,2012-08-23 00:00,2100-01-01 00:00,SNTL
735,Savage Pass,ID,Idaho,6170.0,46.46633,-114.63333,170603030208,,SVPI1,1982-10-01 00:00,2100-01-01 00:00,SNTL
1068,Sawmill Ridge,WA,King,4640.0,47.15992,-121.42172,171100130104,,SAWW1,2006-07-27 00:00,2100-01-01 00:00,SNTL
1251,Sawtooth,CO,Boulder,9640.0,40.13632,-105.58486,101900050102,,SATC2,2014-09-23 00:00,2100-01-01 00:00,SNTL
736,Schneider Meadows,OR,Baker,5400.0,45.00107,-117.16522,170502010603,,SCHO3,1980-10-01 00:00,2100-01-01 00:00,SNTL
737,Schofield Pass,CO,Gunnison,10640.0,39.01467,-107.04933,140100040701,,SOSC2,1984-10-01 00:00,2100-01-01 00:00,SNTL
915,Schwartz Lake,ID,Lemhi,8620.0,44.84618,-113.83732,170602040604,,SCHI1,1995-09-26 00:00,2100-01-01 00:00,SNTL
738,Schweitzer Basin,ID,Bonner,6090.0,48.37428,-116.63917,170102150502,,STZI1,1979-10-01 00:00,2100-01-01 00:00,SNTL
1038,Schweitzer Saddle,ID,Bonner,6090.0,48.37431,-116.63926,170102150502,,SCWI1,2002-09-18 00:00,2008-10-01 00:00,SNTL
739,Scotch Creek,CO,Dolores,9160.0,37.64562,-108.00833,140300020204,,SHSC2,1985-10-01 00:00,2100-01-01 00:00,SNTL
740,Secesh Summit,ID,Valley,6520.0,45.18848,-115.97152,170501230101,,SCSI1,1979-10-01 00:00,2100-01-01 00:00,SNTL
741,Sedgwick Peak,ID,Bannock,7800.0,42.52463,-111.95632,170402080209,,SEPI1,1988-10-01 00:00,2100-01-01 00:00,SNTL
742,Seeley Creek,UT,Sanpete,9900.0,39.31042,-111.43297,140600090203,,SEEU1,1978-10-18 00:00,2100-01-01 00:00,SNTL
743,Seine Creek,OR,Washington,2070.0,45.52688,-123.29857,170900100203,,SECO3,1979-10-01 00:00,2100-01-01 00:00,SNTL
744,Senorita Divide #2,NM,Rio Arriba,8560.0,36.00152,-106.83408,130202020102,,SENN5,1979-10-01 00:00,2100-01-01 00:00,SNTL
1043,Sentinel Butte,WA,Ferry,4680.0,48.86133,-118.39843,170200021705,,SENW1,2003-08-27 00:00,2100-01-01 00:00,SNTL
1330,Seven Mile,AK,Yukon-Koyukuk,660.0,65.93772,-149.8631,190804040306,,SVMA2,2024-09-24 00:00,2100-01-01 00:00,SNTL
745,Sevenmile Marsh,OR,Klamath,5690.0,42.69825,-122.14165,180102030104,,SVMO3,1979-10-01 00:00,2100-01-01 00:00,SNTL
746,Seventysix Creek,NV,Elko,7360.0,41.73732,-115.47215,170501020108,,SSCN2,1978-10-01 00:00,2100-01-01 00:00,SNTL
747,Shanghi Summit,ID,Clearwater,4590.0,46.56603,-115.74216,170603060402,,SHAI1,1982-10-01 00:00,2100-01-01 00:00,SNTL
1060,Sharkstooth,CO,Montezuma,10730.0,37.50356,-108.11405,140300020206,,SKZC2,2004-10-01 00:00,2100-01-01 00:00,SNTL
748,Sheep Canyon,WA,Cowlitz,3990.0,46.19325,-122.25393,170800050601,,SHPW1,1980-10-01 00:00,2100-01-01 00:00,SNTL
749,Sheep Mtn.,ID,Bingham,6630.0,43.2103,-111.68792,170402050304,,SPMI1,1978-10-01 00:00,2100-01-01 00:00,SNTL
750,Sheldon,NV,Washoe,5860.0,41.90435,-119.44464,171200080106,,SHEN2,1988-10-01 00:00,2100-01-01 00:00,SNTL
751,Shell Creek,WY,Big Horn,9570.0,44.50012,-107.42947,100800100101,,SCRW4,1978-10-01 00:00,2100-01-01 00:00,SNTL
752,Sherwin,ID,Latah,3190.0,46.95028,-116.33972,170103040703,,SHWI1,1979-10-01 00:00,2100-01-01 00:00,SNTL
753,Short Creek,MT,Madison,6980.0,44.97572,-111.95215,100200030106,,SHCM8,1985-10-01 00:00,2100-01-01 00:00,SNTL
754,Shower Falls,MT,Gallatin,8060.0,45.40125,-110.95758,100200081001,,SHFM8,1964-10-01 00:00,2100-01-01 00:00,SNTL
1169,Shuree,NM,Taos,10080.0,36.78765,-105.2392,130201010102,,SHUN5,2010-08-09 00:00,2100-01-01 00:00,SNTL
1034,Sierra Blanca,NM,Lincoln,10250.0,33.40682,-105.79467,130600080103,,SIEN5,2002-09-30 00:00,2100-01-01 00:00,SNTL
755,Signal Peak,NM,Grant,8390.0,32.92342,-108.14546,150400010803,,SGNN5,1978-10-01 00:00,2100-01-01 00:00,SNTL
756,Silver Creek,OR,Lake,5750.0,42.95615,-121.18123,171200050206,,SVCO3,1979-10-01 00:00,2100-01-01 00:00,SNTL
757,Silver Creek Divide,NM,Catron,9080.0,33.3696,-108.70711,150400040605,,SCDN5,1978-10-01 00:00,2100-01-01 00:00,SNTL
1205,Silver Creek Nv,NV,White Pine,8220.0,39.23305,-114.2429,160203010806,,SILN2,2011-12-22 00:00,2100-01-01 00:00,SNTL
759,Silvies,OR,Harney,7000.0,42.75333,-118.68785,171200030201,,SLVO3,1978-10-01 00:00,2100-01-01 00:00,SNTL
760,Skalkaho Summit,MT,Granite,7260.0,46.24212,-113.7725,170102021003,,SKAM8,1966-10-01 00:00,2100-01-01 00:00,SNTL
1257,Skate Creek,WA,Lewis,3770.0,46.64336,-121.83044,170800040505,,SKTW1,2014-10-15 00:00,2100-01-01 00:00,SNTL
912,Skookum Creek,WA,King,3310.0,47.68433,-121.61007,171100100503,,KUSW1,1995-08-28 00:00,2100-01-01 00:00,SNTL
1286,Slagamelt Lakes,MT,Beaverhead,8600.0,45.36526,-113.71834,100200040308,,SLMM8,2017-09-14 00:00,2100-01-01 00:00,SNTL
783,Sleeping Woman,MT,Sanders,6120.0,47.17902,-114.33371,170102120708,,SQPM8,1988-10-01 00:00,2100-01-01 00:00,SNTL
761,Slug Creek Divide,ID,Caribou,7240.0,42.56248,-111.29797,170402070201,,SLGI1,1978-10-01 00:00,2100-01-01 00:00,SNTL
762,Slumgullion,CO,Hinsdale,11560.0,37.99076,-107.20392,140200020502,,SLMC2,1979-10-01 00:00,2100-01-01 00:00,SNTL
926,Smiley Mountain,ID,Custer,9540.0,43.72718,-113.83402,170402180102,,SMMI1,2001-09-19 00:00,2100-01-01 00:00,SNTL
763,Smith  Morehouse,UT,Summit,7640.0,40.78931,-111.09192,160201010203,,SMMU1,1978-10-01 00:00,2100-01-01 00:00,SNTL
1167,Smith Ridge,OR,Linn,3270.0,44.30325,-122.04053,170900040203,,SMTO3,2011-10-01 00:00,2100-01-01 00:00,SNTL
764,Snake River Station,WY,Teton,6900.0,44.13361,-110.66917,170401010402,,SKRW4,1989-10-01 00:00,2100-01-01 00:00,SNTL
765,Snider Basin,WY,Sublette,8080.0,42.4949,-110.53203,140401010906,,SNIW4,1980-09-15 00:00,2100-01-01 00:00,SNTL
767,Snow Mountain,OR,Harney,6230.0,43.94885,-119.54013,171200020501,,SNWO3,1978-10-01 00:00,2100-01-01 00:00,SNTL
766,Snowbird,UT,Salt Lake,9170.0,40.56914,-111.65852,160202040202,,SBDU1,1989-08-23 00:00,2100-01-01 00:00,SNTL
927,Snowslide Canyon,AZ,Coconino,9720.0,35.34179,-111.65084,150200160201,,XSCA3,1997-09-01 00:00,2100-01-01 00:00,SNTL
1208,Snowstorm Mtn,NV,Elko,7410.0,41.33981,-116.98044,160401090203,,SSMN2,2011-12-23 00:00,2100-01-01 00:00,SNTL
1132,Soldier Park,WY,Johnson,8680.0,44.34847,-107.0136,100902060103,,SLDW4,2010-08-06 00:00,2100-01-01 00:00,SNTL
769,Soldier R.S.,ID,Camas,5780.0,43.48407,-114.82692,170402200303,,SRSI1,1985-10-01 00:00,2100-01-01 00:00,SNTL
770,Somsen Ranch,ID,Caribou,6830.0,42.95275,-111.35933,170402070101,,SORI1,1978-10-01 00:00,2100-01-01 00:00,SNTL
771,Sonora Pass,CA,Mono,8770.0,38.31021,-119.6003,160503020104,,SRAC1,1978-10-01 00:00,2100-01-01 00:00,SNTL
985,Sourdough Gulch,WA,Asotin,3970.0,46.23713,-117.39435,170601030202,,SGUW1,2000-07-01 00:00,2100-01-01 00:00,SNTL
772,South Brush Creek,WY,Carbon,8480.0,41.3295,-106.5025,101800020303,,SBCW4,1976-02-01 00:00,2100-01-01 00:00,SNTL
773,South Colony,CO,Custer,10790.0,37.96647,-105.53671,110200011206,,SCYC2,1990-10-01 00:00,2100-01-01 00:00,SNTL
925,South Fork Bull Run,OR,Clackamas,2690.0,45.44575,-122.03125,170800010504,,SFBO3,1997-09-18 00:00,2100-01-01 00:00,SNTL
774,South Mtn.,ID,Owyhee,6650.0,42.76476,-116.90029,170501080205,,SMTI1,1978-10-01 00:00,2100-01-01 00:00,SNTL
775,South Pass,WY,Fremont,9040.0,42.57314,-108.84324,100800030101,,SPSW4,1984-10-01 00:00,2100-01-01 00:00,SNTL
776,Spencer Meadow,WA,Skamania,3400.0,46.1795,-121.92661,170800020108,,SPMW1,1980-10-01 00:00,2100-01-01 00:00,SNTL
777,Spirit Lake,WA,Skamania,3520.0,46.26113,-122.1772,170800050502,,SPTW1,1983-10-01 00:00,2100-01-01 00:00,SNTL
1117,Spirit Lk,UT,Daggett,10240.0,40.83868,-110.00527,140401060501,,SPKU1,2009-10-01 00:00,2100-01-01 00:00,SNTL
778,Spratt Creek,CA,Alpine,6060.0,38.66627,-119.81741,160502010107,,SPCC1,1983-10-01 00:00,2100-01-01 00:00,SNTL
2044,Spring Creek,AK,Matanuska-Susitna,590.0,61.65653,-149.12926,190204020709,,SCPA2,2018-06-16 00:00,2100-01-01 00:00,SNTL
779,Spring Creek Divide,WY,Sublette,9020.0,42.52516,-110.66148,140401011001,,SCDW4,1978-10-01 00:00,2100-01-01 00:00,SNTL
984,Spruce Springs,WA,Garfield,5690.0,46.18287,-117.54155,170601030201,,SPGW1,2000-07-01 00:00,2100-01-01 00:00,SNTL
780,Spud Mountain,CO,San Juan,10660.0,37.69883,-107.77841,140801040202,,SPSC2,1985-10-01 00:00,2100-01-01 00:00,SNTL
781,Spur Park,MT,Judith Basin,8080.0,46.77962,-110.62165,100401030301,,SPRM8,1966-10-01 00:00,2100-01-01 00:00,SNTL
786,St. Lawrence Alt,WY,Fremont,8610.0,43.03312,-109.17021,100800020105,,SLAW4,1983-10-01 00:00,2100-01-01 00:00,SNTL
1203,Stag Mountain,NV,Elko,7640.0,41.408,-115.4464,170501020101,,STGN2,2011-12-23 00:00,2100-01-01 00:00,SNTL
787,Stahl Peak,MT,Lincoln,6040.0,48.90902,-114.86298,170101010801,,STAM8,1968-10-01 00:00,2100-01-01 00:00,SNTL
788,Stampede Pass,WA,King,3850.0,47.27427,-121.34162,171100130103,,SMPW1,1979-10-01 00:00,2100-01-01 00:00,SNTL
789,Starr Ridge,OR,Grant,5240.0,44.26423,-119.02162,171200020102,,STRO3,1979-10-01 00:00,2100-01-01 00:00,SNTL
1258,State Line,CA,Modoc,5690.0,41.98609,-120.71574,180102040201,,TATC1,2014-06-17 00:00,2100-01-01 00:00,SNTL
790,Steel Creek Park,UT,Summit,10140.0,40.90862,-110.50462,140401070203,,SCKU1,1978-10-01 00:00,2100-01-01 00:00,SNTL
791,Stevens Pass,WA,King,3940.0,47.74607,-121.09288,171100090102,,SVNW1,1979-10-01 00:00,2100-01-01 00:00,SNTL
792,Stickney Mill,ID,Custer,7440.0,43.86117,-114.20902,170402180303,,STMI1,1979-10-01 00:00,2100-01-01 00:00,SNTL
793,Stillwater Creek,CO,Grand,8760.0,40.22532,-105.9198,140100010306,,SCSC2,1985-10-01 00:00,2100-01-01 00:00,SNTL
794,Strawberry,OR,Lake,5760.0,42.12587,-120.8361,180102040501,,STWO3,1979-10-01 00:00,2100-01-01 00:00,SNTL
795,Strawberry Divide,UT,Wasatch,8100.0,40.16483,-111.20665,140600040103,,STDU1,1978-10-01 00:00,2100-01-01 00:00,SNTL
1009,Stringer Creek,MT,Meagher,6550.0,46.9269,-110.90198,100301030801,,STCM8,1992-10-01 00:00,2100-01-01 00:00,SNTL
1311,Stryker Basin,MT,Flathead,6200.0,48.68005,-114.66365,170102100501,,STYM8,2023-09-29 00:00,2100-01-01 00:00,SNTL
901,Stuart Mountain,MT,Missoula,7270.0,46.99521,-113.92667,170102040102,,STTM8,1994-07-26 00:00,2100-01-01 00:00,SNTL
797,Stump Lakes,CO,La Plata,11230.0,37.47647,-107.63348,140801040702,,STPC2,1985-10-01 00:00,2100-01-01 00:00,SNTL
798,Sucker Creek,WY,Sheridan,8840.0,44.72279,-107.40035,100901010203,,SUCW4,1978-10-01 00:00,2100-01-01 00:00,SNTL
1095,Sugarloaf Mtn,AK,Valdez-Cordova,530.0,61.08042,-146.30202,190202011101,,SUGA2,2006-10-01 00:00,2100-01-01 00:00,SNTL
800,Summer Rim,OR,Lake,7080.0,42.6957,-120.80158,180102020103,,SMRO3,1978-10-01 00:00,2100-01-01 00:00,SNTL
955,Summit Creek,AK,Kenai Peninsula,1340.0,60.61713,-149.53128,190203020401,,SUUA2,1988-10-01 00:00,2100-01-01 00:00,SNTL
801,Summit Lake,OR,Klamath,5610.0,43.44907,-122.13808,170703020203,,SMLO3,1978-10-01 00:00,2100-01-01 00:00,SNTL
1194,Summit Lk,NV,Humboldt,7590.0,41.48953,-118.99663,160402021301,,MTLN2,2011-10-01 00:00,2100-01-01 00:00,SNTL
1052,Summit Meadow,CA,Mono,9360.0,38.39747,-119.53522,160503020203,,SDWC1,2003-10-01 00:00,2100-01-01 00:00,SNTL
802,Summit Ranch,CO,Summit,9350.0,39.71803,-106.1577,140100020502,,SUMC2,1979-10-01 00:00,2100-01-01 00:00,SNTL
1078,Sun Pass,OR,Klamath,5400.0,42.78637,-121.97715,180102010602,,SSSO3,2006-06-27 00:00,2100-01-01 00:00,SNTL
1249,Sunflower Flat,UT,Garfield,10010.0,38.048,-111.33981,140700030406,,SFFU1,2013-10-23 00:00,2100-01-01 00:00,SNTL
803,Sunset,ID,Shoshone,5580.0,47.55545,-115.82422,170103020102,,SNSI1,1978-10-01 00:00,2100-01-01 00:00,SNTL
804,Surprise Lakes,WA,Skamania,4280.0,46.09497,-121.76345,170800020107,,SPLW1,1978-10-01 00:00,2100-01-01 00:00,SNTL
967,Susitna Valley High,AK,Matanuska-Susitna,360.0,62.13245,-150.04391,190205050105,,SUVA2,1986-10-01 00:00,2100-01-01 00:00,SNTL
1248,Suu Ranch,UT,Iron,8050.0,37.59711,-112.92949,160300060306,,SURU1,2013-10-01 00:00,2100-01-01 00:00,SNTL
975,Swamp Creek,WA,Skagit,3930.0,48.57142,-120.78267,171100050503,,SWSW1,1999-10-01 00:00,2100-01-01 00:00,SNTL
1077,Swan Lake Mtn,OR,Klamath,6840.0,42.41323,-121.68002,180102040802,,SWNO3,2006-10-01 00:00,2100-01-01 00:00,SNTL
805,Swede Peak,ID,Blaine,7640.0,43.626,-113.96887,170402210301,,SWPI1,1978-10-01 00:00,2100-01-01 00:00,SNTL
1012,Swift Creek,WA,Skamania,4440.0,46.1638,-122.18402,170800020304,,SWCW1,2001-10-01 00:00,2100-01-01 00:00,SNTL
806,Sylvan Lake,WY,Park,8440.0,44.47764,-110.15651,100700010404,,SYLW4,1978-10-01 00:00,2100-01-01 00:00,SNTL
807,Sylvan Road,WY,Park,7140.0,44.47825,-110.03808,100800120103,,SYRW4,1986-10-01 00:00,2100-01-01 00:00,SNTL
809,Tahoe City Cross,CA,Placer,6760.0,39.17162,-120.15362,160501010101,,THOC1,1980-10-01 00:00,2100-01-01 00:00,SNTL
1247,Takka Wiiya,UT,Juab,9110.0,39.74104,-113.98262,160203060804,,TAKU1,2013-10-01 00:00,2100-01-01 00:00,SNTL
1168,Taos Powderhorn,NM,Taos,11030.0,36.58195,-105.45617,130201010701,,TABN5,2010-08-09 00:00,2100-01-01 00:00,SNTL
1307,Taos Pueblo,NM,Colfax,10990.0,36.54099,-105.35944,130201010602,,TPSN5,2021-09-21 00:00,2100-01-01 00:00,SNTL
810,Taylor Butte,OR,Klamath,5030.0,42.69108,-121.42592,180102020606,,TYBO3,1978-10-01 00:00,2100-01-01 00:00,SNTL
811,Taylor Canyon,NV,Elko,6320.0,41.2287,-116.0293,170501050105,,TACN2,1980-10-01 00:00,2100-01-01 00:00,SNTL
812,Taylor Green,OR,Baker,5730.0,45.07707,-117.55067,170601040502,,TYLO3,1978-10-01 00:00,2100-01-01 00:00,SNTL
1266,Telaquana Lake,AK,Bethel,1250.0,60.98347,-153.91866,190304052303,,TQUA2,2014-07-09 00:00,2100-01-01 00:00,SNTL
1013,Temple Fork,UT,Cache,7420.0,41.793,-111.54605,160102030303,,TPKU1,2001-11-05 00:00,2100-01-01 00:00,SNTL
1202,Tent Mtn Lower,NV,Elko,7110.0,40.97852,-115.17215,160401010704,,TMLN2,2011-12-23 00:00,2100-01-01 00:00,SNTL
813,Tepee Creek,MT,Madison,7950.0,44.78562,-111.71,100200070602,,TPEM8,1971-10-01 00:00,2100-01-01 00:00,SNTL
951,Teuchet Creek,AK,Fairbanks North Star,1560.0,64.94763,-145.52079,190803060301,,TEUA2,1980-10-01 00:00,2100-01-01 00:00,SNTL
814,Thaynes Canyon,UT,Summit,9250.0,40.6235,-111.53322,160201020101,,THCU1,1988-06-20 00:00,2100-01-01 00:00,SNTL
1226,Thistle Flat,UT,Sanpete,8790.0,39.23803,-111.51998,160300040501,,THIU1,2012-10-01 00:00,2100-01-01 00:00,SNTL
815,Three Creeks Meadow,OR,Deschutes,5680.0,44.14425,-121.64095,170703010601,,TCMO3,1979-10-01 00:00,2100-01-01 00:00,SNTL
816,Thumb Divide,WY,Teton,7970.0,44.36917,-110.57717,100700010409,,THUW4,1987-09-30 00:00,2100-01-01 00:00,SNTL
817,Thunder Basin,WA,Skagit,4310.0,48.52753,-120.9895,171100050702,,THBW1,1987-09-30 00:00,2100-01-01 00:00,SNTL
818,Tie Creek,WY,Sheridan,7050.0,44.81243,-107.41017,100901010205,,TIEW4,1994-08-01 00:00,2100-01-01 00:00,SNTL
819,Timber Creek,WY,Park,7910.0,44.0274,-109.17879,100800090210,,TICW4,1967-08-01 00:00,2100-01-01 00:00,SNTL
1097,Timberline,UT,Carbon,8720.0,39.67712,-110.43395,140600070903,,TLNU1,2007-10-01 00:00,2100-01-01 00:00,SNTL
820,Timpanogos Divide,UT,Utah,8180.0,40.42817,-111.61633,160202010802,,TIMU1,1978-10-01 00:00,2100-01-01 00:00,SNTL
899,Tinkham Creek,WA,King,3000.0,47.33198,-121.46975,171100120101,,TKSW1,1993-10-01 00:00,2100-01-01 00:00,SNTL
821,Tipton,OR,Baker,5150.0,44.65567,-118.42617,170502020101,,TIPO3,1978-10-01 00:00,2100-01-01 00:00,SNTL
893,Tizer Basin,MT,Jefferson,6880.0,46.34937,-111.85308,100301010701,,TIBM8,1987-10-01 00:00,2100-01-01 00:00,SNTL
1136,Toe Jam,NV,Elko,7700.0,41.3187,-116.3408,160401060202,,TJMN2,2009-10-01 00:00,2100-01-01 00:00,SNTL
822,Togwotee Pass,WY,Teton,9590.0,43.74902,-110.0578,100800010201,,TOGW4,1960-10-01 00:00,2100-01-01 00:00,SNTL
2080,Tok,AK,Southeast Fairbanks,1640.0,63.32529,-143.03834,190803020903,,TOSA2,2002-10-01 00:00,2100-01-01 00:00,SNTL
1044,Toketee Airstrip,OR,Douglas,3240.0,43.22718,-122.42537,171003010404,,TOKO3,2003-10-01 00:00,2100-01-01 00:00,SNTL
1089,Tokositna Valley,AK,Matanuska-Susitna,840.0,62.62918,-150.7741,190205020903,,TKVA2,2005-10-01 00:00,2100-01-01 00:00,SNTL
934,Tolby,NM,Colfax,10210.0,36.47498,-105.19534,110800020107,,TOLN5,1998-08-10 00:00,2100-01-01 00:00,SNTL
823,Tony Grove Lake,UT,Cache,8450.0,41.89833,-111.62957,160102030304,,TGLU1,1978-10-01 00:00,2100-01-01 00:00,SNTL
1113,Tony Grove RS,UT,Cache,6320.0,41.88573,-111.56918,160102030304,,TGSU1,2009-10-01 00:00,2100-01-01 00:00,SNTL
824,Touchet,WA,Columbia,5520.0,46.11868,-117.8505,170701020303,,TOHW1,1979-10-01 00:00,2100-01-01 00:00,SNTL
825,Tower,CO,Routt,10610.0,40.5374,-106.67655,140500010407,,TOWC2,1978-10-01 00:00,2100-01-01 00:00,SNTL
826,Townsend Creek,WY,Fremont,8720.0,42.69525,-108.89572,100800030203,,TWNW4,1979-10-01 00:00,2100-01-01 00:00,SNTL
827,Trapper Lake,CO,Garfield,9750.0,39.99881,-107.23618,140500050101,,TLSC2,1985-10-01 00:00,2100-01-01 00:00,SNTL
1083,Tres Ritos,NM,Taos,8740.0,36.1279,-105.52706,130201010903,,TREN5,2006-09-01 00:00,2100-01-01 00:00,SNTL
828,Trial Lake,UT,Summit,9970.0,40.678,-110.94873,160202030102,,TRLU1,1978-10-01 00:00,2100-01-01 00:00,SNTL
829,Trinchera,CO,Costilla,10850.0,37.35296,-105.23259,130100020601,,TCHC2,1988-10-01 00:00,2100-01-01 00:00,SNTL
1171,Trinity,WA,Chelan,2900.0,48.07471,-120.84989,170200110302,,TRIW1,2010-08-18 00:00,2100-01-01 00:00,SNTL
830,Trinity Mtn.,ID,Elmore,7790.0,43.62903,-115.43818,170501110703,,TRMI1,1978-10-01 00:00,2100-01-01 00:00,SNTL
831,Triple Peak,WY,Sublette,8520.0,42.76393,-110.5914,140401010503,,TRPW4,1984-10-01 00:00,2100-01-01 00:00,SNTL
832,Trough,WA,Kittitas,5480.0,47.23328,-120.29412,170200100402,,TRGW1,1978-10-01 00:00,2100-01-01 00:00,SNTL
833,Trout Creek,UT,Uintah,9440.0,40.739,-109.6728,140600100802,,TCKU1,1978-10-01 00:00,2100-01-01 00:00,SNTL
834,Truckee #2,CA,Placer,6500.0,39.30087,-120.18407,160501020204,,TRUC1,1980-10-01 00:00,2100-01-01 00:00,SNTL
954,Turnagain Pass,AK,Kenai Peninsula,1860.0,60.78043,-149.18325,190203020406,,TUGA2,1981-10-01 00:00,2100-01-01 00:00,SNTL
835,Twelvemile Creek,MT,Ravalli,5530.0,46.14287,-114.44755,170102050601,,TMCM8,1967-10-01 00:00,2100-01-01 00:00,SNTL
836,Twin Lakes,MT,Ravalli,6390.0,46.1438,-114.5056,170102050601,,TWLM8,1967-10-01 00:00,2100-01-01 00:00,SNTL
837,Two Ocean Plateau,WY,Teton,9240.0,44.15178,-110.22122,170401010201,,TOPW4,1979-10-01 00:00,2100-01-01 00:00,SNTL
838,University Camp,CO,Boulder,10330.0,40.03307,-105.57562,101900050401,,UVCC2,1978-10-01 00:00,2100-01-01 00:00,SNTL
952,Upper Chena,AK,Fairbanks North Star,2790.0,65.09852,-144.93318,190803060102,,UCEA2,1983-10-01 00:00,2100-01-01 00:00,SNTL
1227,Upper Joes Valley,UT,Emery,8600.0,39.4155,-111.2491,140600090201,,UJVU1,2012-10-01 00:00,2100-01-01 00:00,SNTL
1090,Upper Nome Creek,AK,Yukon-Koyukuk,2500.0,65.3671,-146.592,190804020304,,UNCA2,2005-10-01 00:00,2100-01-01 00:00,SNTL
839,Upper Rio Grande,CO,Hinsdale,9370.0,37.72172,-107.25971,130100010106,,URGC2,1985-10-01 00:00,2100-01-01 00:00,SNTL
840,Upper San Juan,CO,Mineral,10140.0,37.48563,-106.83528,140801010203,,USJC2,1978-10-01 00:00,2100-01-01 00:00,SNTL
1141,Upper Taylor,CO,Gunnison,10710.0,38.99071,-106.74504,140200010101,,UPTC2,2009-08-26 00:00,2100-01-01 00:00,SNTL
1055,Upper Tsaina River,AK,Valdez-Cordova,1730.0,61.19112,-145.64807,190201040203,,UPPA2,2002-10-01 00:00,2100-01-01 00:00,SNTL
841,Upper Wheeler,WA,Chelan,4330.0,47.28734,-120.37015,170200100310,,UPWW1,1979-10-01 00:00,2100-01-01 00:00,SNTL
1098,Usu Doc Daniel,UT,Rich,8610.0,41.86425,-111.50603,160102010103,,UDDU1,2007-10-01 00:00,2100-01-01 00:00,SNTL
1005,Ute Creek,CO,Costilla,10730.0,37.6148,-105.37322,130100020604,,UTCC2,2000-08-16 00:00,2100-01-01 00:00,SNTL
1137,Vacarro Springs,NV,Eureka,7890.0,39.4495,-115.9834,160600051503,,VCSN2,2011-10-01 00:00,2100-01-01 00:00,SNTL
1017,Vacas Locas,NM,Rio Arriba,9350.0,36.02653,-106.81361,130202020102,,VACN5,2001-10-01 00:00,2100-01-01 00:00,SNTL
842,Vail Mountain,CO,Eagle,10290.0,39.61765,-106.38019,140100030102,,VLMC2,1978-10-01 00:00,2100-01-01 00:00,SNTL
843,Vallecito,CO,La Plata,10740.0,37.48524,-107.50748,140801011105,,VALC2,1985-10-01 00:00,2100-01-01 00:00,SNTL
979,Van Wyck,ID,Washington,4960.0,44.37665,-116.3366,170501240902,,VWGI1,2000-10-01 00:00,2100-01-01 00:00,SNTL
844,Vernon Creek,UT,Tooele,7310.0,39.93667,-112.41478,160203040102,,VNCU1,1978-10-01 00:00,2100-01-01 00:00,SNTL
845,Vienna Mine,ID,Blaine,8930.0,43.79942,-114.85273,170602010201,,VNNI1,1978-10-01 00:00,2100-01-01 00:00,SNTL
846,Virginia Lakes Ridge,CA,Mono,9400.0,38.07298,-119.23433,160503010103,,VGAC1,1978-10-01 00:00,2100-01-01 00:00,SNTL
1188,Wager Gulch,CO,Hinsdale,11110.0,37.88248,-107.36428,140200020602,,WRGC2,2011-07-28 00:00,2100-01-01 00:00,SNTL
847,Waldron,MT,Teton,5640.0,47.91998,-112.79087,100302050102,,CHUM8,1968-10-01 00:00,2100-01-01 00:00,SNTL
848,Ward Creek #3,CA,Placer,6750.0,39.13545,-120.21865,160501010403,,WRDC1,1979-10-01 00:00,2100-01-01 00:00,SNTL
849,Ward Mountain,NV,White Pine,9170.0,39.13242,-114.95575,150100110105,,WDMN2,1980-10-01 00:00,2100-01-01 00:00,SNTL
850,Warm Springs,MT,Granite,7840.0,46.27368,-113.164,170102010302,,WRMM8,1977-07-01 00:00,2100-01-01 00:00,SNTL
974,Waterhole,WA,Clallam,5010.0,47.94485,-123.42594,171100200506,,WHSW1,1999-09-30 00:00,2100-01-01 00:00,SNTL
852,Webber Springs,WY,Carbon,9250.0,41.1591,-106.92809,101800020406,,WBSW4,1976-02-01 00:00,2100-01-01 00:00,SNTL
853,Webster Flat,UT,Iron,9150.0,37.575,-112.90155,150100080101,,WFLU1,1980-07-22 00:00,2100-01-01 00:00,SNTL
909,Wells Creek,WA,Whatcom,4030.0,48.8661,-121.78976,171100040103,,WCSW1,1995-08-24 00:00,2100-01-01 00:00,SNTL
1160,Weminuche Creek,CO,Hinsdale,10730.0,37.51968,-107.32139,140801020203,,WMNC2,2010-10-01 00:00,2100-01-01 00:00,SNTL
854,Wesner Springs,NM,San Miguel,11110.0,35.77584,-105.54337,130600010802,,WSSN5,1988-10-01 00:00,2100-01-01 00:00,SNTL
855,West Branch,ID,Adams,5590.0,45.0722,-116.45413,170501240201,,WBRI1,1979-10-01 00:00,2100-01-01 00:00,SNTL
924,West Yellowstone,MT,Gallatin,6680.0,44.65866,-111.09199,100200070205,,WYSM8,1966-10-01 00:00,2100-01-01 00:00,SNTL
1147,Wheeler Peak,NV,White Pine,10070.0,39.00995,-114.31021,160203010801,,WHPN2,2010-10-01 00:00,2100-01-01 00:00,SNTL
857,Whiskey Ck,CO,Las Animas,10260.0,37.21423,-105.12262,110200100102,,WSKC2,1979-10-01 00:00,2100-01-01 00:00,SNTL
858,Whiskey Creek,MT,Gallatin,6790.0,44.61088,-111.14998,100200070203,,WSKM8,1967-10-01 00:00,2100-01-01 00:00,SNTL
859,Whiskey Park,WY,Carbon,8950.0,41.00368,-106.90795,140500030102,,WPKW4,1985-10-01 00:00,2100-01-01 00:00,SNTL
860,White Elephant,ID,Fremont,7670.0,44.53267,-111.41085,170402020305,,WHEI1,1979-10-01 00:00,2100-01-01 00:00,SNTL
861,White Horse Lake,AZ,Coconino,7190.0,35.14189,-112.14966,150602020204,,WHLA3,1970-11-01 00:00,2100-01-01 00:00,SNTL
862,White Mill,MT,Park,8730.0,45.04575,-109.90987,100700060202,,WHTM8,1966-10-01 00:00,2100-01-01 00:00,SNTL
863,White Pass E.S.,WA,Yakima,4440.0,46.64142,-121.38153,170300020301,,WHPW1,1979-10-01 00:00,2100-01-01 00:00,SNTL
864,White River #1,UT,Wasatch,8620.0,39.9645,-110.98845,140600070102,,WRVU1,1978-10-01 00:00,2100-01-01 00:00,SNTL
1213,White River Nv,NV,White Pine,7370.0,38.94557,-115.37922,150100110302,,WHRN2,2011-12-23 09:00,2100-01-01 00:00,SNTL
865,Widtsoe #3,UT,Garfield,9640.0,37.83633,-111.88163,160300020403,,WSTU1,1978-10-01 00:00,2100-01-01 00:00,SNTL
543,Wilbur Bench,UT,Duchesne,9170.0,39.89166,-110.74604,140600040701,,ICYU1,1978-10-01 00:00,2100-01-01 00:00,SNTL
1042,Wild Basin,CO,Boulder,9410.0,40.201,-105.6025,101900050202,,WLBC2,2002-12-13 00:00,2100-01-01 00:00,SNTL
866,Wildcat,AZ,Apache,7850.0,33.74347,-109.48078,150601010109,,WCTA3,1983-10-01 00:00,2100-01-01 00:00,SNTL
867,Wildhorse Divide,ID,Bannock,6480.0,42.75743,-112.47783,170402080504,,WHDI1,1979-10-01 00:00,2100-01-01 00:00,SNTL
868,Willow Creek,WY,Lincoln,8060.0,42.81513,-110.83515,170401050204,,WILW4,1979-10-01 00:00,2100-01-01 00:00,SNTL
869,Willow Creek Pass,CO,Grand,9520.0,40.34734,-106.0952,140100010102,,WLLC2,1978-10-01 00:00,2100-01-01 00:00,SNTL
1317,Willow Flat CA,CA,Mono,8220.0,38.27203,-119.45124,160503020103,,WFSC1,2023-09-13 00:00,2100-01-01 00:00,SNTL
870,Willow Park,CO,Larimer,10710.0,40.43397,-105.73588,101900060204,,WPRC2,1979-10-01 00:00,2100-01-01 00:00,SNTL
871,Wilson Creek,ID,Twin Falls,7110.0,42.01257,-115.00278,170402130202,,WLCI1,1989-10-01 00:00,2100-01-01 00:00,SNTL
872,Windy Peak,WY,Albany,7900.0,42.27991,-105.57782,101800080802,,WNDW4,1979-10-01 00:00,2100-01-01 00:00,SNTL
873,Wolf Creek,OR,Union,5730.0,45.06704,-118.15185,170502030601,,WFCO3,1978-10-01 00:00,2100-01-01 00:00,SNTL
1164,Wolf Creek Peak,UT,Wasatch,9770.0,40.47733,-111.04469,160202030104,,,2020-08-26 00:00,2100-01-01 00:00,SNTL
874,Wolf Creek Summit,CO,Mineral,10930.0,37.47903,-106.80234,140801010203,,WCSC2,1985-10-01 00:00,2100-01-01 00:00,SNTL
875,Wolverine,WY,Park,7650.0,44.80417,-109.657,100700060104,,WLVW4,1979-10-01 00:00,2100-01-01 00:00,SNTL
876,Wood Creek,MT,Lewis and Clark,5970.0,47.44847,-112.81428,100301040202,,WODM8,1978-10-01 00:00,2100-01-01 00:00,SNTL
877,Workman Creek,AZ,Gila,7030.0,33.81259,-110.91852,150601030802,,WKMA3,1938-12-01 00:00,2100-01-01 00:00,SNTL
1228,Wrigley Creek,UT,Sanpete,9330.0,39.13233,-111.35685,140600090303,,WRIU1,2012-10-01 00:00,2100-01-01 00:00,SNTL
1197,Yankee Reservoir,UT,Iron,8690.0,37.74797,-112.77495,160300060202,,YKEU1,2012-10-01 00:00,2100-01-01 00:00,SNTL
878,Younts Peak,WY,Park,8340.0,43.93225,-109.81775,100800130103,,YOUW4,1979-10-01 00:00,2100-01-01 00:00,SNTL
1033,Zirkel,CO,Jackson,9320.0,40.79492,-106.59544,101800010202,,ZIRC2,2002-08-14 00:00,2100-01-01 00:00,SNTL
