{
"type": "FeatureCollection",
"name": "snotel_sites",
"crs": { "type": "name", "properties": { "name": "urn:ogc:def:crs:OGC:1.3:CRS84" } },
"features": [
{ "type": "Feature", "properties": { "station_id": "301", "name": "Adin Mtn", "state": "CA", "county": "Modoc", "elevation_ft": 6170.0, "latitude": 41.23583, "longitude": -120.79192, "huc": "180200021403", "actonId": null, "shefId": "ADMC1", "beginDate": "1983-10-01 00:00", "endDate": "2100-01-01 00:00", "network": "SNTL" }, "geometry": { "type": "Point", "coordinates": [ -120.79192, 41.23583 ] } },
{ "type": "Feature", "properties": { "station_id": "907", "name": "Agua Canyon", "state": "UT", "county": "Kane", "elevation_ft": 8890.0, "latitude": 37.52217, "longitude": -112.27118, "huc": "160300020301", "actonId": null, "shefId": "AGUU1", "beginDate": "1994-10-01 00:00", "endDate": "2100-01-01 00:00", "network": "SNTL" }, "geometry": { "type": "Point", "coordinates": [ -112.27118, 37.52217 ] } },
{ "type": "Feature", "properties": { "station_id": "916", "name": "Albro Lake", "state": "MT", "county": "Madison", "elevation_ft": 8500.0, "latitude": 45.59723, "longitude": -111.95902, "huc": "100200050701", "actonId": null, "shefId": "ABRM8", "beginDate": "1996-09-01 00:00", "endDate": "2100-01-01 00:00", "network": "SNTL" }, "geometry": { "type": "Point", "coordinates": [ -111.95902, 45.59723 ] } },
{ "type": "Feature", "properties": { "station_id": "1267", "name": "Alexander Lake", "state": "AK", "county": "Matanuska-Susitna", "elevation_ft": 170.0, "latitude": 61.7493, "longitude": -150.89199, "huc": "190205051106", "actonId": null, "shefId": "ALXA2", "beginDate": "2014-08-28 00:00", "endDate": "2100-01-01 00:00", "network": "SNTL" }, "geometry": { "type": "Point", "coordinates": [ -150.89199, 61.7493 ] } },
{ "type": "Feature", "properties": { "station_id": "908", "name": "Alpine Meadows", "state": "WA", "county": "King", "elevation_ft": 3500.0, "latitude": 47.77957, "longitude": -121.69847, "huc": "171100100501", "actonId": null, "shefId": "APSW1", "beginDate": "1994-09-01 00:00", "endDate": "2100-01-01 00:00", "network": "SNTL" }, "geometry": { "type": "Point", "coordinates": [ -121.69847, 47.77957 ] } },
{ "type": "Feature", "properties": { "station_id": "1344", "name": "Alta Lakes", "state": "CO", "county": "San Miguel", "elevation_ft": 11290.0, "latitude": 37.88929, "longitude": -107.84484, "huc": "140300030103", "actonId": null, "shefId": null, "beginDate": "2025-09-25 05:00", "endDate": "2100-01-01 00:00", "network": "SNTL" }, "geometry": { "type": "Point", "coordinates": [ -107.84484, 37.88929 ] } },
{ "type": "Feature", "properties": { "station_id": "1189", "name": "American Creek", "state": "AK", "county": "Southeast Fairbanks", "elevation_ft": 1020.0, "latitude": 64.78969, "longitude": -141.23376, "huc": "190705050504", "actonId": null, "shefId": "AMCA2", "beginDate": "2011-08-04 00:00", "endDate": "2100-01-01 00:00", "network": "SNTL" }, "geometry": { "type": "Point", "coordinates": [ -141.23376, 64.78969 ] } },
{ "type": "Feature", "properties": { "station_id": "1062", "name": "Anchor River Divide", "state": "AK", "county": "Kenai Peninsula", "elevation_ft": 1650.0, "latitude": 59.8608, "longitude": -151.31494, "huc": "190203010701", "actonId": null, "shefId": "ARDA2", "beginDate": "1980-10-01 00:00", "endDate": "2100-01-01 00:00", "network": "SNTL" }, "geometry": { "type": "Point", "coordinates": [ -151.31494, 59.8608 ] } },
{ "type": "Feature", "properties": { "station_id": "1070", "name": "Anchorage Hillside", "state": "AK", "county": "Anchorage", "elevation_ft": 1910.0, "latitude": 61.11315, "longitude": -149.68345, "huc": "190204010601", "actonId": null, "shefId": "HILA2", "beginDate": "2004-10-01 00:00", "endDate": "2100-01-01 00:00", "network": "SNTL" }, "geometry": { "type": "Point", "coordinates": [ -149.68345, 61.11315 ] } },
{ "type": "Feature", "properties": { "station_id": "302", "name": "Aneroid Lake #2", "state": "OR", "county": "Wallowa", "elevation_ft": 7430.0, "latitude": 45.21332, "longitude": -117.19255, "huc": "170601050101", "actonId": null, "shefId": "ANRO3", "beginDate": "1980-10-01 00:00", "endDate": "2100-01-01 00:00", "network": "SNTL" }, "geometry": { "type": "Point", "coordinates": [ -117.19255, 45.21332 ] } },
{ "type": "Feature", "properties": { "station_id": "2065", "name": "Aniak", "state": "AK", "county": "Bethel", "elevation_ft": 90.0, "latitude": 61.58337, "longitude": -159.57708, "huc": "190305020504", "actonId": null, "shefId": "AMBA2", "beginDate": "2002-07-21 00:00", "endDate": "2100-01-01 00:00", "network": "SNTL" }, "geometry": { "type": "Point", "coordinates": [ -159.57708, 61.58337 ] } },
{ "type": "Feature", "properties": { "station_id": "1000", "name": "Annie Springs", "state": "OR", "county": "Klamath", "elevation_ft": 6020.0, "latitude": 42.87007, "longitude": -122.16518, "huc": "180102030101", "actonId": null, "shefId": "ANSO3", "beginDate": "2000-09-01 00:00", "endDate": "2100-01-01 00:00", "network": "SNTL" }, "geometry": { "type": "Point", "coordinates": [ -122.16518, 42.87007 ] } },
{ "type": "Feature", "properties": { "station_id": "303", "name": "Apishapa", "state": "CO", "county": "Huerfano", "elevation_ft": 10000.0, "latitude": 37.33067, "longitude": -105.06766, "huc": "110200060406", "actonId": null, "shefId": "APSC2", "beginDate": "1979-10-01 00:00", "endDate": "2100-01-01 00:00", "network": "SNTL" }, "geometry": { "type": "Point", "coordinates": [ -105.06766, 37.33067 ] } },
{ "type": "Feature", "properties": { "station_id": "1030", "name": "Arapaho Ridge", "state": "CO", "county": "Grand", "elevation_ft": 10960.0, "latitude": 40.35098, "longitude": -106.38141, "huc": "140100010604", "actonId": null, "shefId": "ARPC2", "beginDate": "2002-08-01 00:00", "endDate": "2100-01-01 00:00", "network": "SNTL" }, "geometry": { "type": "Point", "coordinates": [ -106.38141, 40.35098 ] } },
{ "type": "Feature", "properties": { "station_id": "304", "name": "Arbuckle Mtn", "state": "OR", "county": "Morrow", "elevation_ft": 5770.0, "latitude": 45.19085, "longitude": -119.25392, "huc": "170702020604", "actonId": null, "shefId": "ARBO3", "beginDate": "1978-10-01 00:00", "endDate": "2100-01-01 00:00", "network": "SNTL" }, "geometry": { "type": "Point", "coordinates": [ -119.25392, 45.19085 ] } },
{ "type": "Feature", "properties": { "station_id": "305", "name": "Arrow", "state": "CO", "county": "Grand", "elevation_ft": 9660.0, "latitude": 39.9155, "longitude": -105.76083, "huc": "140100010202", "actonId": null, "shefId": "AROC2", "beginDate": "1978-10-01 00:00", "endDate": "2013-10-01 00:00", "network": "SNTL" }, "geometry": { "type": "Point", "coordinates": [ -105.76083, 39.9155 ] } },
{ "type": "Feature", "properties": { "station_id": "957", "name": "Atigun Pass", "state": "AK", "county": "North Slope", "elevation_ft": 4780.0, "latitude": 68.12983, "longitude": -149.47817, "huc": "190802010102", "actonId": null, "shefId": "ATGA2", "beginDate": "1981-10-01 00:00", "endDate": "2100-01-01 00:00", "network": "SNTL" }, "geometry": { "type": "Point", "coordinates": [ -149.47817, 68.12983 ] } },
{ "type": "Feature", "properties": { "station_id": "306", "name": "Atlanta Summit", "state": "ID", "county": "Elmore", "elevation_ft": 7570.0, "latitude": 43.7569, "longitude": -115.23907, "huc": "170501110204", "actonId": null, "shefId": "ATAI1", "beginDate": "1978-10-01 00:00", "endDate": "2100-01-01 00:00", "network": "SNTL" }, "geometry": { "type": "Point", "coordinates": [ -115.23907, 43.7569 ] } },
{ "type": "Feature", "properties": { "station_id": "1308", "name": "Atwater", "state": "UT", "county": "Salt Lake", "elevation_ft": 8750.0, "latitude": 40.59124, "longitude": -111.63775, "huc": "160202040202", "actonId": null, "shefId": null, "beginDate": "2022-08-25 00:00", "endDate": "2100-01-01 00:00", "network": "SNTL" }, "geometry": { "type": "Point", "coordinates": [ -111.63775, 40.59124 ] } },
{ "type": "Feature", "properties": { "station_id": "307", "name": "Badger Pass", "state": "MT", "county": "Pondera", "elevation_ft": 6870.0, "latitude": 48.13091, "longitude": -113.02311, "huc": "100302010201", "actonId": null, "shefId": "BADM8", "beginDate": "1968-10-01 00:00", "endDate": "2100-01-01 00:00", "network": "SNTL" }, "geometry": { "type": "Point", "coordinates": [ -113.02311, 48.13091 ] } },
{ "type": "Feature", "properties": { "station_id": "308", "name": "Baker Butte", "state": "AZ", "county": "Coconino", "elevation_ft": 7360.0, "latitude": 34.45654, "longitude": -111.40651, "huc": "150602030206", "actonId": null, "shefId": "BKBA3", "beginDate": "1965-10-01 00:00", "endDate": "2100-01-01 00:00", "network": "SNTL" }, "geometry": { "type": "Point", "coordinates": [ -111.40651, 34.45654 ] } },
{ "type": "Feature", "properties": { "station_id": "1140", "name": "Baker Butte Smt", "state": "AZ", "county": "Coconino", "elevation_ft": 7720.0, "latitude": 34.45552, "longitude": -111.38262, "huc": "150602030103", "actonId": null, "shefId": "BBSA3", "beginDate": "2009-05-18 00:00", "endDate": "2100-01-01 00:00", "network": "SNTL" }, "geometry": { "type": "Point", "coordinates": [ -111.38262, 34.45552 ] } },
{ "type": "Feature", "properties": { "station_id": "309", "name": "Bald Mtn.", "state": "WY", "county": "Big Horn", "elevation_ft": 9360.0, "latitude": 44.80061, "longitude": -107.84428, "huc": "100800100501", "actonId": null, "shefId": "BLDW4", "beginDate": "1975-10-01 00:00", "endDate": "2100-01-01 00:00", "network": "SNTL" }, "geometry": { "type": "Point", "coordinates": [ -107.84428, 44.80061 ] } },
{ "type": "Feature", "properties": { "station_id": "310", "name": "Baldy", "state": "AZ", "county": "Apache", "elevation_ft": 9210.0, "latitude": 33.97845, "longitude": -109.50357, "huc": "150200010203", "actonId": null, "shefId": "BLDA3", "beginDate": "1949-11-01 00:00", "endDate": "2100-01-01 00:00", "network": "SNTL" }, "geometry": { "type": "Point", "coordinates": [ -109.50357, 33.97845 ] } },
{ "type": "Feature", "properties": { "station_id": "311", "name": "Banfield Mountain", "state": "MT", "county": "Lincoln", "elevation_ft": 5580.0, "latitude": 48.5712, "longitude": -115.44573, "huc": "170101011202", "actonId": null, "shefId": "BANM8", "beginDate": "1968-10-01 00:00", "endDate": "2100-01-01 00:00", "network": "SNTL" }, "geometry": { "type": "Point", "coordinates": [ -115.44573, 48.5712 ] } },
{ "type": "Feature", "properties": { "station_id": "312", "name": "Banner Summit", "state": "ID", "county": "Boise", "elevation_ft": 7040.0, "latitude": 44.30342, "longitude": -115.23447, "huc": "170501200202", "actonId": null, "shefId": "BASI1", "beginDate": "1979-10-01 00:00", "endDate": "2100-01-01 00:00", "network": "SNTL" }, "geometry": { "type": "Point", "coordinates": [ -115.23447, 44.30342 ] } },
{ "type": "Feature", "properties": { "station_id": "1212", "name": "Bar M", "state": "AZ", "county": "Coconino", "elevation_ft": 6380.0, "latitude": 34.86142, "longitude": -111.60497, "huc": "150602020601", "actonId": null, "shefId": "BRMA3", "beginDate": "2012-09-06 00:00", "endDate": "2100-01-01 00:00", "network": "SNTL" }, "geometry": { "type": "Point", "coordinates": [ -111.60497, 34.86142 ] } },
{ "type": "Feature", "properties": { "station_id": "313", "name": "Barker Lakes", "state": "MT", "county": "Deer Lodge", "elevation_ft": 8250.0, "latitude": 46.09713, "longitude": -113.13038, "huc": "170102010304", "actonId": null, "shefId": "BRLM8", "beginDate": "1977-08-01 00:00", "endDate": "2100-01-01 00:00", "network": "SNTL" }, "geometry": { "type": "Point", "coordinates": [ -113.13038, 46.09713 ] } },
{ "type": "Feature", "properties": { "station_id": "314", "name": "Base Camp", "state": "WY", "county": "Teton", "elevation_ft": 7040.0, "latitude": 43.94019, "longitude": -110.44544, "huc": "170401010304", "actonId": null, "shefId": "BSCW4", "beginDate": "1979-10-01 00:00", "endDate": "2100-01-01 00:00", "network": "SNTL" }, "geometry": { "type": "Point", "coordinates": [ -110.44544, 43.94019 ] } },
{ "type": "Feature", "properties": { "station_id": "315", "name": "Basin Creek", "state": "MT", "county": "Silver Bow", "elevation_ft": 7120.0, "latitude": 45.79737, "longitude": -112.52047, "huc": "170102010201", "actonId": null, "shefId": "BSCM8", "beginDate": "1976-10-01 00:00", "endDate": "2100-01-01 00:00", "network": "SNTL" }, "geometry": { "type": "Point", "coordinates": [ -112.52047, 45.79737 ] } },
{ "type": "Feature", "properties": { "station_id": "1190", "name": "Bassoo Peak", "state": "MT", "county": "Sanders", "elevation_ft": 5130.0, "latitude": 47.85562, "longitude": -114.75841, "huc": "170102120105", "actonId": null, "shefId": "BASM8", "beginDate": "2011-10-12 00:00", "endDate": "2100-01-01 00:00", "network": "SNTL" }, "geometry": { "type": "Point", "coordinates": [ -114.75841, 47.85562 ] } },
{ "type": "Feature", "properties": { "station_id": "316", "name": "Bateman", "state": "NM", "county": "Rio Arriba", "elevation_ft": 9230.0, "latitude": 36.51174, "longitude": -106.31543, "huc": "130201020901", "actonId": null, "shefId": "BAMN5", "beginDate": "1978-10-01 00:00", "endDate": "2100-01-01 00:00", "network": "SNTL" }, "geometry": { "type": "Point", "coordinates": [ -106.31543, 36.51174 ] } },
{ "type": "Feature", "properties": { "station_id": "317", "name": "Battle Mountain", "state": "WY", "county": "Carbon", "elevation_ft": 7460.0, "latitude": 41.05402, "longitude": -107.26674, "huc": "140500030109", "actonId": null, "shefId": "BTLW4", "beginDate": "1985-10-01 00:00", "endDate": "2100-01-01 00:00", "network": "SNTL" }, "geometry": { "type": "Point", "coordinates": [ -107.26674, 41.05402 ] } },
{ "type": "Feature", "properties": { "station_id": "318", "name": "Beagle Springs", "state": "MT", "county": "Beaverhead", "elevation_ft": 8880.0, "latitude": 44.47147, "longitude": -112.98191, "huc": "100200010501", "actonId": null, "shefId": "BEAM8", "beginDate": "1976-10-01 00:00", "endDate": "2100-01-01 00:00", "network": "SNTL" }, "geometry": { "type": "Point", "coordinates": [ -112.98191, 44.47147 ] } },
{ "type": "Feature", "properties": { "station_id": "319", "name": "Bear Basin", "state": "ID", "county": "Adams", "elevation_ft": 5350.0, "latitude": 44.95222, "longitude": -116.14293, "huc": "170602100104", "actonId": null, "shefId": "BRBI1", "beginDate": "1979-10-01 00:00", "endDate": "2100-01-01 00:00", "network": "SNTL" }, "geometry": { "type": "Point", "coordinates": [ -116.14293, 44.95222 ] } },
{ "type": "Feature", "properties": { "station_id": "320", "name": "Bear Canyon", "state": "ID", "county": "Custer", "elevation_ft": 7920.0, "latitude": 43.74367, "longitude": -113.93797, "huc": "170402180101", "actonId": null, "shefId": "BECI1", "beginDate": "1979-10-01 00:00", "endDate": "2100-01-01 00:00", "network": "SNTL" }, "geometry": { "type": "Point", "coordinates": [ -113.93797, 43.74367 ] } },
{ "type": "Feature", "properties": { "station_id": "321", "name": "Bear Creek", "state": "NV", "county": "Elko", "elevation_ft": 8090.0, "latitude": 41.83391, "longitude": -115.45278, "huc": "170501020301", "actonId": null, "shefId": "BERN2", "beginDate": "1976-03-01 00:00", "endDate": "2100-01-01 00:00", "network": "SNTL" }, "geometry": { "type": "Point", "coordinates": [ -115.45278, 41.83391 ] } },
{ "type": "Feature", "properties": { "station_id": "1166", "name": "Bear Grass", "state": "OR", "county": "Linn", "elevation_ft": 4720.0, "latitude": 44.3253, "longitude": -122.0938, "huc": "170900040203", "actonId": null, "shefId": "BKSO3", "beginDate": "2011-07-18 00:00", "endDate": "2100-01-01 00:00", "network": "SNTL" }, "geometry": { "type": "Point", "coordinates": [ -122.0938, 44.3253 ] } },
{ "type": "Feature", "properties": { "station_id": "322", "name": "Bear Lake", "state": "CO", "county": "Larimer", "elevation_ft": 9490.0, "latitude": 40.31176, "longitude": -105.6467, "huc": "101900060201", "actonId": null, "shefId": "BLKC2", "beginDate": "1979-10-01 00:00", "endDate": "2100-01-01 00:00", "network": "SNTL" }, "geometry": { "type": "Point", "coordinates": [ -105.6467, 40.31176 ] } },
{ "type": "Feature", "properties": { "station_id": "323", "name": "Bear Mountain", "state": "ID", "county": "Bonner", "elevation_ft": 5460.0, "latitude": 48.30583, "longitude": -116.07444, "huc": "170102131202", "actonId": null, "shefId": "BRMI1", "beginDate": "1979-10-01 00:00", "endDate": "2100-01-01 00:00", "network": "SNTL" }, "geometry": { "type": "Point", "coordinates": [ -116.07444, 48.30583 ] } },
{ "type": "Feature", "properties": { "station_id": "1061", "name": "Bear River", "state": "CO", "county": "Routt", "elevation_ft": 9100.0, "latitude": 40.06152, "longitude": -107.00948, "huc": "140500010102", "actonId": null, "shefId": "BRRC2", "beginDate": "2004-10-01 00:00", "endDate": "2100-01-01 00:00", "network": "SNTL" }, "geometry": { "type": "Point", "coordinates": [ -107.00948, 40.06152 ] } },
{ "type": "Feature", "properties": { "station_id": "992", "name": "Bear River RS", "state": "UT", "county": "Summit", "elevation_ft": 8510.0, "latitude": 40.8852, "longitude": -110.8277, "huc": "160101010106", "actonId": null, "shefId": "STLU1", "beginDate": "2010-10-28 00:00", "endDate": "2100-01-01 00:00", "network": "SNTL" }, "geometry": { "type": "Point", "coordinates": [ -110.8277, 40.8852 ] } },
{ "type": "Feature", "properties": { "station_id": "324", "name": "Bear Saddle", "state": "ID", "county": "Washington", "elevation_ft": 6170.0, "latitude": 44.60533, "longitude": -116.98097, "huc": "170501241001", "actonId": null, "shefId": "BSDI1", "beginDate": "1979-10-01 00:00", "endDate": "2100-01-01 00:00", "network": "SNTL" }, "geometry": { "type": "Point", "coordinates": [ -116.98097, 44.60533 ] } },
{ "type": "Feature", "properties": { "station_id": "325", "name": "Bear Trap Meadow", "state": "WY", "county": "Johnson", "elevation_ft": 8200.0, "latitude": 43.88743, "longitude": -107.06135, "huc": "100902010205", "actonId": null, "shefId": "BTNW4", "beginDate": "1979-10-01 00:00", "endDate": "2100-01-01 00:00", "network": "SNTL" }, "geometry": { "type": "Point", "coordinates": [ -107.06135, 43.88743 ] } },
{ "type": "Feature", "properties": { "station_id": "326", "name": "Beartooth Lake", "state": "WY", "county": "Park", "elevation_ft": 9360.0, "latitude": 44.94307, "longitude": -109.56743, "huc": "100700060206", "actonId": null, "shefId": "BLTW4", "beginDate": "1979-10-01 00:00", "endDate": "2100-01-01 00:00", "network": "SNTL" }, "geometry": { "type": "Point", "coordinates": [ -109.56743, 44.94307 ] } },
{ "type": "Feature", "properties": { "station_id": "327", "name": "Beartown", "state": "CO", "county": "San Juan", "elevation_ft": 11600.0, "latitude": 37.71433, "longitude": -107.5124, "huc": "130100010104", "actonId": null, "shefId": "BRTC2", "beginDate": "1979-10-01 00:00", "endDate": "2100-01-01 00:00", "network": "SNTL" }, "geometry": { "type": "Point", "coordinates": [ -107.5124, 37.71433 ] } },
{ "type": "Feature", "properties": { "station_id": "1041", "name": "Beaver Ck Village", "state": "CO", "county": "Eagle", "elevation_ft": 8530.0, "latitude": 39.59871, "longitude": -106.51113, "huc": "140100030301", "actonId": null, "shefId": "BCVC2", "beginDate": "2002-11-01 00:00", "endDate": "2100-01-01 00:00", "network": "SNTL" }, "geometry": { "type": "Point", "coordinates": [ -106.51113, 39.59871 ] } },
{ "type": "Feature", "properties": { "station_id": "328", "name": "Beaver Creek", "state": "MT", "county": "Gallatin", "elevation_ft": 7820.0, "latitude": 44.94966, "longitude": -111.35852, "huc": "100200070402", "actonId": null, "shefId": "BEVM8", "beginDate": "1966-10-01 00:00", "endDate": "2100-01-01 00:00", "network": "SNTL" }, "geometry": { "type": "Point", "coordinates": [ -111.35852, 44.94966 ] } },
{ "type": "Feature", "properties": { "station_id": "329", "name": "Beaver Dams", "state": "UT", "county": "Sanpete", "elevation_ft": 7970.0, "latitude": 39.13683, "longitude": -111.55813, "huc": "160300040402", "actonId": null, "shefId": "BVDU1", "beginDate": "1980-06-18 00:00", "endDate": "2100-01-01 00:00", "network": "SNTL" }, "geometry": { "type": "Point", "coordinates": [ -111.55813, 39.13683 ] } },
{ "type": "Feature", "properties": { "station_id": "330", "name": "Beaver Divide", "state": "UT", "county": "Summit", "elevation_ft": 8230.0, "latitude": 40.61233, "longitude": -111.09782, "huc": "160202030105", "actonId": null, "shefId": "NWZU1", "beginDate": "1978-10-01 00:00", "endDate": "2100-01-01 00:00", "network": "SNTL" }, "geometry": { "type": "Point", "coordinates": [ -111.09782, 40.61233 ] } },
{ "type": "Feature", "properties": { "station_id": "902", "name": "Beaver Head", "state": "AZ", "county": "Greenlee", "elevation_ft": 8070.0, "latitude": 33.69115, "longitude": -109.21685, "huc": "150601010107", "actonId": null, "shefId": "XBHA3", "beginDate": "1993-10-01 00:00", "endDate": "2100-01-01 00:00", "network": "SNTL" }, "geometry": { "type": "Point", "coordinates": [ -109.21685, 33.69115 ] } },
{ "type": "Feature", "properties": { "station_id": "990", "name": "Beaver Pass", "state": "WA", "county": "Whatcom", "elevation_ft": 3630.0, "latitude": 48.8793, "longitude": -121.2555, "huc": "171100050605", "actonId": null, "shefId": "BVPW1", "beginDate": "2000-10-01 00:00", "endDate": "2100-01-01 00:00", "network": "SNTL" }, "geometry": { "type": "Point", "coordinates": [ -121.2555, 48.8793 ] } },
{ "type": "Feature", "properties": { "station_id": "331", "name": "Beaver Reservoir", "state": "OR", "county": "Union", "elevation_ft": 5140.0, "latitude": 45.14532, "longitude": -118.219, "huc": "170601040301", "actonId": null, "shefId": "BVRO3", "beginDate": "1979-10-01 00:00", "endDate": "2100-01-01 00:00", "network": "SNTL" }, "geometry": { "type": "Point", "coordinates": [ -118.219, 45.14532 ] } },
{ "type": "Feature", "properties": { "station_id": "1143", "name": "Beaver Spring", "state": "AZ", "county": "Apache", "elevation_ft": 9240.0, "latitude": 36.32671, "longitude": -109.05702, "huc": "140802040401", "actonId": null, "shefId": "BVRA3", "beginDate": "2009-10-01 00:00", "endDate": "2100-01-01 00:00", "network": "SNTL" }, "geometry": { "type": "Point", "coordinates": [ -109.05702, 36.32671 ] } },
{ "type": "Feature", "properties": { "station_id": "332", "name": "Ben Lomond Peak", "state": "UT", "county": "Weber", "elevation_ft": 7700.0, "latitude": 41.37603, "longitude": -111.94405, "huc": "160201020302", "actonId": null, "shefId": "BLPU1", "beginDate": "1978-10-01 00:00", "endDate": "2100-01-01 00:00", "network": "SNTL" }, "geometry": { "type": "Point", "coordinates": [ -111.94405, 41.37603 ] } },
{ "type": "Feature", "properties": { "station_id": "333", "name": "Ben Lomond Trail", "state": "UT", "county": "Weber", "elevation_ft": 5980.0, "latitude": 41.38291, "longitude": -111.92103, "huc": "160201020302", "actonId": null, "shefId": "BLTU1", "beginDate": "1980-06-03 00:00", "endDate": "2100-01-01 00:00", "network": "SNTL" }, "geometry": { "type": "Point", "coordinates": [ -111.92103, 41.38291 ] } },
{ "type": "Feature", "properties": { "station_id": "1086", "name": "Bentalit Lodge", "state": "AK", "county": "Matanuska-Susitna", "elevation_ft": 100.0, "latitude": 61.93683, "longitude": -150.98267, "huc": "190205042001", "actonId": null, "shefId": "BLSA2", "beginDate": "2006-01-01 00:00", "endDate": "2014-12-08 00:00", "network": "SNTL" }, "geometry": { "type": "Point", "coordinates": [ -150.98267, 61.93683 ] } },
{ "type": "Feature", "properties": { "station_id": "334", "name": "Berry Creek", "state": "NV", "county": "White Pine", "elevation_ft": 9350.0, "latitude": 39.31917, "longitude": -114.62278, "huc": "160600081301", "actonId": null, "shefId": "BRCN2", "beginDate": "1980-10-01 00:00", "endDate": "2100-01-01 00:00", "network": "SNTL" }, "geometry": { "type": "Point", "coordinates": [ -114.62278, 39.31917 ] } },
{ "type": "Feature", "properties": { "station_id": "335", "name": "Berthoud Summit", "state": "CO", "county": "Grand", "elevation_ft": 11300.0, "latitude": 39.80364, "longitude": -105.77786, "huc": "140100010202", "actonId": null, "shefId": "BTSC2", "beginDate": "1963-09-01 00:00", "endDate": "2100-01-01 00:00", "network": "SNTL" }, "geometry": { "type": "Point", "coordinates": [ -105.77786, 39.80364 ] } },
{ "type": "Feature", "properties": { "station_id": "1182", "name": "Bettles Field", "state": "AK", "county": "Yukon-Koyukuk", "elevation_ft": 640.0, "latitude": 66.91467, "longitude": -151.53318, "huc": "190901012604", "actonId": null, "shefId": "BFLA2", "beginDate": "1980-10-01 00:00", "endDate": "2100-01-01 00:00", "network": "SNTL" }, "geometry": { "type": "Point", "coordinates": [ -151.53318, 66.91467 ] } },
{ "type": "Feature", "properties": { "station_id": "1214", "name": "Bevans Cabin", "state": "UT", "county": "Tooele", "elevation_ft": 6470.0, "latitude": 40.46182, "longitude": -112.25233, "huc": "160203040401", "actonId": null, "shefId": "BENU1", "beginDate": "2012-10-01 00:00", "endDate": "2100-01-01 00:00", "network": "SNTL" }, "geometry": { "type": "Point", "coordinates": [ -112.25233, 40.46182 ] } },
{ "type": "Feature", "properties": { "station_id": "336", "name": "Big Bend", "state": "NV", "county": "Elko", "elevation_ft": 6890.0, "latitude": 41.76168, "longitude": -115.6931, "huc": "170501040104", "actonId": null, "shefId": "BIGN2", "beginDate": "1978-10-01 00:00", "endDate": "2100-01-01 00:00", "network": "SNTL" }, "geometry": { "type": "Point", "coordinates": [ -115.6931, 41.76168 ] } },
{ "type": "Feature", "properties": { "station_id": "337", "name": "Big Creek Sum", "state": "NV", "county": "Lander", "elevation_ft": 8710.0, "latitude": 39.29148, "longitude": -117.11506, "huc": "160401070303", "actonId": null, "shefId": "BCSN2", "beginDate": "1980-10-01 00:00", "endDate": "2100-01-01 00:00", "network": "SNTL" }, "geometry": { "type": "Point", "coordinates": [ -117.11506, 39.29148 ] } },
{ "type": "Feature", "properties": { "station_id": "338", "name": "Big Creek Summit", "state": "ID", "county": "Valley", "elevation_ft": 6560.0, "latitude": 44.62621, "longitude": -115.79561, "huc": "170602080402", "actonId": null, "shefId": "BKSI1", "beginDate": "1979-10-01 00:00", "endDate": "2100-01-01 00:00", "network": "SNTL" }, "geometry": { "type": "Point", "coordinates": [ -115.79561, 44.62621 ] } },
{ "type": "Feature", "properties": { "station_id": "339", "name": "Big Flat", "state": "UT", "county": "Beaver", "elevation_ft": 10320.0, "latitude": 38.30183, "longitude": -112.35672, "huc": "160300070202", "actonId": null, "shefId": "BGFU1", "beginDate": "1978-10-01 00:00", "endDate": "2100-01-01 00:00", "network": "SNTL" }, "geometry": { "type": "Point", "coordinates": [ -112.35672, 38.30183 ] } },
{ "type": "Feature", "properties": { "station_id": "931", "name": "Big Goose", "state": "WY", "county": "Sheridan", "elevation_ft": 8010.0, "latitude": 44.57922, "longitude": -107.20068, "huc": "100901010103", "actonId": null, "shefId": "BGEW4", "beginDate": "1998-07-22 00:00", "endDate": "2100-01-01 00:00", "network": "SNTL" }, "geometry": { "type": "Point", "coordinates": [ -107.20068, 44.57922 ] } },
{ "type": "Feature", "properties": { "station_id": "340", "name": "Big Meadow", "state": "NV", "county": "Washoe", "elevation_ft": 8240.0, "latitude": 39.455, "longitude": -119.9422, "huc": "160501020505", "actonId": null, "shefId": "BMWN2", "beginDate": "1983-10-01 00:00", "endDate": "2100-01-01 00:00", "network": "SNTL" }, "geometry": { "type": "Point", "coordinates": [ -119.9422, 39.455 ] } },
{ "type": "Feature", "properties": { "station_id": "341", "name": "Big Red Mountain", "state": "OR", "county": "Jackson", "elevation_ft": 6060.0, "latitude": 42.05257, "longitude": -122.85487, "huc": "171003090301", "actonId": null, "shefId": "BRMO3", "beginDate": "1979-10-01 00:00", "endDate": "2100-01-01 00:00", "network": "SNTL" }, "geometry": { "type": "Point", "coordinates": [ -122.85487, 42.05257 ] } },
{ "type": "Feature", "properties": { "station_id": "342", "name": "Big Sandy Opening", "state": "WY", "county": "Sublette", "elevation_ft": 9100.0, "latitude": 42.6458, "longitude": -109.25965, "huc": "140401040101", "actonId": null, "shefId": "BGSW4", "beginDate": "1963-03-01 00:00", "endDate": "2100-01-01 00:00", "network": "SNTL" }, "geometry": { "type": "Point", "coordinates": [ -109.25965, 42.6458 ] } },
{ "type": "Feature", "properties": { "station_id": "343", "name": "Bigelow Camp", "state": "OR", "county": "Josephine", "elevation_ft": 5130.0, "latitude": 42.07875, "longitude": -123.34393, "huc": "171003090105", "actonId": null, "shefId": "BGCO3", "beginDate": "1979-10-01 00:00", "endDate": "2100-01-01 00:00", "network": "SNTL" }, "geometry": { "type": "Point", "coordinates": [ -123.34393, 42.07875 ] } },
{ "type": "Feature", "properties": { "station_id": "344", "name": "Billie Creek Divide", "state": "OR", "county": "Klamath", "elevation_ft": 5280.0, "latitude": 42.40717, "longitude": -122.26617, "huc": "180102030201", "actonId": null, "shefId": "BCDO3", "beginDate": "1978-10-01 00:00", "endDate": "2100-01-01 00:00", "network": "SNTL" }, "geometry": { "type": "Point", "coordinates": [ -122.26617, 42.40717 ] } },
{ "type": "Feature", "properties": { "station_id": "1155", "name": "Bird Creek", "state": "NV", "county": "White Pine", "elevation_ft": 7540.0, "latitude": 39.46138, "longitude": -114.64863, "huc": "160600081304", "actonId": null, "shefId": "BIRN2", "beginDate": "2011-10-01 00:00", "endDate": "2100-01-01 00:00", "network": "SNTL" }, "geometry": { "type": "Point", "coordinates": [ -114.64863, 39.46138 ] } },
{ "type": "Feature", "properties": { "station_id": "345", "name": "Bison Lake", "state": "CO", "county": "Garfield", "elevation_ft": 10950.0, "latitude": 39.76458, "longitude": -107.35628, "huc": "140100011401", "actonId": null, "shefId": "BLSC2", "beginDate": "1985-09-30 00:00", "endDate": "2100-01-01 00:00", "network": "SNTL" }, "geometry": { "type": "Point", "coordinates": [ -107.35628, 39.76458 ] } },
{ "type": "Feature", "properties": { "station_id": "346", "name": "Bisson Creek", "state": "MT", "county": "Lake", "elevation_ft": 4880.0, "latitude": 47.68386, "longitude": -113.99895, "huc": "170102120602", "actonId": null, "shefId": "BISM8", "beginDate": "1988-10-01 00:00", "endDate": "2100-01-01 00:00", "network": "SNTL" }, "geometry": { "type": "Point", "coordinates": [ -113.99895, 47.68386 ] } },
{ "type": "Feature", "properties": { "station_id": "347", "name": "Black Bear", "state": "MT", "county": "Gallatin", "elevation_ft": 8160.0, "latitude": 44.50832, "longitude": -111.12803, "huc": "100200070202", "actonId": null, "shefId": "BLBM8", "beginDate": "1967-10-01 00:00", "endDate": "2100-01-01 00:00", "network": "SNTL" }, "geometry": { "type": "Point", "coordinates": [ -111.12803, 44.50832 ] } },
{ "type": "Feature", "properties": { "station_id": "348", "name": "Black Flat-U.M. Ck", "state": "UT", "county": "Sevier", "elevation_ft": 9420.0, "latitude": 38.6799, "longitude": -111.59765, "huc": "140700030101", "actonId": null, "shefId": "BFTU1", "beginDate": "1980-06-19 00:00", "endDate": "2100-01-01 00:00", "network": "SNTL" }, "geometry": { "type": "Point", "coordinates": [ -111.59765, 38.6799 ] } },
{ "type": "Feature", "properties": { "station_id": "1185", "name": "Black Mesa", "state": "CO", "county": "Dolores", "elevation_ft": 11580.0, "latitude": 37.78968, "longitude": -108.18376, "huc": "140300020103", "actonId": null, "shefId": "BMSC2", "beginDate": "2011-07-28 00:00", "endDate": "2100-01-01 00:00", "network": "SNTL" }, "geometry": { "type": "Point", "coordinates": [ -108.18376, 37.78968 ] } },
{ "type": "Feature", "properties": { "station_id": "1161", "name": "Black Mountain", "state": "CO", "county": "Larimer", "elevation_ft": 8950.0, "latitude": 40.8879, "longitude": -105.66404, "huc": "101900070501", "actonId": null, "shefId": "BMNC2", "beginDate": "2010-10-01 00:00", "endDate": "2100-01-01 00:00", "network": "SNTL" }, "geometry": { "type": "Point", "coordinates": [ -105.66404, 40.8879 ] } },
{ "type": "Feature", "properties": { "station_id": "349", "name": "Black Pine", "state": "MT", "county": "Granite", "elevation_ft": 7170.0, "latitude": 46.414, "longitude": -113.43095, "huc": "170102020203", "actonId": null, "shefId": "BLKM8", "beginDate": "1965-10-01 00:00", "endDate": "2100-01-01 00:00", "network": "SNTL" }, "geometry": { "type": "Point", "coordinates": [ -113.43095, 46.414 ] } },
{ "type": "Feature", "properties": { "station_id": "1119", "name": "Blackhall Mtn", "state": "WY", "county": "Carbon", "elevation_ft": 9830.0, "latitude": 41.05623, "longitude": -106.714, "huc": "101800020504", "actonId": null, "shefId": "BLHW4", "beginDate": "2009-08-07 00:00", "endDate": "2100-01-01 00:00", "network": "SNTL" }, "geometry": { "type": "Point", "coordinates": [ -106.714, 41.05623 ] } },
{ "type": "Feature", "properties": { "station_id": "1162", "name": "Blacks Fork Jct", "state": "UT", "county": "Summit", "elevation_ft": 8880.0, "latitude": 40.95814, "longitude": -110.5828, "huc": "140401070303", "actonId": null, "shefId": "BLJU1", "beginDate": "2010-09-30 00:00", "endDate": "2100-01-01 00:00", "network": "SNTL" }, "geometry": { "type": "Point", "coordinates": [ -110.5828, 40.95814 ] } },
{ "type": "Feature", "properties": { "station_id": "1144", "name": "Blacktail Mtn", "state": "MT", "county": "Flathead", "elevation_ft": 5660.0, "latitude": 47.98317, "longitude": -114.35443, "huc": "170102080302", "actonId": null, "shefId": "BLTM8", "beginDate": "2010-08-25 00:00", "endDate": "2100-01-01 00:00", "network": "SNTL" }, "geometry": { "type": "Point", "coordinates": [ -114.35443, 47.98317 ] } },
{ "type": "Feature", "properties": { "station_id": "350", "name": "Blackwater", "state": "WY", "county": "Park", "elevation_ft": 9840.0, "latitude": 44.37667, "longitude": -109.79333, "huc": "100800120209", "actonId": null, "shefId": "BLWW4", "beginDate": "1979-10-01 00:00", "endDate": "2100-01-01 00:00", "network": "SNTL" }, "geometry": { "type": "Point", "coordinates": [ -109.79333, 44.37667 ] } },
{ "type": "Feature", "properties": { "station_id": "351", "name": "Blazed Alder", "state": "OR", "county": "Clackamas", "elevation_ft": 3660.0, "latitude": 45.4287, "longitude": -121.85605, "huc": "170800010102", "actonId": null, "shefId": "BLAO3", "beginDate": "1979-10-01 00:00", "endDate": "2100-01-01 00:00", "network": "SNTL" }, "geometry": { "type": "Point", "coordinates": [ -121.85605, 45.4287 ] } },
{ "type": "Feature", "properties": { "station_id": "352", "name": "Blewett Pass", "state": "WA", "county": "Chelan", "elevation_ft": 4240.0, "latitude": 47.35037, "longitude": -120.6796, "huc": "170200110501", "actonId": null, "shefId": "BPAW1", "beginDate": "1979-10-01 00:00", "endDate": "2100-01-01 00:00", "network": "SNTL" }, "geometry": { "type": "Point", "coordinates": [ -120.6796, 47.35037 ] } },
{ "type": "Feature", "properties": { "station_id": "353", "name": "Blind Bull Sum", "state": "WY", "county": "Sublette", "elevation_ft": 8880.0, "latitude": 42.96413, "longitude": -110.60992, "huc": "140401010402", "actonId": null, "shefId": "BBSW4", "beginDate": "1978-10-01 00:00", "endDate": "2100-01-01 00:00", "network": "SNTL" }, "geometry": { "type": "Point", "coordinates": [ -110.60992, 42.96413 ] } },
{ "type": "Feature", "properties": { "station_id": "354", "name": "Blind Park", "state": "SD", "county": "Pennington", "elevation_ft": 6900.0, "latitude": 44.10772, "longitude": -103.97688, "huc": "101201100104", "actonId": null, "shefId": "BLPS2", "beginDate": "1989-10-01 00:00", "endDate": "2100-01-01 00:00", "network": "SNTL" }, "geometry": { "type": "Point", "coordinates": [ -103.97688, 44.10772 ] } },
{ "type": "Feature", "properties": { "station_id": "355", "name": "Bloody Dick", "state": "MT", "county": "Beaverhead", "elevation_ft": 7570.0, "latitude": 45.16507, "longitude": -113.50099, "huc": "100200011002", "actonId": null, "shefId": "BLOM8", "beginDate": "1976-10-01 00:00", "endDate": "2100-01-01 00:00", "network": "SNTL" }, "geometry": { "type": "Point", "coordinates": [ -113.50099, 45.16507 ] } },
{ "type": "Feature", "properties": { "station_id": "356", "name": "Blue Lakes", "state": "CA", "county": "Alpine", "elevation_ft": 8060.0, "latitude": 38.60801, "longitude": -119.92455, "huc": "180400120101", "actonId": null, "shefId": "BLAC1", "beginDate": "1980-10-01 00:00", "endDate": "2100-01-01 00:00", "network": "SNTL" }, "geometry": { "type": "Point", "coordinates": [ -119.92455, 38.60801 ] } },
{ "type": "Feature", "properties": { "station_id": "357", "name": "Blue Mountain Spring", "state": "OR", "county": "Grant", "elevation_ft": 5880.0, "latitude": 44.24767, "longitude": -118.51722, "huc": "170501160104", "actonId": null, "shefId": "BLPO3", "beginDate": "1978-10-01 00:00", "endDate": "2100-01-01 00:00", "network": "SNTL" }, "geometry": { "type": "Point", "coordinates": [ -118.51722, 44.24767 ] } },
{ "type": "Feature", "properties": { "station_id": "1278", "name": "Bobs Hollow", "state": "UT", "county": "Millard", "elevation_ft": 9320.0, "latitude": 38.94569, "longitude": -112.15349, "huc": "160300051401", "actonId": null, "shefId": null, "beginDate": "2016-10-06 00:00", "endDate": "2100-01-01 00:00", "network": "SNTL" }, "geometry": { "type": "Point", "coordinates": [ -112.15349, 38.94569 ] } },
{ "type": "Feature", "properties": { "station_id": "978", "name": "Bogus Basin", "state": "ID", "county": "Boise", "elevation_ft": 6370.0, "latitude": 43.76377, "longitude": -116.09685, "huc": "170501220201", "actonId": null, "shefId": "BOGI1", "beginDate": "1999-09-21 00:00", "endDate": "2100-01-01 00:00", "network": "SNTL" }, "geometry": { "type": "Point", "coordinates": [ -116.09685, 43.76377 ] } },
{ "type": "Feature", "properties": { "station_id": "358", "name": "Bone Springs Div", "state": "WY", "county": "Sheridan", "elevation_ft": 9340.0, "latitude": 44.67881, "longitude": -107.5811, "huc": "100800100102", "actonId": null, "shefId": "BSDW4", "beginDate": "1978-10-01 00:00", "endDate": "2100-01-01 00:00", "network": "SNTL" }, "geometry": { "type": "Point", "coordinates": [ -107.5811, 44.67881 ] } },
{ "type": "Feature", "properties": { "station_id": "359", "name": "Bostetter R.S.", "state": "ID", "county": "Cassia", "elevation_ft": 7530.0, "latitude": 42.16442, "longitude": -114.19272, "huc": "170402120201", "actonId": null, "shefId": "BTRI1", "beginDate": "1979-10-01 00:00", "endDate": "2100-01-01 00:00", "network": "SNTL" }, "geometry": { "type": "Point", "coordinates": [ -114.19272, 42.16442 ] } },
{ "type": "Feature", "properties": { "station_id": "360", "name": "Boulder Mountain", "state": "MT", "county": "Meagher", "elevation_ft": 7890.0, "latitude": 46.5596, "longitude": -111.28973, "huc": "100301030501", "actonId": null, "shefId": "BOMM8", "beginDate": "1976-10-01 00:00", "endDate": "2100-01-01 00:00", "network": "SNTL" }, "geometry": { "type": "Point", "coordinates": [ -111.28973, 46.5596 ] } },
{ "type": "Feature", "properties": { "station_id": "361", "name": "Bourne", "state": "OR", "county": "Baker", "elevation_ft": 5850.0, "latitude": 44.83052, "longitude": -118.18787, "huc": "170502030101", "actonId": null, "shefId": "BORO3", "beginDate": "1978-10-01 00:00", "endDate": "2100-01-01 00:00", "network": "SNTL" }, "geometry": { "type": "Point", "coordinates": [ -118.18787, 44.83052 ] } },
{ "type": "Feature", "properties": { "station_id": "362", "name": "Bowman Springs", "state": "OR", "county": "Umatilla", "elevation_ft": 4540.0, "latitude": 45.36428, "longitude": -118.46715, "huc": "170701030401", "actonId": null, "shefId": "BMSO3", "beginDate": "1978-10-01 00:00", "endDate": "2100-01-01 00:00", "network": "SNTL" }, "geometry": { "type": "Point", "coordinates": [ -118.46715, 45.36428 ] } },
{ "type": "Feature", "properties": { "station_id": "363", "name": "Box Canyon", "state": "MT", "county": "Park", "elevation_ft": 6720.0, "latitude": 45.27178, "longitude": -110.24899, "huc": "100700020902", "actonId": null, "shefId": "BOXM8", "beginDate": "1976-10-01 00:00", "endDate": "2100-01-01 00:00", "network": "SNTL" }, "geometry": { "type": "Point", "coordinates": [ -110.24899, 45.27178 ] } },
{ "type": "Feature", "properties": { "station_id": "364", "name": "Box Creek", "state": "UT", "county": "Sevier", "elevation_ft": 9850.0, "latitude": 38.50809, "longitude": -112.01856, "huc": "160300020106", "actonId": null, "shefId": "BXCU1", "beginDate": "1979-08-04 00:00", "endDate": "2100-01-01 00:00", "network": "SNTL" }, "geometry": { "type": "Point", "coordinates": [ -112.01856, 38.50809 ] } },
{ "type": "Feature", "properties": { "station_id": "1156", "name": "Box Springs", "state": "UT", "county": "Piute", "elevation_ft": 9230.0, "latitude": 38.49746, "longitude": -112.00779, "huc": "160300020107", "actonId": null, "shefId": "SQUU1", "beginDate": "2010-10-01 00:00", "endDate": "2100-01-01 00:00", "network": "SNTL" }, "geometry": { "type": "Point", "coordinates": [ -112.00779, 38.49746 ] } },
{ "type": "Feature", "properties": { "station_id": "365", "name": "Brackett Creek", "state": "MT", "county": "Gallatin", "elevation_ft": 7370.0, "latitude": 45.89107, "longitude": -110.93851, "huc": "100700030403", "actonId": null, "shefId": "BRCM8", "beginDate": "1992-08-01 00:00", "endDate": "2100-01-01 00:00", "network": "SNTL" }, "geometry": { "type": "Point", "coordinates": [ -110.93851, 45.89107 ] } },
{ "type": "Feature", "properties": { "station_id": "1154", "name": "Brian Head", "state": "UT", "county": "Iron", "elevation_ft": 10040.0, "latitude": 37.67994, "longitude": -112.85674, "huc": "160300060201", "actonId": null, "shefId": "BRHU1", "beginDate": "2011-10-01 00:00", "endDate": "2100-01-01 00:00", "network": "SNTL" }, "geometry": { "type": "Point", "coordinates": [ -112.85674, 37.67994 ] } },
{ "type": "Feature", "properties": { "station_id": "366", "name": "Brighton", "state": "UT", "county": "Salt Lake", "elevation_ft": 8790.0, "latitude": 40.59936, "longitude": -111.58167, "huc": "160202040201", "actonId": null, "shefId": "BRIU1", "beginDate": "1986-09-24 00:00", "endDate": "2100-01-01 00:00", "network": "SNTL" }, "geometry": { "type": "Point", "coordinates": [ -111.58167, 40.59936 ] } },
{ "type": "Feature", "properties": { "station_id": "1111", "name": "Bristlecone Trail", "state": "NV", "county": "Clark", "elevation_ft": 8900.0, "latitude": 36.31575, "longitude": -115.69543, "huc": "150100150206", "actonId": null, "shefId": "BRSN2", "beginDate": "2008-10-01 00:00", "endDate": "2100-01-01 00:00", "network": "SNTL" }, "geometry": { "type": "Point", "coordinates": [ -115.69543, 36.31575 ] } },
{ "type": "Feature", "properties": { "station_id": "367", "name": "Brooklyn Lake", "state": "WY", "county": "Albany", "elevation_ft": 10250.0, "latitude": 41.36038, "longitude": -106.23038, "huc": "101800100502", "actonId": null, "shefId": "BKLW4", "beginDate": "1962-10-01 00:00", "endDate": "2100-01-01 00:00", "network": "SNTL" }, "geometry": { "type": "Point", "coordinates": [ -106.23038, 41.36038 ] } },
{ "type": "Feature", "properties": { "station_id": "368", "name": "Brown Duck", "state": "UT", "county": "Duchesne", "elevation_ft": 10570.0, "latitude": 40.58102, "longitude": -110.58587, "huc": "140600030604", "actonId": null, "shefId": "BNDU1", "beginDate": "1978-10-01 00:00", "endDate": "2100-01-01 00:00", "network": "SNTL" }, "geometry": { "type": "Point", "coordinates": [ -110.58587, 40.58102 ] } },
{ "type": "Feature", "properties": { "station_id": "1080", "name": "Brown Top", "state": "WA", "county": "Whatcom", "elevation_ft": 5840.0, "latitude": 48.92753, "longitude": -121.19717, "huc": "171100050601", "actonId": null, "shefId": "BRTW1", "beginDate": "2009-09-15 00:00", "endDate": "2100-01-01 00:00", "network": "SNTL" }, "geometry": { "type": "Point", "coordinates": [ -121.19717, 48.92753 ] } },
{ "type": "Feature", "properties": { "station_id": "369", "name": "Brumley", "state": "CO", "county": "Lake", "elevation_ft": 10570.0, "latitude": 39.08758, "longitude": -106.54231, "huc": "110200010101", "actonId": null, "shefId": "BRMC2", "beginDate": "1979-10-01 00:00", "endDate": "2100-01-01 00:00", "network": "SNTL" }, "geometry": { "type": "Point", "coordinates": [ -106.54231, 39.08758 ] } },
{ "type": "Feature", "properties": { "station_id": "370", "name": "Brundage Reservoir", "state": "ID", "county": "Adams", "elevation_ft": 6280.0, "latitude": 45.04315, "longitude": -116.13253, "huc": "170602100104", "actonId": null, "shefId": "BRRI1", "beginDate": "1985-10-01 00:00", "endDate": "2100-01-01 00:00", "network": "SNTL" }, "geometry": { "type": "Point", "coordinates": [ -116.13253, 45.04315 ] } },
{ "type": "Feature", "properties": { "station_id": "371", "name": "Buck Flat", "state": "UT", "county": "Sanpete", "elevation_ft": 9410.0, "latitude": 39.134, "longitude": -111.43722, "huc": "140600090302", "actonId": null, "shefId": "BUFU1", "beginDate": "1978-10-01 00:00", "endDate": "2100-01-01 00:00", "network": "SNTL" }, "geometry": { "type": "Point", "coordinates": [ -111.43722, 39.134 ] } },
{ "type": "Feature", "properties": { "station_id": "1192", "name": "Buck Pasture", "state": "UT", "county": "Summit", "elevation_ft": 9620.0, "latitude": 40.84456, "longitude": -110.66068, "huc": "140401070301", "actonId": null, "shefId": "BCZU1", "beginDate": "2011-11-23 00:00", "endDate": "2100-01-01 00:00", "network": "SNTL" }, "geometry": { "type": "Point", "coordinates": [ -110.66068, 40.84456 ] } },
{ "type": "Feature", "properties": { "station_id": "1153", "name": "Buckboard Flat", "state": "UT", "county": "San Juan", "elevation_ft": 8920.0, "latitude": 37.86943, "longitude": -109.44717, "huc": "140802030103", "actonId": null, "shefId": "BUCU1", "beginDate": "2012-10-01 00:00", "endDate": "2100-01-01 00:00", "network": "SNTL" }, "geometry": { "type": "Point", "coordinates": [ -109.44717, 37.86943 ] } },
{ "type": "Feature", "properties": { "station_id": "1107", "name": "Buckinghorse", "state": "WA", "county": "Jefferson", "elevation_ft": 4860.0, "latitude": 47.7086, "longitude": -123.45747, "huc": "171100200501", "actonId": null, "shefId": "BKHW1", "beginDate": "2008-06-19 00:00", "endDate": "2100-01-01 00:00", "network": "SNTL" }, "geometry": { "type": "Point", "coordinates": [ -123.45747, 47.7086 ] } },
{ "type": "Feature", "properties": { "station_id": "938", "name": "Buckskin Joe", "state": "CO", "county": "Park", "elevation_ft": 11160.0, "latitude": 39.30378, "longitude": -106.11316, "huc": "101900010102", "actonId": null, "shefId": "BUCC2", "beginDate": "1998-08-10 00:00", "endDate": "2100-01-01 00:00", "network": "SNTL" }, "geometry": { "type": "Point", "coordinates": [ -106.11316, 39.30378 ] } },
{ "type": "Feature", "properties": { "station_id": "373", "name": "Buckskin Lower", "state": "NV", "county": "Humboldt", "elevation_ft": 6920.0, "latitude": 41.75067, "longitude": -117.53182, "huc": "160401090502", "actonId": null, "shefId": "BKLN2", "beginDate": "1980-10-01 00:00", "endDate": "2100-01-01 00:00", "network": "SNTL" }, "geometry": { "type": "Point", "coordinates": [ -117.53182, 41.75067 ] } },
{ "type": "Feature", "properties": { "station_id": "913", "name": "Buffalo Park", "state": "CO", "county": "Grand", "elevation_ft": 9240.0, "latitude": 40.22838, "longitude": -106.5962, "huc": "140100010706", "actonId": null, "shefId": "BUFC2", "beginDate": "1995-09-01 00:00", "endDate": "2100-01-01 00:00", "network": "SNTL" }, "geometry": { "type": "Point", "coordinates": [ -106.5962, 40.22838 ] } },
{ "type": "Feature", "properties": { "station_id": "374", "name": "Bug Lake", "state": "UT", "county": "Rich", "elevation_ft": 7980.0, "latitude": 41.68541, "longitude": -111.41987, "huc": "160102010102", "actonId": null, "shefId": "BULU1", "beginDate": "1978-10-01 00:00", "endDate": "2100-01-01 00:00", "network": "SNTL" }, "geometry": { "type": "Point", "coordinates": [ -111.41987, 41.68541 ] } },
{ "type": "Feature", "properties": { "station_id": "375", "name": "Bumping Ridge", "state": "WA", "county": "Yakima", "elevation_ft": 4600.0, "latitude": 46.81003, "longitude": -121.33058, "huc": "170300020105", "actonId": null, "shefId": "BMPW1", "beginDate": "1978-10-01 00:00", "endDate": "2100-01-01 00:00", "network": "SNTL" }, "geometry": { "type": "Point", "coordinates": [ -121.33058, 46.81003 ] } },
{ "type": "Feature", "properties": { "station_id": "376", "name": "Bunchgrass Mdw", "state": "WA", "county": "Pend Oreille", "elevation_ft": 5020.0, "latitude": 48.68688, "longitude": -117.17633, "huc": "170102160401", "actonId": null, "shefId": "BGMW1", "beginDate": "1979-10-01 00:00", "endDate": "2100-01-01 00:00", "network": "SNTL" }, "geometry": { "type": "Point", "coordinates": [ -117.17633, 48.68688 ] } },
{ "type": "Feature", "properties": { "station_id": "377", "name": "Burgess Junction", "state": "WY", "county": "Sheridan", "elevation_ft": 7900.0, "latitude": 44.78765, "longitude": -107.52917, "huc": "100901010202", "actonId": null, "shefId": "BRJW4", "beginDate": "1979-10-01 00:00", "endDate": "2100-01-01 00:00", "network": "SNTL" }, "geometry": { "type": "Point", "coordinates": [ -107.52917, 44.78765 ] } },
{ "type": "Feature", "properties": { "station_id": "1051", "name": "Burnside Lake", "state": "CA", "county": "Alpine", "elevation_ft": 8180.0, "latitude": 38.71943, "longitude": -119.8942, "huc": "160502010107", "actonId": null, "shefId": "BSKC1", "beginDate": "2003-10-01 00:00", "endDate": "2100-01-01 00:00", "network": "SNTL" }, "geometry": { "type": "Point", "coordinates": [ -119.8942, 38.71943 ] } },
{ "type": "Feature", "properties": { "station_id": "942", "name": "Burnt Mountain", "state": "WA", "county": "Pierce", "elevation_ft": 4160.0, "latitude": 47.0444, "longitude": -121.94032, "huc": "171100140103", "actonId": null, "shefId": "BUSW1", "beginDate": "1999-07-01 00:00", "endDate": "2100-01-01 00:00", "network": "SNTL" }, "geometry": { "type": "Point", "coordinates": [ -121.94032, 47.0444 ] } },
{ "type": "Feature", "properties": { "station_id": "981", "name": "Burnt Mtn", "state": "MT", "county": "Carbon", "elevation_ft": 5920.0, "latitude": 45.2401, "longitude": -109.45961, "huc": "100700060802", "actonId": null, "shefId": "BMTM8", "beginDate": "2000-09-30 00:00", "endDate": "2100-01-01 00:00", "network": "SNTL" }, "geometry": { "type": "Point", "coordinates": [ -109.45961, 45.2401 ] } },
{ "type": "Feature", "properties": { "station_id": "378", "name": "Burro Mountain", "state": "CO", "county": "Rio Blanco", "elevation_ft": 9290.0, "latitude": 39.87504, "longitude": -107.59902, "huc": "140500050302", "actonId": null, "shefId": "BURC2", "beginDate": "1978-10-01 00:00", "endDate": "2100-01-01 00:00", "network": "SNTL" }, "geometry": { "type": "Point", "coordinates": [ -107.59902, 39.87504 ] } },
{ "type": "Feature", "properties": { "station_id": "379", "name": "Burroughs Creek", "state": "WY", "county": "Fremont", "elevation_ft": 8760.0, "latitude": 43.69733, "longitude": -109.67021, "huc": "100800010102", "actonId": null, "shefId": "BRCW4", "beginDate": "1978-10-01 00:00", "endDate": "2100-01-01 00:00", "network": "SNTL" }, "geometry": { "type": "Point", "coordinates": [ -109.67021, 43.69733 ] } },
{ "type": "Feature", "properties": { "station_id": "1135", "name": "Burts Miller Ranch", "state": "UT", "county": "Summit", "elevation_ft": 7900.0, "latitude": 40.98492, "longitude": -110.85075, "huc": "160101010105", "actonId": null, "shefId": "MRHU1", "beginDate": "2009-10-01 00:00", "endDate": "2100-01-01 00:00", "network": "SNTL" }, "geometry": { "type": "Point", "coordinates": [ -110.85075, 40.98492 ] } },
{ "type": "Feature", "properties": { "station_id": "380", "name": "Butte", "state": "CO", "county": "Gunnison", "elevation_ft": 10190.0, "latitude": 38.89435, "longitude": -106.95327, "huc": "140200010206", "actonId": null, "shefId": "BUTC2", "beginDate": "1979-10-01 00:00", "endDate": "2100-01-01 00:00", "network": "SNTL" }, "geometry": { "type": "Point", "coordinates": [ -106.95327, 38.89435 ] } },
{ "type": "Feature", "properties": { "station_id": "1109", "name": "Calamity", "state": "WA", "county": "Skamania", "elevation_ft": 2510.0, "latitude": 45.90362, "longitude": -122.21633, "huc": "170800020603", "actonId": null, "shefId": "CLJW1", "beginDate": "2008-08-21 00:00", "endDate": "2100-01-01 00:00", "network": "SNTL" }, "geometry": { "type": "Point", "coordinates": [ -122.21633, 45.90362 ] } },
{ "type": "Feature", "properties": { "station_id": "381", "name": "Calvert Creek", "state": "MT", "county": "Deer Lodge", "elevation_ft": 6410.0, "latitude": 45.8838, "longitude": -113.32553, "huc": "100200040801", "actonId": null, "shefId": "CLVM8", "beginDate": "1974-10-01 00:00", "endDate": "2100-01-01 00:00", "network": "SNTL" }, "geometry": { "type": "Point", "coordinates": [ -113.32553, 45.8838 ] } },
{ "type": "Feature", "properties": { "station_id": "382", "name": "Camas Creek Divide", "state": "ID", "county": "Elmore", "elevation_ft": 5720.0, "latitude": 43.26548, "longitude": -115.3453, "huc": "170402200101", "actonId": null, "shefId": "CCDI1", "beginDate": "1991-10-01 00:00", "endDate": "2100-01-01 00:00", "network": "SNTL" }, "geometry": { "type": "Point", "coordinates": [ -115.3453, 43.26548 ] } },
{ "type": "Feature", "properties": { "station_id": "383", "name": "Camp Jackson", "state": "UT", "county": "San Juan", "elevation_ft": 8840.0, "latitude": 37.81333, "longitude": -109.48723, "huc": "140802010301", "actonId": null, "shefId": "CJSU1", "beginDate": "1985-10-01 00:00", "endDate": "2100-01-01 00:00", "network": "SNTL" }, "geometry": { "type": "Point", "coordinates": [ -109.48723, 37.81333 ] } },
{ "type": "Feature", "properties": { "station_id": "384", "name": "Canyon", "state": "WY", "county": "Park", "elevation_ft": 7870.0, "latitude": 44.71961, "longitude": -110.51084, "huc": "100700010705", "actonId": null, "shefId": "CANW4", "beginDate": "1960-10-01 00:00", "endDate": "2100-01-01 00:00", "network": "SNTL" }, "geometry": { "type": "Point", "coordinates": [ -110.51084, 44.71961 ] } },
{ "type": "Feature", "properties": { "station_id": "385", "name": "Carrot Basin", "state": "MT", "county": "Gallatin", "elevation_ft": 9200.0, "latitude": 44.96192, "longitude": -111.29403, "huc": "100200080105", "actonId": null, "shefId": "CRRM8", "beginDate": "1966-10-01 00:00", "endDate": "2100-01-01 00:00", "network": "SNTL" }, "geometry": { "type": "Point", "coordinates": [ -111.29403, 44.96192 ] } },
{ "type": "Feature", "properties": { "station_id": "1067", "name": "Carson Pass", "state": "CA", "county": "Alpine", "elevation_ft": 8360.0, "latitude": 38.6927, "longitude": -120.0022, "huc": "180201290101", "actonId": null, "shefId": "CXSC1", "beginDate": "2004-10-01 00:00", "endDate": "2100-01-01 00:00", "network": "SNTL" }, "geometry": { "type": "Point", "coordinates": [ -120.0022, 38.6927 ] } },
{ "type": "Feature", "properties": { "station_id": "386", "name": "Cascade", "state": "CO", "county": "San Juan", "elevation_ft": 8900.0, "latitude": 37.65083, "longitude": -107.80602, "huc": "140801040201", "actonId": null, "shefId": "CSCC2", "beginDate": "1978-10-01 00:00", "endDate": "2022-10-01 00:00", "network": "SNTL" }, "geometry": { "type": "Point", "coordinates": [ -107.80602, 37.65083 ] } },
{ "type": "Feature", "properties": { "station_id": "387", "name": "Cascade #2", "state": "CO", "county": "San Juan", "elevation_ft": 8990.0, "latitude": 37.65751, "longitude": -107.80287, "huc": "140801040201", "actonId": null, "shefId": "CADC2", "beginDate": "1990-09-30 00:00", "endDate": "2100-01-01 00:00", "network": "SNTL" }, "geometry": { "type": "Point", "coordinates": [ -107.80287, 37.65751 ] } },
{ "type": "Feature", "properties": { "station_id": "1039", "name": "Cascade Mountain", "state": "UT", "county": "Utah", "elevation_ft": 7750.0, "latitude": 40.283, "longitude": -111.60992, "huc": "160202030505", "actonId": null, "shefId": "CAMU1", "beginDate": "2002-10-17 00:00", "endDate": "2100-01-01 00:00", "network": "SNTL" }, "geometry": { "type": "Point", "coordinates": [ -111.60992, 40.283 ] } },
{ "type": "Feature", "properties": { "station_id": "388", "name": "Cascade Summit", "state": "OR", "county": "Deschutes", "elevation_ft": 5100.0, "latitude": 43.59042, "longitude": -122.0601, "huc": "170900010301", "actonId": null, "shefId": "CSTO3", "beginDate": "1979-10-01 00:00", "endDate": "2100-01-01 00:00", "network": "SNTL" }, "geometry": { "type": "Point", "coordinates": [ -122.0601, 43.59042 ] } },
{ "type": "Feature", "properties": { "station_id": "389", "name": "Casper Mtn.", "state": "WY", "county": "Natrona", "elevation_ft": 7940.0, "latitude": 42.73362, "longitude": -106.31789, "huc": "101800070804", "actonId": null, "shefId": "CSPW4", "beginDate": "1962-01-01 00:00", "endDate": "2100-01-01 00:00", "network": "SNTL" }, "geometry": { "type": "Point", "coordinates": [ -106.31789, 42.73362 ] } },
{ "type": "Feature", "properties": { "station_id": "1130", "name": "Castle Creek", "state": "WY", "county": "Fremont", "elevation_ft": 8410.0, "latitude": 43.6748, "longitude": -109.3774, "huc": "100800010401", "actonId": null, "shefId": "CCSW4", "beginDate": "2010-08-18 00:00", "endDate": "2100-01-01 00:00", "network": "SNTL" }, "geometry": { "type": "Point", "coordinates": [ -109.3774, 43.6748 ] } },
{ "type": "Feature", "properties": { "station_id": "1326", "name": "Castle Peak", "state": "CO", "county": "Pitkin", "elevation_ft": 11500.0, "latitude": 39.00074, "longitude": -106.83912, "huc": "140100040202", "actonId": null, "shefId": "CAPC2", "beginDate": "2024-09-18 00:00", "endDate": "2100-01-01 00:00", "network": "SNTL" }, "geometry": { "type": "Point", "coordinates": [ -106.83912, 39.00074 ] } },
{ "type": "Feature", "properties": { "station_id": "390", "name": "Castle Valley", "state": "UT", "county": "Iron", "elevation_ft": 9610.0, "latitude": 37.66098, "longitude": -112.74093, "huc": "160300010201", "actonId": null, "shefId": "CVYU1", "beginDate": "1980-06-21 00:00", "endDate": "2100-01-01 00:00", "network": "SNTL" }, "geometry": { "type": "Point", "coordinates": [ -112.74093, 37.66098 ] } },
{ "type": "Feature", "properties": { "station_id": "1152", "name": "Cave Mountain", "state": "NV", "county": "White Pine", "elevation_ft": 10580.0, "latitude": 39.16337, "longitude": -114.6133, "huc": "160600080402", "actonId": null, "shefId": "CAVN2", "beginDate": "2011-10-01 00:00", "endDate": "2100-01-01 00:00", "network": "SNTL" }, "geometry": { "type": "Point", "coordinates": [ -114.6133, 39.16337 ] } },
{ "type": "Feature", "properties": { "station_id": "1085", "name": "Cayuse Pass", "state": "WA", "county": "Pierce", "elevation_ft": 5260.0, "latitude": 46.86956, "longitude": -121.53434, "huc": "171100140301", "actonId": null, "shefId": "CAYW1", "beginDate": "2006-10-01 00:00", "endDate": "2100-01-01 00:00", "network": "SNTL" }, "geometry": { "type": "Point", "coordinates": [ -121.53434, 46.86956 ] } },
{ "type": "Feature", "properties": { "station_id": "391", "name": "Cedar Pass", "state": "CA", "county": "Modoc", "elevation_ft": 7060.0, "latitude": 41.58216, "longitude": -120.30253, "huc": "180200020603", "actonId": null, "shefId": "CDRC1", "beginDate": "1977-10-01 00:00", "endDate": "2100-01-01 00:00", "network": "SNTL" }, "geometry": { "type": "Point", "coordinates": [ -120.30253, 41.58216 ] } },
{ "type": "Feature", "properties": { "station_id": "1139", "name": "Chalender", "state": "AZ", "county": "Coconino", "elevation_ft": 7020.0, "latitude": 35.26238, "longitude": -112.06221, "huc": "150602020305", "actonId": null, "shefId": "CDRA3", "beginDate": "2009-05-15 00:00", "endDate": "2100-01-01 00:00", "network": "SNTL" }, "geometry": { "type": "Point", "coordinates": [ -112.06221, 35.26238 ] } },
{ "type": "Feature", "properties": { "station_id": "392", "name": "Chalk Creek #1", "state": "UT", "county": "Summit", "elevation_ft": 9160.0, "latitude": 40.85464, "longitude": -111.04765, "huc": "160201010301", "actonId": null, "shefId": "CHCU1", "beginDate": "1978-10-01 00:00", "endDate": "2100-01-01 00:00", "network": "SNTL" }, "geometry": { "type": "Point", "coordinates": [ -111.04765, 40.85464 ] } },
{ "type": "Feature", "properties": { "station_id": "393", "name": "Chalk Creek #2", "state": "UT", "county": "Summit", "elevation_ft": 8200.0, "latitude": 40.88529, "longitude": -111.06954, "huc": "160201010301", "actonId": null, "shefId": "CCKU1", "beginDate": "1978-10-01 00:00", "endDate": "2100-01-01 00:00", "network": "SNTL" }, "geometry": { "type": "Point", "coordinates": [ -111.06954, 40.88529 ] } },
{ "type": "Feature", "properties": { "station_id": "394", "name": "Chamita", "state": "NM", "county": "Rio Arriba", "elevation_ft": 8370.0, "latitude": 36.95606, "longitude": -106.65723, "huc": "130201020204", "actonId": null, "shefId": "CHAN5", "beginDate": "1978-10-01 00:00", "endDate": "2100-01-01 00:00", "network": "SNTL" }, "geometry": { "type": "Point", "coordinates": [ -106.65723, 36.95606 ] } },
{ "type": "Feature", "properties": { "station_id": "1101", "name": "Chapman Tunnel", "state": "CO", "county": "Pitkin", "elevation_ft": 10090.0, "latitude": 39.2621, "longitude": -106.62944, "huc": "140100040504", "actonId": null, "shefId": "HAPC2", "beginDate": "2007-09-01 00:00", "endDate": "2100-01-01 00:00", "network": "SNTL" }, "geometry": { "type": "Point", "coordinates": [ -106.62944, 39.2621 ] } },
{ "type": "Feature", "properties": { "station_id": "395", "name": "Chemult Alternate", "state": "OR", "county": "Klamath", "elevation_ft": 4850.0, "latitude": 43.22625, "longitude": -121.80662, "huc": "180102010201", "actonId": null, "shefId": "CHUO3", "beginDate": "1979-10-01 00:00", "endDate": "2100-01-01 00:00", "network": "SNTL" }, "geometry": { "type": "Point", "coordinates": [ -121.80662, 43.22625 ] } },
{ "type": "Feature", "properties": { "station_id": "1260", "name": "Chena Lakes", "state": "AK", "county": "Fairbanks North Star", "elevation_ft": 500.0, "latitude": 64.75793, "longitude": -147.21823, "huc": "190803060901", "actonId": null, "shefId": "CLNA2", "beginDate": "2020-08-20 00:00", "endDate": "2100-01-01 00:00", "network": "SNTL" }, "geometry": { "type": "Point", "coordinates": [ -147.21823, 64.75793 ] } },
{ "type": "Feature", "properties": { "station_id": "396", "name": "Chepeta", "state": "UT", "county": "Duchesne", "elevation_ft": 10490.0, "latitude": 40.77458, "longitude": -110.0105, "huc": "140600031202", "actonId": null, "shefId": "CWHU1", "beginDate": "1980-07-16 00:00", "endDate": "2100-01-01 00:00", "network": "SNTL" }, "geometry": { "type": "Point", "coordinates": [ -110.0105, 40.77458 ] } },
{ "type": "Feature", "properties": { "station_id": "1312", "name": "Chicago Ridge", "state": "MT", "county": "Sanders", "elevation_ft": 5700.0, "latitude": 48.06224, "longitude": -115.69748, "huc": "170102131301", "actonId": null, "shefId": "CHIM8", "beginDate": "2022-08-22 00:00", "endDate": "2100-01-01 00:00", "network": "SNTL" }, "geometry": { "type": "Point", "coordinates": [ -115.69748, 48.06224 ] } },
{ "type": "Feature", "properties": { "station_id": "1093", "name": "Chisana", "state": "AK", "county": "Valdez-Cordova", "elevation_ft": 3320.0, "latitude": 62.06947, "longitude": -142.04919, "huc": "190803010305", "actonId": null, "shefId": "CNAA2", "beginDate": "2007-10-01 00:00", "endDate": "2100-01-01 00:00", "network": "SNTL" }, "geometry": { "type": "Point", "coordinates": [ -142.04919, 62.06947 ] } },
{ "type": "Feature", "properties": { "station_id": "895", "name": "Chocolate Gulch", "state": "ID", "county": "Blaine", "elevation_ft": 6310.0, "latitude": 43.7685, "longitude": -114.41812, "huc": "170402190301", "actonId": null, "shefId": "CHOI1", "beginDate": "1992-10-01 00:00", "endDate": "2100-01-01 00:00", "network": "SNTL" }, "geometry": { "type": "Point", "coordinates": [ -114.41812, 43.7685 ] } },
{ "type": "Feature", "properties": { "station_id": "1046", "name": "Cinnabar Park", "state": "WY", "county": "Albany", "elevation_ft": 9670.0, "latitude": 41.23843, "longitude": -106.23101, "huc": "101800100503", "actonId": null, "shefId": "CINW4", "beginDate": "1999-06-13 00:00", "endDate": "2100-01-01 00:00", "network": "SNTL" }, "geometry": { "type": "Point", "coordinates": [ -106.23101, 41.23843 ] } },
{ "type": "Feature", "properties": { "station_id": "398", "name": "Clackamas Lake", "state": "OR", "county": "Clackamas", "elevation_ft": 3400.0, "latitude": 45.09658, "longitude": -121.75443, "huc": "170900110301", "actonId": null, "shefId": "CLLO3", "beginDate": "1979-10-01 00:00", "endDate": "2100-01-01 00:00", "network": "SNTL" }, "geometry": { "type": "Point", "coordinates": [ -121.75443, 45.09658 ] } },
{ "type": "Feature", "properties": { "station_id": "983", "name": "Clayton Springs", "state": "UT", "county": "Garfield", "elevation_ft": 10010.0, "latitude": 37.9725, "longitude": -111.83355, "huc": "160300020501", "actonId": null, "shefId": "CSPU1", "beginDate": "2000-10-01 00:00", "endDate": "2100-01-01 00:00", "network": "SNTL" }, "geometry": { "type": "Point", "coordinates": [ -111.83355, 37.9725 ] } },
{ "type": "Feature", "properties": { "station_id": "399", "name": "Clear Creek #1", "state": "UT", "county": "Utah", "elevation_ft": 8960.0, "latitude": 39.86671, "longitude": -111.28363, "huc": "160202020102", "actonId": null, "shefId": "CLCU1", "beginDate": "1978-01-01 00:00", "endDate": "2100-01-01 00:00", "network": "SNTL" }, "geometry": { "type": "Point", "coordinates": [ -111.28363, 39.86671 ] } },
{ "type": "Feature", "properties": { "station_id": "400", "name": "Clear Creek #2", "state": "UT", "county": "Utah", "elevation_ft": 7850.0, "latitude": 39.89275, "longitude": -111.25154, "huc": "160202020102", "actonId": null, "shefId": "CRKU1", "beginDate": "1978-10-01 00:00", "endDate": "2100-01-01 00:00", "network": "SNTL" }, "geometry": { "type": "Point", "coordinates": [ -111.25154, 39.89275 ] } },
{ "type": "Feature", "properties": { "station_id": "401", "name": "Clear Lake", "state": "OR", "county": "Wasco", "elevation_ft": 3810.0, "latitude": 45.18832, "longitude": -121.6916, "huc": "170703060901", "actonId": null, "shefId": "CLKO3", "beginDate": "1979-10-01 00:00", "endDate": "2100-01-01 00:00", "network": "SNTL" }, "geometry": { "type": "Point", "coordinates": [ -121.6916, 45.18832 ] } },
{ "type": "Feature", "properties": { "station_id": "402", "name": "Cloud Peak Reservoir", "state": "WY", "county": "Johnson", "elevation_ft": 9830.0, "latitude": 44.40328, "longitude": -107.06074, "huc": "100902060301", "actonId": null, "shefId": "CPKW4", "beginDate": "1978-10-01 00:00", "endDate": "2100-01-01 00:00", "network": "SNTL" }, "geometry": { "type": "Point", "coordinates": [ -107.06074, 44.40328 ] } },
{ "type": "Feature", "properties": { "station_id": "403", "name": "Clover Meadow", "state": "MT", "county": "Madison", "elevation_ft": 8770.0, "latitude": 45.01788, "longitude": -111.8456, "huc": "100200070803", "actonId": null, "shefId": "CMDM8", "beginDate": "1971-10-01 00:00", "endDate": "2100-01-01 00:00", "network": "SNTL" }, "geometry": { "type": "Point", "coordinates": [ -111.8456, 45.01788 ] } },
{ "type": "Feature", "properties": { "station_id": "1059", "name": "Cochetopa Pass", "state": "CO", "county": "Saguache", "elevation_ft": 10020.0, "latitude": 38.16273, "longitude": -106.5988, "huc": "130100040203", "actonId": null, "shefId": "CZSC2", "beginDate": "2004-09-01 00:00", "endDate": "2100-01-01 00:00", "network": "SNTL" }, "geometry": { "type": "Point", "coordinates": [ -106.5988, 38.16273 ] } },
{ "type": "Feature", "properties": { "station_id": "405", "name": "Cold Springs", "state": "WY", "county": "Fremont", "elevation_ft": 9640.0, "latitude": 43.27676, "longitude": -109.44585, "huc": "100800010702", "actonId": null, "shefId": "COSW4", "beginDate": "1980-10-01 00:00", "endDate": "2100-01-01 00:00", "network": "SNTL" }, "geometry": { "type": "Point", "coordinates": [ -109.44585, 43.27676 ] } },
{ "type": "Feature", "properties": { "station_id": "406", "name": "Cold Springs Camp", "state": "OR", "county": "Klamath", "elevation_ft": 5940.0, "latitude": 42.53305, "longitude": -122.17683, "huc": "180102030202", "actonId": null, "shefId": "CSCO3", "beginDate": "1979-10-01 00:00", "endDate": "2100-01-01 00:00", "network": "SNTL" }, "geometry": { "type": "Point", "coordinates": [ -122.17683, 42.53305 ] } },
{ "type": "Feature", "properties": { "station_id": "958", "name": "Coldfoot", "state": "AK", "county": "Yukon-Koyukuk", "elevation_ft": 1070.0, "latitude": 67.25333, "longitude": -150.183, "huc": "190901010604", "actonId": null, "shefId": "COFA2", "beginDate": "1994-10-01 00:00", "endDate": "2100-01-01 00:00", "network": "SNTL" }, "geometry": { "type": "Point", "coordinates": [ -150.183, 67.25333 ] } },
{ "type": "Feature", "properties": { "station_id": "982", "name": "Cole Canyon", "state": "WY", "county": "Crook", "elevation_ft": 5930.0, "latitude": 44.48632, "longitude": -104.41057, "huc": "101202030302", "actonId": null, "shefId": "CLCW4", "beginDate": "2000-06-01 00:00", "endDate": "2100-01-01 00:00", "network": "SNTL" }, "geometry": { "type": "Point", "coordinates": [ -104.41057, 44.48632 ] } },
{ "type": "Feature", "properties": { "station_id": "407", "name": "Cole Creek", "state": "MT", "county": "Carbon", "elevation_ft": 7910.0, "latitude": 45.19405, "longitude": -109.34548, "huc": "100700060801", "actonId": null, "shefId": "CLCM8", "beginDate": "1960-10-01 00:00", "endDate": "2100-01-01 00:00", "network": "SNTL" }, "geometry": { "type": "Point", "coordinates": [ -109.34548, 45.19405 ] } },
{ "type": "Feature", "properties": { "station_id": "1204", "name": "Columbia Basin", "state": "NV", "county": "Elko", "elevation_ft": 6480.0, "latitude": 41.67167, "longitude": -116.07033, "huc": "170501050503", "actonId": null, "shefId": "CMBN2", "beginDate": "2011-12-23 00:00", "endDate": "2100-01-01 00:00", "network": "SNTL" }, "geometry": { "type": "Point", "coordinates": [ -116.07033, 41.67167 ] } },
{ "type": "Feature", "properties": { "station_id": "408", "name": "Columbine", "state": "CO", "county": "Jackson", "elevation_ft": 9170.0, "latitude": 40.39591, "longitude": -106.60437, "huc": "101800010102", "actonId": null, "shefId": "COLC2", "beginDate": "1978-10-01 00:00", "endDate": "2100-01-01 00:00", "network": "SNTL" }, "geometry": { "type": "Point", "coordinates": [ -106.60437, 40.39591 ] } },
{ "type": "Feature", "properties": { "station_id": "409", "name": "Columbine Pass", "state": "CO", "county": "Montrose", "elevation_ft": 9160.0, "latitude": 38.41819, "longitude": -108.38313, "huc": "140200050202", "actonId": null, "shefId": "CPSC2", "beginDate": "1985-10-01 00:00", "endDate": "2100-01-01 00:00", "network": "SNTL" }, "geometry": { "type": "Point", "coordinates": [ -108.38313, 38.41819 ] } },
{ "type": "Feature", "properties": { "station_id": "904", "name": "Columbus Basin", "state": "CO", "county": "La Plata", "elevation_ft": 10780.0, "latitude": 37.44146, "longitude": -108.02468, "huc": "140801050101", "actonId": null, "shefId": "CMBC2", "beginDate": "1994-08-30 00:00", "endDate": "2100-01-01 00:00", "network": "SNTL" }, "geometry": { "type": "Point", "coordinates": [ -108.02468, 37.44146 ] } },
{ "type": "Feature", "properties": { "station_id": "410", "name": "Combination", "state": "MT", "county": "Granite", "elevation_ft": 5620.0, "latitude": 46.46523, "longitude": -113.39358, "huc": "170102020401", "actonId": null, "shefId": "CMBM8", "beginDate": "1965-10-01 00:00", "endDate": "2100-01-01 00:00", "network": "SNTL" }, "geometry": { "type": "Point", "coordinates": [ -113.39358, 46.46523 ] } },
{ "type": "Feature", "properties": { "station_id": "411", "name": "Cool Creek", "state": "ID", "county": "Clearwater", "elevation_ft": 6310.0, "latitude": 46.76361, "longitude": -115.29528, "huc": "170603070702", "actonId": null, "shefId": "COLI1", "beginDate": "1983-10-01 00:00", "endDate": "2100-01-01 00:00", "network": "SNTL" }, "geometry": { "type": "Point", "coordinates": [ -115.29528, 46.76361 ] } },
{ "type": "Feature", "properties": { "station_id": "959", "name": "Cooper Lake", "state": "AK", "county": "Kenai Peninsula", "elevation_ft": 1150.0, "latitude": 60.39027, "longitude": -149.6936, "huc": "190203021205", "actonId": null, "shefId": "CORA2", "beginDate": "1981-10-01 00:00", "endDate": "2100-01-01 00:00", "network": "SNTL" }, "geometry": { "type": "Point", "coordinates": [ -149.6936, 60.39027 ] } },
{ "type": "Feature", "properties": { "station_id": "412", "name": "Copeland Lake", "state": "CO", "county": "Boulder", "elevation_ft": 8570.0, "latitude": 40.20733, "longitude": -105.5695, "huc": "101900050202", "actonId": null, "shefId": "COPC2", "beginDate": "1979-10-01 00:00", "endDate": "2100-01-01 00:00", "network": "SNTL" }, "geometry": { "type": "Point", "coordinates": [ -105.5695, 40.20733 ] } },
{ "type": "Feature", "properties": { "station_id": "413", "name": "Copper Bottom", "state": "MT", "county": "Lewis and Clark", "elevation_ft": 5200.0, "latitude": 47.05678, "longitude": -112.595, "huc": "170102030103", "actonId": null, "shefId": "COPM8", "beginDate": "1978-10-01 00:00", "endDate": "2100-01-01 00:00", "network": "SNTL" }, "geometry": { "type": "Point", "coordinates": [ -112.595, 47.05678 ] } },
{ "type": "Feature", "properties": { "station_id": "414", "name": "Copper Camp", "state": "MT", "county": "Lewis and Clark", "elevation_ft": 6980.0, "latitude": 47.08158, "longitude": -112.72955, "huc": "170102030103", "actonId": null, "shefId": "CPCM8", "beginDate": "1978-10-01 00:00", "endDate": "2100-01-01 00:00", "network": "SNTL" }, "geometry": { "type": "Point", "coordinates": [ -112.72955, 47.08158 ] } },
{ "type": "Feature", "properties": { "station_id": "415", "name": "Copper Mountain", "state": "CO", "county": "Summit", "elevation_ft": 10500.0, "latitude": 39.48917, "longitude": -106.17154, "huc": "140100020302", "actonId": null, "shefId": "CPMC2", "beginDate": "1978-10-01 00:00", "endDate": "2100-01-01 00:00", "network": "SNTL" }, "geometry": { "type": "Point", "coordinates": [ -106.17154, 39.48917 ] } },
{ "type": "Feature", "properties": { "station_id": "1209", "name": "Corduroy Flat", "state": "NV", "county": "White Pine", "elevation_ft": 8640.0, "latitude": 38.99651, "longitude": -115.42478, "huc": "160600121206", "actonId": null, "shefId": "CORN2", "beginDate": "2011-12-23 09:00", "endDate": "2100-01-01 00:00", "network": "SNTL" }, "geometry": { "type": "Point", "coordinates": [ -115.42478, 38.99651 ] } },
{ "type": "Feature", "properties": { "station_id": "416", "name": "Coronado Trail", "state": "AZ", "county": "Apache", "elevation_ft": 8400.0, "latitude": 33.80418, "longitude": -109.15352, "huc": "150400040501", "actonId": null, "shefId": "CNDA3", "beginDate": "1978-10-01 00:00", "endDate": "2100-01-01 00:00", "network": "SNTL" }, "geometry": { "type": "Point", "coordinates": [ -109.15352, 33.80418 ] } },
{ "type": "Feature", "properties": { "station_id": "1236", "name": "Corral", "state": "UT", "county": "Carbon", "elevation_ft": 8210.0, "latitude": 39.65795, "longitude": -110.37906, "huc": "140600070903", "actonId": null, "shefId": "CAOU1", "beginDate": "2013-10-01 00:00", "endDate": "2100-01-01 00:00", "network": "SNTL" }, "geometry": { "type": "Point", "coordinates": [ -110.37906, 39.65795 ] } },
{ "type": "Feature", "properties": { "station_id": "417", "name": "Corral Canyon", "state": "NV", "county": "Elko", "elevation_ft": 8440.0, "latitude": 40.27551, "longitude": -115.54017, "huc": "160401030401", "actonId": null, "shefId": "COLN2", "beginDate": "1978-10-01 00:00", "endDate": "2100-01-01 00:00", "network": "SNTL" }, "geometry": { "type": "Point", "coordinates": [ -115.54017, 40.27551 ] } },
{ "type": "Feature", "properties": { "station_id": "418", "name": "Corral Pass", "state": "WA", "county": "Pierce", "elevation_ft": 5810.0, "latitude": 47.01872, "longitude": -121.46464, "huc": "171100140307", "actonId": null, "shefId": "COPW1", "beginDate": "1979-10-01 00:00", "endDate": "2100-01-01 00:00", "network": "SNTL" }, "geometry": { "type": "Point", "coordinates": [ -121.46464, 47.01872 ] } },
{ "type": "Feature", "properties": { "station_id": "419", "name": "Cottonwood Creek", "state": "WY", "county": "Lincoln", "elevation_ft": 7710.0, "latitude": 42.6459, "longitude": -110.81482, "huc": "170401050102", "actonId": null, "shefId": "CLWW4", "beginDate": "1980-10-01 00:00", "endDate": "2100-01-01 00:00", "network": "SNTL" }, "geometry": { "type": "Point", "coordinates": [ -110.81482, 42.6459 ] } },
{ "type": "Feature", "properties": { "station_id": "1306", "name": "Couch Summit", "state": "ID", "county": "Camas", "elevation_ft": 6770.0, "latitude": 43.51762, "longitude": -114.80214, "huc": "170501130204", "actonId": null, "shefId": "COSI1", "beginDate": "2021-10-07 00:00", "endDate": "2100-01-01 00:00", "network": "SNTL" }, "geometry": { "type": "Point", "coordinates": [ -114.80214, 43.51762 ] } },
{ "type": "Feature", "properties": { "station_id": "420", "name": "Cougar Mountain", "state": "WA", "county": "King", "elevation_ft": 3210.0, "latitude": 47.27666, "longitude": -121.67138, "huc": "171100130202", "actonId": null, "shefId": "CUMW1", "beginDate": "1979-10-01 00:00", "endDate": "2100-01-01 00:00", "network": "SNTL" }, "geometry": { "type": "Point", "coordinates": [ -121.67138, 47.27666 ] } },
{ "type": "Feature", "properties": { "station_id": "422", "name": "County Line", "state": "OR", "county": "Umatilla", "elevation_ft": 4840.0, "latitude": 45.19107, "longitude": -118.55015, "huc": "170601040202", "actonId": null, "shefId": "COLO3", "beginDate": "1979-10-01 00:00", "endDate": "2100-01-01 00:00", "network": "SNTL" }, "geometry": { "type": "Point", "coordinates": [ -118.55015, 45.19107 ] } },
{ "type": "Feature", "properties": { "station_id": "423", "name": "Cozy Cove", "state": "ID", "county": "Valley", "elevation_ft": 5410.0, "latitude": 44.28846, "longitude": -115.65508, "huc": "170501200403", "actonId": null, "shefId": "COZI1", "beginDate": "1978-10-01 00:00", "endDate": "2100-01-01 00:00", "network": "SNTL" }, "geometry": { "type": "Point", "coordinates": [ -115.65508, 44.28846 ] } },
{ "type": "Feature", "properties": { "station_id": "424", "name": "Crab Creek", "state": "ID", "county": "Clark", "elevation_ft": 6870.0, "latitude": 44.437, "longitude": -111.99384, "huc": "170402140108", "actonId": null, "shefId": "CRBI1", "beginDate": "1979-10-01 00:00", "endDate": "2100-01-01 00:00", "network": "SNTL" }, "geometry": { "type": "Point", "coordinates": [ -111.99384, 44.437 ] } },
{ "type": "Feature", "properties": { "station_id": "425", "name": "Crater Meadows", "state": "ID", "county": "Clearwater", "elevation_ft": 5960.0, "latitude": 46.56394, "longitude": -115.28903, "huc": "170603070502", "actonId": null, "shefId": "CRAI1", "beginDate": "1983-10-01 00:00", "endDate": "2100-01-01 00:00", "network": "SNTL" }, "geometry": { "type": "Point", "coordinates": [ -115.28903, 46.56394 ] } },
{ "type": "Feature", "properties": { "station_id": "1010", "name": "Crazyman Flat", "state": "OR", "county": "Klamath", "elevation_ft": 6190.0, "latitude": 42.6381, "longitude": -120.94917, "huc": "180102020101", "actonId": null, "shefId": "CZFO3", "beginDate": "2001-09-01 00:00", "endDate": "2100-01-01 00:00", "network": "SNTL" }, "geometry": { "type": "Point", "coordinates": [ -120.94917, 42.6381 ] } },
{ "type": "Feature", "properties": { "station_id": "1302", "name": "Creamers Field", "state": "AK", "county": "Fairbanks North Star", "elevation_ft": 440.0, "latitude": 64.86534, "longitude": -147.73617, "huc": "190803060907", "actonId": null, "shefId": "SCFA2", "beginDate": "2021-08-11 00:00", "endDate": "2100-01-01 00:00", "network": "SNTL" }, "geometry": { "type": "Point", "coordinates": [ -147.73617, 64.86534 ] } },
{ "type": "Feature", "properties": { "station_id": "426", "name": "Crosho", "state": "CO", "county": "Rio Blanco", "elevation_ft": 8960.0, "latitude": 40.16749, "longitude": -107.05769, "huc": "140500010106", "actonId": null, "shefId": "CRSC2", "beginDate": "1985-10-01 00:00", "endDate": "2100-01-01 00:00", "network": "SNTL" }, "geometry": { "type": "Point", "coordinates": [ -107.05769, 40.16749 ] } },
{ "type": "Feature", "properties": { "station_id": "1045", "name": "Crow Creek", "state": "WY", "county": "Albany", "elevation_ft": 8320.0, "latitude": 41.22824, "longitude": -105.38571, "huc": "101900090104", "actonId": null, "shefId": "CRWW4", "beginDate": "2003-08-01 00:00", "endDate": "2100-01-01 00:00", "network": "SNTL" }, "geometry": { "type": "Point", "coordinates": [ -105.38571, 41.22824 ] } },
{ "type": "Feature", "properties": { "station_id": "977", "name": "Crowder Flat", "state": "CA", "county": "Modoc", "elevation_ft": 5180.0, "latitude": 41.89318, "longitude": -120.75202, "huc": "180102040103", "actonId": null, "shefId": "CRWC1", "beginDate": "1999-10-01 00:00", "endDate": "2100-01-01 00:00", "network": "SNTL" }, "geometry": { "type": "Point", "coordinates": [ -120.75202, 41.89318 ] } },
{ "type": "Feature", "properties": { "station_id": "427", "name": "Crystal Lake", "state": "MT", "county": "Fergus", "elevation_ft": 6130.0, "latitude": 46.78936, "longitude": -109.51202, "huc": "100401030204", "actonId": null, "shefId": "CRYM8", "beginDate": "1967-09-01 00:00", "endDate": "2100-01-01 00:00", "network": "SNTL" }, "geometry": { "type": "Point", "coordinates": [ -109.51202, 46.78936 ] } },
{ "type": "Feature", "properties": { "station_id": "428", "name": "Css Lab", "state": "CA", "county": "Nevada", "elevation_ft": 6880.0, "latitude": 39.32565, "longitude": -120.36807, "huc": "180201250602", "actonId": null, "shefId": "CSSC1", "beginDate": "1980-10-01 00:00", "endDate": "2100-01-01 00:00", "network": "SNTL" }, "geometry": { "type": "Point", "coordinates": [ -120.36807, 39.32565 ] } },
{ "type": "Feature", "properties": { "station_id": "430", "name": "Culebra #2", "state": "CO", "county": "Costilla", "elevation_ft": 10570.0, "latitude": 37.20939, "longitude": -105.19988, "huc": "130100020902", "actonId": null, "shefId": "CULC2", "beginDate": "1978-10-01 00:00", "endDate": "2100-01-01 00:00", "network": "SNTL" }, "geometry": { "type": "Point", "coordinates": [ -105.19988, 37.20939 ] } },
{ "type": "Feature", "properties": { "station_id": "431", "name": "Cumbres Trestle", "state": "CO", "county": "Conejos", "elevation_ft": 10030.0, "latitude": 37.01877, "longitude": -106.45275, "huc": "130201020203", "actonId": null, "shefId": "CUMC2", "beginDate": "1979-10-01 00:00", "endDate": "2100-01-01 00:00", "network": "SNTL" }, "geometry": { "type": "Point", "coordinates": [ -106.45275, 37.01877 ] } },
{ "type": "Feature", "properties": { "station_id": "432", "name": "Currant Creek", "state": "UT", "county": "Wasatch", "elevation_ft": 7920.0, "latitude": 40.35747, "longitude": -111.08993, "huc": "140600040401", "actonId": null, "shefId": "CUCU1", "beginDate": "1978-10-01 00:00", "endDate": "2100-01-01 00:00", "network": "SNTL" }, "geometry": { "type": "Point", "coordinates": [ -111.08993, 40.35747 ] } },
{ "type": "Feature", "properties": { "station_id": "1303", "name": "Dahl Creek", "state": "AK", "county": "Northwest Arctic", "elevation_ft": 250.0, "latitude": 66.94517, "longitude": -156.90318, "huc": "190503021508", "actonId": null, "shefId": "DHLA2", "beginDate": "2021-09-01 00:00", "endDate": "2100-01-01 00:00", "network": "SNTL" }, "geometry": { "type": "Point", "coordinates": [ -156.90318, 66.94517 ] } },
{ "type": "Feature", "properties": { "station_id": "919", "name": "Daisy Peak", "state": "MT", "county": "Meagher", "elevation_ft": 7590.0, "latitude": 46.66858, "longitude": -110.33022, "huc": "100402010106", "actonId": null, "shefId": "DAZM8", "beginDate": "1977-09-01 00:00", "endDate": "2100-01-01 00:00", "network": "SNTL" }, "geometry": { "type": "Point", "coordinates": [ -110.33022, 46.66858 ] } },
{ "type": "Feature", "properties": { "station_id": "433", "name": "Daly Creek", "state": "MT", "county": "Ravalli", "elevation_ft": 5780.0, "latitude": 46.18367, "longitude": -113.8533, "huc": "170102050901", "actonId": null, "shefId": "DALM8", "beginDate": "1966-10-01 00:00", "endDate": "2100-01-01 00:00", "network": "SNTL" }, "geometry": { "type": "Point", "coordinates": [ -113.8533, 46.18367 ] } },
{ "type": "Feature", "properties": { "station_id": "434", "name": "Daly Lake", "state": "OR", "county": "Linn", "elevation_ft": 3690.0, "latitude": 44.52147, "longitude": -122.08718, "huc": "170900060101", "actonId": null, "shefId": "DALO3", "beginDate": "1978-10-01 00:00", "endDate": "2100-01-01 00:00", "network": "SNTL" }, "geometry": { "type": "Point", "coordinates": [ -122.08718, 44.52147 ] } },
{ "type": "Feature", "properties": { "station_id": "435", "name": "Daniels-Strawberry", "state": "UT", "county": "Wasatch", "elevation_ft": 8010.0, "latitude": 40.2953, "longitude": -111.25677, "huc": "140600040101", "actonId": null, "shefId": "DSTU1", "beginDate": "1978-10-01 00:00", "endDate": "2100-01-01 00:00", "network": "SNTL" }, "geometry": { "type": "Point", "coordinates": [ -111.25677, 40.2953 ] } },
{ "type": "Feature", "properties": { "station_id": "436", "name": "Darkhorse Lake", "state": "MT", "county": "Beaverhead", "elevation_ft": 8930.0, "latitude": 45.17368, "longitude": -113.5846, "huc": "100200040301", "actonId": null, "shefId": "DHLM8", "beginDate": "1977-08-01 00:00", "endDate": "2100-01-01 00:00", "network": "SNTL" }, "geometry": { "type": "Point", "coordinates": [ -113.5846, 45.17368 ] } },
{ "type": "Feature", "properties": { "station_id": "437", "name": "Deadman Creek", "state": "MT", "county": "Meagher", "elevation_ft": 6440.0, "latitude": 46.79279, "longitude": -110.67545, "huc": "100301030401", "actonId": null, "shefId": "DDMM8", "beginDate": "1966-10-01 00:00", "endDate": "2100-01-01 00:00", "network": "SNTL" }, "geometry": { "type": "Point", "coordinates": [ -110.67545, 46.79279 ] } },
{ "type": "Feature", "properties": { "station_id": "438", "name": "Deadman Hill", "state": "CO", "county": "Larimer", "elevation_ft": 10240.0, "latitude": 40.80572, "longitude": -105.77018, "huc": "101900070502", "actonId": null, "shefId": "DDMC2", "beginDate": "1978-10-01 00:00", "endDate": "2100-01-01 00:00", "network": "SNTL" }, "geometry": { "type": "Point", "coordinates": [ -105.77018, 40.80572 ] } },
{ "type": "Feature", "properties": { "station_id": "439", "name": "Deadwood Summit", "state": "ID", "county": "Valley", "elevation_ft": 6990.0, "latitude": 44.54492, "longitude": -115.56386, "huc": "170501200401", "actonId": null, "shefId": "DDSI1", "beginDate": "1978-10-01 00:00", "endDate": "2100-01-01 00:00", "network": "SNTL" }, "geometry": { "type": "Point", "coordinates": [ -115.56386, 44.54492 ] } },
{ "type": "Feature", "properties": { "station_id": "1319", "name": "Decline Creek", "state": "WA", "county": "Snohomish", "elevation_ft": 4480.0, "latitude": 48.23594, "longitude": -121.455, "huc": "171100060403", "actonId": null, "shefId": "DCKW1", "beginDate": "2018-11-21 00:00", "endDate": "2100-01-01 00:00", "network": "SNTL" }, "geometry": { "type": "Point", "coordinates": [ -121.455, 48.23594 ] } },
{ "type": "Feature", "properties": { "station_id": "923", "name": "Deer Park", "state": "WY", "county": "Fremont", "elevation_ft": 9690.0, "latitude": 42.59076, "longitude": -108.90273, "huc": "100800030101", "actonId": null, "shefId": "DPKW4", "beginDate": "1997-08-14 00:00", "endDate": "2100-01-01 00:00", "network": "SNTL" }, "geometry": { "type": "Point", "coordinates": [ -108.90273, 42.59076 ] } },
{ "type": "Feature", "properties": { "station_id": "1345", "name": "Deer Pass", "state": "WA", "county": "Skagit", "elevation_ft": 3360.0, "latitude": 48.3325, "longitude": -121.72133, "huc": "171100080103", "actonId": null, "shefId": "DRPW", "beginDate": "2020-12-29 00:00", "endDate": "2100-01-01 00:00", "network": "SNTL" }, "geometry": { "type": "Point", "coordinates": [ -121.72133, 48.3325 ] } },
{ "type": "Feature", "properties": { "station_id": "1210", "name": "Defiance Mines", "state": "NV", "county": "White Pine", "elevation_ft": 9320.0, "latitude": 39.08527, "longitude": -114.89977, "huc": "160600081002", "actonId": null, "shefId": "DEFN2", "beginDate": "2011-12-22 00:00", "endDate": "2100-01-01 00:00", "network": "SNTL" }, "geometry": { "type": "Point", "coordinates": [ -114.89977, 39.08527 ] } },
{ "type": "Feature", "properties": { "station_id": "440", "name": "Derr.", "state": "OR", "county": "Wheeler", "elevation_ft": 5850.0, "latitude": 44.4465, "longitude": -119.93012, "huc": "170703040401", "actonId": null, "shefId": "DERO3", "beginDate": "1979-10-01 00:00", "endDate": "2100-01-01 00:00", "network": "SNTL" }, "geometry": { "type": "Point", "coordinates": [ -119.93012, 44.4465 ] } },
{ "type": "Feature", "properties": { "station_id": "442", "name": "Diamond Lake", "state": "OR", "county": "Douglas", "elevation_ft": 5280.0, "latitude": 43.18787, "longitude": -122.14003, "huc": "171003010204", "actonId": null, "shefId": "DIAO3", "beginDate": "1979-10-01 00:00", "endDate": "2100-01-01 00:00", "network": "SNTL" }, "geometry": { "type": "Point", "coordinates": [ -122.14003, 43.18787 ] } },
{ "type": "Feature", "properties": { "station_id": "443", "name": "Diamond Peak", "state": "NV", "county": "Eureka", "elevation_ft": 8030.0, "latitude": 39.56361, "longitude": -115.84421, "huc": "160600051503", "actonId": null, "shefId": "DPKN2", "beginDate": "1983-10-01 00:00", "endDate": "2100-01-01 00:00", "network": "SNTL" }, "geometry": { "type": "Point", "coordinates": [ -115.84421, 39.56361 ] } },
{ "type": "Feature", "properties": { "station_id": "444", "name": "Dills Camp", "state": "UT", "county": "Sanpete", "elevation_ft": 9240.0, "latitude": 39.04554, "longitude": -111.46875, "huc": "140700020201", "actonId": null, "shefId": "DCPU1", "beginDate": "1978-10-01 00:00", "endDate": "2100-01-01 00:00", "network": "SNTL" }, "geometry": { "type": "Point", "coordinates": [ -111.46875, 39.04554 ] } },
{ "type": "Feature", "properties": { "station_id": "445", "name": "Disaster Peak", "state": "NV", "county": "Humboldt", "elevation_ft": 6260.0, "latitude": 41.96737, "longitude": -118.18934, "huc": "160402010201", "actonId": null, "shefId": "DSPN2", "beginDate": "1980-10-01 00:00", "endDate": "2100-01-01 00:00", "network": "SNTL" }, "geometry": { "type": "Point", "coordinates": [ -118.18934, 41.96737 ] } },
{ "type": "Feature", "properties": { "station_id": "446", "name": "Dismal Swamp", "state": "CA", "county": "Modoc", "elevation_ft": 7370.0, "latitude": 41.99127, "longitude": -120.18033, "huc": "171200070304", "actonId": null, "shefId": "DMLC1", "beginDate": "1979-10-01 00:00", "endDate": "2100-01-01 00:00", "network": "SNTL" }, "geometry": { "type": "Point", "coordinates": [ -120.18033, 41.99127 ] } },
{ "type": "Feature", "properties": { "station_id": "448", "name": "Divide", "state": "MT", "county": "Madison", "elevation_ft": 7770.0, "latitude": 44.79317, "longitude": -112.05645, "huc": "100200030102", "actonId": null, "shefId": "DIVM8", "beginDate": "1971-01-01 00:00", "endDate": "2100-01-01 00:00", "network": "SNTL" }, "geometry": { "type": "Point", "coordinates": [ -112.05645, 44.79317 ] } },
{ "type": "Feature", "properties": { "station_id": "449", "name": "Divide Peak", "state": "WY", "county": "Carbon", "elevation_ft": 8700.0, "latitude": 41.30399, "longitude": -107.15255, "huc": "140500030203", "actonId": null, "shefId": "DVDW4", "beginDate": "1979-10-01 00:00", "endDate": "2100-01-01 00:00", "network": "SNTL" }, "geometry": { "type": "Point", "coordinates": [ -107.15255, 41.30399 ] } },
{ "type": "Feature", "properties": { "station_id": "450", "name": "Dollarhide Summit", "state": "ID", "county": "Blaine", "elevation_ft": 8390.0, "latitude": 43.6025, "longitude": -114.67417, "huc": "170402190201", "actonId": null, "shefId": "DHDI1", "beginDate": "1979-10-01 00:00", "endDate": "2100-01-01 00:00", "network": "SNTL" }, "geometry": { "type": "Point", "coordinates": [ -114.67417, 43.6025 ] } },
{ "type": "Feature", "properties": { "station_id": "451", "name": "Dome Lake", "state": "WY", "county": "Sheridan", "elevation_ft": 8890.0, "latitude": 44.57462, "longitude": -107.29537, "huc": "100901010102", "actonId": null, "shefId": "DMLW4", "beginDate": "1978-10-01 00:00", "endDate": "2100-01-01 00:00", "network": "SNTL" }, "geometry": { "type": "Point", "coordinates": [ -107.29537, 44.57462 ] } },
{ "type": "Feature", "properties": { "station_id": "452", "name": "Donkey Reservoir", "state": "UT", "county": "Wayne", "elevation_ft": 9800.0, "latitude": 38.2084, "longitude": -111.47412, "huc": "140700030305", "actonId": null, "shefId": "DRSU1", "beginDate": "1985-10-01 00:00", "endDate": "2100-01-01 00:00", "network": "SNTL" }, "geometry": { "type": "Point", "coordinates": [ -111.47412, 38.2084 ] } },
{ "type": "Feature", "properties": { "station_id": "453", "name": "Dorsey Basin", "state": "NV", "county": "Elko", "elevation_ft": 7900.0, "latitude": 40.89343, "longitude": -115.21104, "huc": "160401010604", "actonId": null, "shefId": "DRBN2", "beginDate": "1978-10-01 00:00", "endDate": "2100-01-01 00:00", "network": "SNTL" }, "geometry": { "type": "Point", "coordinates": [ -115.21104, 40.89343 ] } },
{ "type": "Feature", "properties": { "station_id": "454", "name": "Draw Creek", "state": "NV", "county": "Elko", "elevation_ft": 7300.0, "latitude": 41.661, "longitude": -115.3234, "huc": "160401010403", "actonId": null, "shefId": "DRCN2", "beginDate": "1983-10-01 00:00", "endDate": "2100-01-01 00:00", "network": "SNTL" }, "geometry": { "type": "Point", "coordinates": [ -115.3234, 41.661 ] } },
{ "type": "Feature", "properties": { "station_id": "455", "name": "Dry Bread Pond", "state": "UT", "county": "Cache", "elevation_ft": 8290.0, "latitude": 41.41289, "longitude": -111.5377, "huc": "160102030101", "actonId": null, "shefId": "DBPU1", "beginDate": "1978-10-01 00:00", "endDate": "2100-01-01 00:00", "network": "SNTL" }, "geometry": { "type": "Point", "coordinates": [ -111.5377, 41.41289 ] } },
{ "type": "Feature", "properties": { "station_id": "1243", "name": "Dry Creek", "state": "NV", "county": "Elko", "elevation_ft": 6560.0, "latitude": 40.8638, "longitude": -115.22014, "huc": "160401010601", "actonId": null, "shefId": "DRKN2", "beginDate": "2013-10-01 00:00", "endDate": "2100-01-01 00:00", "network": "SNTL" }, "geometry": { "type": "Point", "coordinates": [ -115.22014, 40.8638 ] } },
{ "type": "Feature", "properties": { "station_id": "906", "name": "Dry Fork", "state": "UT", "county": "Salt Lake", "elevation_ft": 7190.0, "latitude": 40.56533, "longitude": -112.17343, "huc": "160202040106", "actonId": null, "shefId": "DRFU1", "beginDate": "1994-10-01 00:00", "endDate": "2100-01-01 00:00", "network": "SNTL" }, "geometry": { "type": "Point", "coordinates": [ -112.17343, 40.56533 ] } },
{ "type": "Feature", "properties": { "station_id": "457", "name": "Dry Lake", "state": "CO", "county": "Routt", "elevation_ft": 8240.0, "latitude": 40.5337, "longitude": -106.7814, "huc": "140500010409", "actonId": null, "shefId": "DRLC2", "beginDate": "1979-10-01 00:00", "endDate": "2100-01-01 00:00", "network": "SNTL" }, "geometry": { "type": "Point", "coordinates": [ -106.7814, 40.5337 ] } },
{ "type": "Feature", "properties": { "station_id": "943", "name": "Dungeness", "state": "WA", "county": "Clallam", "elevation_ft": 3990.0, "latitude": 47.8722, "longitude": -123.07879, "huc": "171100200301", "actonId": null, "shefId": "DGSW1", "beginDate": "1998-10-01 00:00", "endDate": "2100-01-01 00:00", "network": "SNTL" }, "geometry": { "type": "Point", "coordinates": [ -123.07879, 47.8722 ] } },
{ "type": "Feature", "properties": { "station_id": "458", "name": "Dupuyer Creek", "state": "MT", "county": "Teton", "elevation_ft": 5740.0, "latitude": 48.06341, "longitude": -112.7573, "huc": "100302010501", "actonId": null, "shefId": "DPYM8", "beginDate": "1982-10-01 00:00", "endDate": "2100-01-01 00:00", "network": "SNTL" }, "geometry": { "type": "Point", "coordinates": [ -112.7573, 48.06341 ] } },
{ "type": "Feature", "properties": { "station_id": "960", "name": "Eagle Summit", "state": "AK", "county": "Yukon-Koyukuk", "elevation_ft": 3630.0, "latitude": 65.48588, "longitude": -145.41212, "huc": "190804010801", "actonId": null, "shefId": "EAGA2", "beginDate": "1997-10-01 00:00", "endDate": "2100-01-01 00:00", "network": "SNTL" }, "geometry": { "type": "Point", "coordinates": [ -145.41212, 65.48588 ] } },
{ "type": "Feature", "properties": { "station_id": "1105", "name": "East Boulder Mine", "state": "MT", "county": "Sweet Grass", "elevation_ft": 6310.0, "latitude": 45.50381, "longitude": -110.08019, "huc": "100700020701", "actonId": null, "shefId": "EBMM8", "beginDate": "2008-06-19 00:00", "endDate": "2100-01-01 00:00", "network": "SNTL" }, "geometry": { "type": "Point", "coordinates": [ -110.08019, 45.50381 ] } },
{ "type": "Feature", "properties": { "station_id": "953", "name": "East Palmer", "state": "AK", "county": "Matanuska-Susitna", "elevation_ft": 240.0, "latitude": 61.59858, "longitude": -149.09637, "huc": "190204020709", "actonId": null, "shefId": null, "beginDate": "2018-07-23 00:00", "endDate": "2023-11-12 12:00", "network": "SNTL" }, "geometry": { "type": "Point", "coordinates": [ -149.09637, 61.59858 ] } },
{ "type": "Feature", "properties": { "station_id": "460", "name": "East Rim Divide", "state": "WY", "county": "Sublette", "elevation_ft": 8010.0, "latitude": 43.13097, "longitude": -110.2023, "huc": "170401030203", "actonId": null, "shefId": "ERDW4", "beginDate": "1984-10-01 00:00", "endDate": "2100-01-01 00:00", "network": "SNTL" }, "geometry": { "type": "Point", "coordinates": [ -110.2023, 43.13097 ] } },
{ "type": "Feature", "properties": { "station_id": "461", "name": "East Willow Creek", "state": "UT", "county": "Grand", "elevation_ft": 8310.0, "latitude": 39.31213, "longitude": -109.53179, "huc": "140600060205", "actonId": null, "shefId": "EWCU1", "beginDate": "1986-08-06 00:00", "endDate": "2100-01-01 00:00", "network": "SNTL" }, "geometry": { "type": "Point", "coordinates": [ -109.53179, 39.31213 ] } },
{ "type": "Feature", "properties": { "station_id": "998", "name": "Easy Pass", "state": "WA", "county": "Whatcom", "elevation_ft": 5280.0, "latitude": 48.85933, "longitude": -121.43895, "huc": "171100010101", "actonId": null, "shefId": "EPSW1", "beginDate": "2008-09-19 00:00", "endDate": "2100-01-01 00:00", "network": "SNTL" }, "geometry": { "type": "Point", "coordinates": [ -121.43895, 48.85933 ] } },
{ "type": "Feature", "properties": { "station_id": "462", "name": "Ebbetts Pass", "state": "CA", "county": "Alpine", "elevation_ft": 8660.0, "latitude": 38.5497, "longitude": -119.80468, "huc": "160502010104", "actonId": null, "shefId": "EBTC1", "beginDate": "1978-10-01 00:00", "endDate": "2100-01-01 00:00", "network": "SNTL" }, "geometry": { "type": "Point", "coordinates": [ -119.80468, 38.5497 ] } },
{ "type": "Feature", "properties": { "station_id": "936", "name": "Echo Lake", "state": "CO", "county": "Clear Creek", "elevation_ft": 10660.0, "latitude": 39.65539, "longitude": -105.59358, "huc": "101900020801", "actonId": null, "shefId": "ECLC2", "beginDate": "1998-08-10 00:00", "endDate": "2100-01-01 00:00", "network": "SNTL" }, "geometry": { "type": "Point", "coordinates": [ -105.59358, 39.65539 ] } },
{ "type": "Feature", "properties": { "station_id": "463", "name": "Echo Peak", "state": "CA", "county": "El Dorado", "elevation_ft": 7650.0, "latitude": 38.849, "longitude": -120.0795, "huc": "160501010303", "actonId": null, "shefId": "ECOC1", "beginDate": "1980-10-01 00:00", "endDate": "2100-01-01 00:00", "network": "SNTL" }, "geometry": { "type": "Point", "coordinates": [ -120.0795, 38.849 ] } },
{ "type": "Feature", "properties": { "station_id": "1163", "name": "EF Blacks Fork GS", "state": "UT", "county": "Summit", "elevation_ft": 9360.0, "latitude": 40.88472, "longitude": -110.54056, "huc": "140401070302", "actonId": null, "shefId": "EFBU1", "beginDate": "2010-10-22 00:00", "endDate": "2100-01-01 00:00", "network": "SNTL" }, "geometry": { "type": "Point", "coordinates": [ -110.54056, 40.88472 ] } },
{ "type": "Feature", "properties": { "station_id": "464", "name": "Eilertson Meadows", "state": "OR", "county": "Baker", "elevation_ft": 5510.0, "latitude": 44.86887, "longitude": -118.11387, "huc": "170502030404", "actonId": null, "shefId": "EIMO3", "beginDate": "1979-10-01 00:00", "endDate": "2100-01-01 00:00", "network": "SNTL" }, "geometry": { "type": "Point", "coordinates": [ -118.11387, 44.86887 ] } },
{ "type": "Feature", "properties": { "station_id": "465", "name": "El Diente Peak", "state": "CO", "county": "Dolores", "elevation_ft": 10210.0, "latitude": 37.78607, "longitude": -108.02235, "huc": "140300020202", "actonId": null, "shefId": "EDSC2", "beginDate": "1985-10-01 00:00", "endDate": "2100-01-01 00:00", "network": "SNTL" }, "geometry": { "type": "Point", "coordinates": [ -108.02235, 37.78607 ] } },
{ "type": "Feature", "properties": { "station_id": "910", "name": "Elbow Lake", "state": "WA", "county": "Whatcom", "elevation_ft": 3050.0, "latitude": 48.69092, "longitude": -121.90893, "huc": "171100040401", "actonId": null, "shefId": "ELSW1", "beginDate": "1995-08-24 00:00", "endDate": "2100-01-01 00:00", "network": "SNTL" }, "geometry": { "type": "Point", "coordinates": [ -121.90893, 48.69092 ] } },
{ "type": "Feature", "properties": { "station_id": "466", "name": "Elk Butte", "state": "ID", "county": "Clearwater", "elevation_ft": 5680.0, "latitude": 46.83998, "longitude": -116.12233, "huc": "170603080701", "actonId": null, "shefId": "ELBI1", "beginDate": "1982-10-01 00:00", "endDate": "2100-01-01 00:00", "network": "SNTL" }, "geometry": { "type": "Point", "coordinates": [ -116.12233, 46.83998 ] } },
{ "type": "Feature", "properties": { "station_id": "921", "name": "Elk Cabin", "state": "NM", "county": "Santa Fe", "elevation_ft": 8210.0, "latitude": 35.7073, "longitude": -105.80584, "huc": "130202010102", "actonId": null, "shefId": "ELCN5", "beginDate": "1996-10-01 00:00", "endDate": "2100-01-01 00:00", "network": "SNTL" }, "geometry": { "type": "Point", "coordinates": [ -105.80584, 35.7073 ] } },
{ "type": "Feature", "properties": { "station_id": "1106", "name": "Elk Peak", "state": "MT", "county": "Meagher", "elevation_ft": 7600.0, "latitude": 46.4845, "longitude": -110.7125, "huc": "100402010203", "actonId": null, "shefId": "WHSM8", "beginDate": "2008-07-08 00:00", "endDate": "2023-07-11 00:00", "network": "SNTL" }, "geometry": { "type": "Point", "coordinates": [ -110.7125, 46.4845 ] } },
{ "type": "Feature", "properties": { "station_id": "1316", "name": "Elk Peak Alt", "state": "MT", "county": "Meagher", "elevation_ft": 7820.0, "latitude": 46.47617, "longitude": -110.72148, "huc": "100301030104", "actonId": null, "shefId": null, "beginDate": "2023-07-13 00:00", "endDate": "2100-01-01 00:00", "network": "SNTL" }, "geometry": { "type": "Point", "coordinates": [ -110.72148, 46.47617 ] } },
{ "type": "Feature", "properties": { "station_id": "1323", "name": "Elk Ridge", "state": "UT", "county": "San Juan", "elevation_ft": 8540.0, "latitude": 37.82308, "longitude": -109.77156, "huc": "140802010402", "actonId": null, "shefId": null, "beginDate": "2024-10-01 00:00", "endDate": "2100-01-01 00:00", "network": "SNTL" }, "geometry": { "type": "Point", "coordinates": [ -109.77156, 37.82308 ] } },
{ "type": "Feature", "properties": { "station_id": "467", "name": "Elk River", "state": "CO", "county": "Routt", "elevation_ft": 8710.0, "latitude": 40.84758, "longitude": -106.96861, "huc": "140500010206", "actonId": null, "shefId": "ELKC2", "beginDate": "1978-10-01 00:00", "endDate": "2100-01-01 00:00", "network": "SNTL" }, "geometry": { "type": "Point", "coordinates": [ -106.96861, 40.84758 ] } },
{ "type": "Feature", "properties": { "station_id": "468", "name": "Elkhart Park G.S.", "state": "WY", "county": "Sublette", "elevation_ft": 9410.0, "latitude": 43.00657, "longitude": -109.75893, "huc": "140401020103", "actonId": null, "shefId": "EKPW4", "beginDate": "1963-10-01 00:00", "endDate": "2100-01-01 00:00", "network": "SNTL" }, "geometry": { "type": "Point", "coordinates": [ -109.75893, 43.00657 ] } },
{ "type": "Feature", "properties": { "station_id": "1252", "name": "Elkhead Divide", "state": "CO", "county": "Routt", "elevation_ft": 8780.0, "latitude": 40.79637, "longitude": -107.10113, "huc": "140500010601", "actonId": null, "shefId": "EKDC2", "beginDate": "2016-09-01 00:00", "endDate": "2100-01-01 00:00", "network": "SNTL" }, "geometry": { "type": "Point", "coordinates": [ -107.10113, 40.79637 ] } },
{ "type": "Feature", "properties": { "station_id": "1120", "name": "Elliot Ridge", "state": "CO", "county": "Summit", "elevation_ft": 10550.0, "latitude": 39.8638, "longitude": -106.42473, "huc": "140100020602", "actonId": null, "shefId": "ELRC2", "beginDate": "2009-08-07 00:00", "endDate": "2100-01-01 00:00", "network": "SNTL" }, "geometry": { "type": "Point", "coordinates": [ -106.42473, 39.8638 ] } },
{ "type": "Feature", "properties": { "station_id": "1332", "name": "Elmendorf Field", "state": "AK", "county": "Anchorage", "elevation_ft": 170.0, "latitude": 61.24777, "longitude": -149.82331, "huc": "190204010404", "actonId": null, "shefId": "EDFA2", "beginDate": "2024-10-09 00:00", "endDate": "2100-01-01 00:00", "network": "SNTL" }, "geometry": { "type": "Point", "coordinates": [ -149.82331, 61.24777 ] } },
{ "type": "Feature", "properties": { "station_id": "1325", "name": "Elwood Pass", "state": "CO", "county": "Rio Grande", "elevation_ft": 11680.0, "latitude": 37.40563, "longitude": -106.64136, "huc": "130100020302", "actonId": null, "shefId": null, "beginDate": "2024-08-26 00:00", "endDate": "2100-01-01 00:00", "network": "SNTL" }, "geometry": { "type": "Point", "coordinates": [ -106.64136, 37.40563 ] } },
{ "type": "Feature", "properties": { "station_id": "469", "name": "Emery Creek", "state": "MT", "county": "Flathead", "elevation_ft": 4340.0, "latitude": 48.43412, "longitude": -113.93725, "huc": "170102090703", "actonId": null, "shefId": "EMCM8", "beginDate": "1975-10-01 00:00", "endDate": "2100-01-01 00:00", "network": "SNTL" }, "geometry": { "type": "Point", "coordinates": [ -113.93725, 48.43412 ] } },
{ "type": "Feature", "properties": { "station_id": "470", "name": "Emigrant Springs", "state": "OR", "county": "Umatilla", "elevation_ft": 3780.0, "latitude": 45.55808, "longitude": -118.45385, "huc": "170701030501", "actonId": null, "shefId": "ESPO3", "beginDate": "1979-10-01 00:00", "endDate": "2100-01-01 00:00", "network": "SNTL" }, "geometry": { "type": "Point", "coordinates": [ -118.45385, 45.55808 ] } },
{ "type": "Feature", "properties": { "station_id": "471", "name": "Emigrant Summit", "state": "ID", "county": "Bear Lake", "elevation_ft": 7390.0, "latitude": 42.36055, "longitude": -111.56085, "huc": "160102020206", "actonId": null, "shefId": "EMSI1", "beginDate": "1979-10-01 00:00", "endDate": "2100-01-01 00:00", "network": "SNTL" }, "geometry": { "type": "Point", "coordinates": [ -111.56085, 42.36055 ] } },
{ "type": "Feature", "properties": { "station_id": "1071", "name": "Esther Island", "state": "AK", "county": "Valdez-Cordova", "elevation_ft": 50.0, "latitude": 60.798, "longitude": -148.0857, "huc": "190202011605", "actonId": null, "shefId": "ESIA2", "beginDate": "2004-10-01 00:00", "endDate": "2100-01-01 00:00", "network": "SNTL" }, "geometry": { "type": "Point", "coordinates": [ -148.0857, 60.798 ] } },
{ "type": "Feature", "properties": { "station_id": "472", "name": "Evening Star", "state": "WY", "county": "Park", "elevation_ft": 9040.0, "latitude": 44.65258, "longitude": -109.78422, "huc": "100700060301", "actonId": null, "shefId": "EVNW4", "beginDate": "1979-10-01 00:00", "endDate": "2100-01-01 00:00", "network": "SNTL" }, "geometry": { "type": "Point", "coordinates": [ -109.78422, 44.65258 ] } },
{ "type": "Feature", "properties": { "station_id": "1092", "name": "Exit Glacier", "state": "AK", "county": "Kenai Peninsula", "elevation_ft": 360.0, "latitude": 60.18957, "longitude": -149.6228, "huc": "190202020508", "actonId": null, "shefId": "EXGA2", "beginDate": "2011-07-05 00:00", "endDate": "2100-01-01 00:00", "network": "SNTL" }, "geometry": { "type": "Point", "coordinates": [ -149.6228, 60.18957 ] } },
{ "type": "Feature", "properties": { "station_id": "1174", "name": "Fairbanks F.O.", "state": "AK", "county": "Fairbanks North Star", "elevation_ft": 440.0, "latitude": 64.86018, "longitude": -147.78888, "huc": "190803060907", "actonId": null, "shefId": "FOFA2", "beginDate": "1981-10-01 00:00", "endDate": "2020-09-28 11:00", "network": "SNTL" }, "geometry": { "type": "Point", "coordinates": [ -147.78888, 64.86018 ] } },
{ "type": "Feature", "properties": { "station_id": "473", "name": "Fallen Leaf", "state": "CA", "county": "El Dorado", "elevation_ft": 6250.0, "latitude": 38.93403, "longitude": -120.0545, "huc": "160501010401", "actonId": null, "shefId": "FLFC1", "beginDate": "1979-10-01 00:00", "endDate": "2100-01-01 00:00", "network": "SNTL" }, "geometry": { "type": "Point", "coordinates": [ -120.0545, 38.93403 ] } },
{ "type": "Feature", "properties": { "station_id": "474", "name": "Farmington", "state": "UT", "county": "Davis", "elevation_ft": 7920.0, "latitude": 40.97462, "longitude": -111.80975, "huc": "160201020502", "actonId": null, "shefId": "FMNU1", "beginDate": "1978-10-01 00:00", "endDate": "2100-01-01 00:00", "network": "SNTL" }, "geometry": { "type": "Point", "coordinates": [ -111.80975, 40.97462 ] } },
{ "type": "Feature", "properties": { "station_id": "1054", "name": "Farmington Lower", "state": "UT", "county": "Davis", "elevation_ft": 6850.0, "latitude": 40.992, "longitude": -111.81702, "huc": "160201020502", "actonId": null, "shefId": "FARU1", "beginDate": "2003-11-20 00:00", "endDate": "2100-01-01 00:00", "network": "SNTL" }, "geometry": { "type": "Point", "coordinates": [ -111.81702, 40.992 ] } },
{ "type": "Feature", "properties": { "station_id": "475", "name": "Farnsworth Lake", "state": "UT", "county": "Sevier", "elevation_ft": 9620.0, "latitude": 38.77246, "longitude": -111.67662, "huc": "160300030405", "actonId": null, "shefId": "FRLU1", "beginDate": "1980-07-24 00:00", "endDate": "2100-01-01 00:00", "network": "SNTL" }, "geometry": { "type": "Point", "coordinates": [ -111.67662, 38.77246 ] } },
{ "type": "Feature", "properties": { "station_id": "476", "name": "Fawn Creek", "state": "NV", "county": "Elko", "elevation_ft": 7040.0, "latitude": 41.82098, "longitude": -116.10153, "huc": "170501040304", "actonId": null, "shefId": "FWCN2", "beginDate": "1980-10-01 00:00", "endDate": "2100-01-01 00:00", "network": "SNTL" }, "geometry": { "type": "Point", "coordinates": [ -116.10153, 41.82098 ] } },
{ "type": "Feature", "properties": { "station_id": "1268", "name": "Fielding Lake", "state": "AK", "county": "Valdez-Cordova", "elevation_ft": 3000.0, "latitude": 63.2026, "longitude": -145.63442, "huc": "190803040302", "actonId": null, "shefId": "FLDA2", "beginDate": "2014-08-07 00:00", "endDate": "2100-01-01 00:00", "network": "SNTL" }, "geometry": { "type": "Point", "coordinates": [ -145.63442, 63.2026 ] } },
{ "type": "Feature", "properties": { "station_id": "1314", "name": "Fifteenmile", "state": "OR", "county": "Hood River", "elevation_ft": 5970.0, "latitude": 45.35265, "longitude": -121.53, "huc": "170701050503", "actonId": null, "shefId": "FFMO3", "beginDate": "2022-09-21 00:00", "endDate": "2100-01-01 00:00", "network": "SNTL" }, "geometry": { "type": "Point", "coordinates": [ -121.53, 45.35265 ] } },
{ "type": "Feature", "properties": { "station_id": "1305", "name": "Fish Ck", "state": "ID", "county": "Blaine", "elevation_ft": 6380.0, "latitude": 43.55545, "longitude": -113.71931, "huc": "170402210401", "actonId": null, "shefId": "FSHI1", "beginDate": "2021-09-29 00:00", "endDate": "2100-01-01 00:00", "network": "SNTL" }, "geometry": { "type": "Point", "coordinates": [ -113.71931, 43.55545 ] } },
{ "type": "Feature", "properties": { "station_id": "477", "name": "Fish Creek", "state": "OR", "county": "Harney", "elevation_ft": 7710.0, "latitude": 42.70993, "longitude": -118.63219, "huc": "171200030107", "actonId": null, "shefId": "FCKO3", "beginDate": "1978-10-01 00:00", "endDate": "2100-01-01 00:00", "network": "SNTL" }, "geometry": { "type": "Point", "coordinates": [ -118.63219, 42.70993 ] } },
{ "type": "Feature", "properties": { "station_id": "478", "name": "Fish Lake", "state": "WA", "county": "Kittitas", "elevation_ft": 3430.0, "latitude": 47.53565, "longitude": -121.08553, "huc": "170300010102", "actonId": null, "shefId": "FISW1", "beginDate": "1979-10-01 00:00", "endDate": "2100-01-01 00:00", "network": "SNTL" }, "geometry": { "type": "Point", "coordinates": [ -121.08553, 47.53565 ] } },
{ "type": "Feature", "properties": { "station_id": "1149", "name": "Fish Lake Utah", "state": "UT", "county": "Sevier", "elevation_ft": 8790.0, "latitude": 38.50455, "longitude": -111.76693, "huc": "140700030108", "actonId": null, "shefId": "FLSU1", "beginDate": "2010-10-01 00:00", "endDate": "2100-01-01 00:00", "network": "SNTL" }, "geometry": { "type": "Point", "coordinates": [ -111.76693, 38.50455 ] } },
{ "type": "Feature", "properties": { "station_id": "479", "name": "Fish Lk.", "state": "OR", "county": "Jackson", "elevation_ft": 4660.0, "latitude": 42.3801, "longitude": -122.34943, "huc": "171003070801", "actonId": null, "shefId": "FISO3", "beginDate": "1979-10-01 00:00", "endDate": "2100-01-01 00:00", "network": "SNTL" }, "geometry": { "type": "Point", "coordinates": [ -122.34943, 42.3801 ] } },
{ "type": "Feature", "properties": { "station_id": "480", "name": "Fisher Creek", "state": "MT", "county": "Park", "elevation_ft": 9110.0, "latitude": 45.06235, "longitude": -109.94488, "huc": "100700060202", "actonId": null, "shefId": "FSHM8", "beginDate": "1966-10-01 00:00", "endDate": "2100-01-01 00:00", "network": "SNTL" }, "geometry": { "type": "Point", "coordinates": [ -109.94488, 45.06235 ] } },
{ "type": "Feature", "properties": { "station_id": "481", "name": "Five Points Lake", "state": "UT", "county": "Duchesne", "elevation_ft": 10920.0, "latitude": 40.71785, "longitude": -110.46721, "huc": "140600030701", "actonId": null, "shefId": "FPLU1", "beginDate": "1980-08-14 00:00", "endDate": "2100-01-01 00:00", "network": "SNTL" }, "geometry": { "type": "Point", "coordinates": [ -110.46721, 40.71785 ] } },
{ "type": "Feature", "properties": { "station_id": "482", "name": "Flattop Mtn.", "state": "MT", "county": "Flathead", "elevation_ft": 6290.0, "latitude": 48.80225, "longitude": -113.85713, "huc": "170102070501", "actonId": null, "shefId": "FTMM8", "beginDate": "1969-10-01 00:00", "endDate": "2100-01-01 00:00", "network": "SNTL" }, "geometry": { "type": "Point", "coordinates": [ -113.85713, 48.80225 ] } },
{ "type": "Feature", "properties": { "station_id": "1285", "name": "Flower Mountain", "state": "AK", "county": "Haines", "elevation_ft": 2540.0, "latitude": 59.39617, "longitude": -136.28123, "huc": "190103031206", "actonId": null, "shefId": "FLOA2", "beginDate": "2017-08-10 00:00", "endDate": "2100-01-01 00:00", "network": "SNTL" }, "geometry": { "type": "Point", "coordinates": [ -136.28123, 59.39617 ] } },
{ "type": "Feature", "properties": { "station_id": "1186", "name": "Fool Creek", "state": "CO", "county": "Grand", "elevation_ft": 11130.0, "latitude": 39.86866, "longitude": -105.86765, "huc": "140100010203", "actonId": null, "shefId": "FCVC2", "beginDate": "2011-07-28 00:00", "endDate": "2100-01-01 00:00", "network": "SNTL" }, "geometry": { "type": "Point", "coordinates": [ -105.86765, 39.86866 ] } },
{ "type": "Feature", "properties": { "station_id": "1049", "name": "Forestdale Creek", "state": "CA", "county": "Alpine", "elevation_ft": 8050.0, "latitude": 38.68245, "longitude": -119.9597, "huc": "160502010301", "actonId": null, "shefId": "FDCC1", "beginDate": "2003-10-01 00:00", "endDate": "2100-01-01 00:00", "network": "SNTL" }, "geometry": { "type": "Point", "coordinates": [ -119.9597, 38.68245 ] } },
{ "type": "Feature", "properties": { "station_id": "1121", "name": "Fort Valley", "state": "AZ", "county": "Coconino", "elevation_ft": 7360.0, "latitude": 35.26773, "longitude": -111.74479, "huc": "150200150102", "actonId": null, "shefId": "FRVA3", "beginDate": "2008-06-26 00:00", "endDate": "2100-01-01 00:00", "network": "SNTL" }, "geometry": { "type": "Point", "coordinates": [ -111.74479, 35.26773 ] } },
{ "type": "Feature", "properties": { "station_id": "961", "name": "Fort Yukon", "state": "AK", "county": "Yukon-Koyukuk", "elevation_ft": 440.0, "latitude": 66.5705, "longitude": -145.24553, "huc": "190705062100", "actonId": null, "shefId": "FYNA2", "beginDate": "1992-10-01 00:00", "endDate": "2100-01-01 00:00", "network": "SNTL" }, "geometry": { "type": "Point", "coordinates": [ -145.24553, 66.5705 ] } },
{ "type": "Feature", "properties": { "station_id": "483", "name": "Fourmile Lake", "state": "OR", "county": "Klamath", "elevation_ft": 5970.0, "latitude": 42.43933, "longitude": -122.2288, "huc": "180102030202", "actonId": null, "shefId": "FRLO3", "beginDate": "1978-10-01 00:00", "endDate": "2100-01-01 00:00", "network": "SNTL" }, "geometry": { "type": "Point", "coordinates": [ -122.2288, 42.43933 ] } },
{ "type": "Feature", "properties": { "station_id": "484", "name": "Franklin Basin", "state": "ID", "county": "Franklin", "elevation_ft": 8140.0, "latitude": 42.0505, "longitude": -111.6012, "huc": "160102020501", "actonId": null, "shefId": "FBNI1", "beginDate": "1978-10-01 00:00", "endDate": "2100-01-01 00:00", "network": "SNTL" }, "geometry": { "type": "Point", "coordinates": [ -111.6012, 42.0505 ] } },
{ "type": "Feature", "properties": { "station_id": "1277", "name": "Fredonyer Peak", "state": "CA", "county": "Lassen", "elevation_ft": 7220.0, "latitude": 40.68799, "longitude": -120.60805, "huc": "180800030304", "actonId": null, "shefId": "FPKC1", "beginDate": "2016-10-07 00:00", "endDate": "2100-01-01 00:00", "network": "SNTL" }, "geometry": { "type": "Point", "coordinates": [ -120.60805, 40.68799 ] } },
{ "type": "Feature", "properties": { "station_id": "485", "name": "Fremont Pass", "state": "CO", "county": "Summit", "elevation_ft": 11310.0, "latitude": 39.38014, "longitude": -106.19784, "huc": "140100020301", "actonId": null, "shefId": "FMTC2", "beginDate": "1979-10-01 00:00", "endDate": "2100-01-01 00:00", "network": "SNTL" }, "geometry": { "type": "Point", "coordinates": [ -106.19784, 39.38014 ] } },
{ "type": "Feature", "properties": { "station_id": "486", "name": "Frisco Divide", "state": "NM", "county": "Catron", "elevation_ft": 8010.0, "latitude": 33.73687, "longitude": -108.94327, "huc": "150400040303", "actonId": null, "shefId": "FRDN5", "beginDate": "1971-10-01 00:00", "endDate": "2100-01-01 00:00", "network": "SNTL" }, "geometry": { "type": "Point", "coordinates": [ -108.94327, 33.73687 ] } },
{ "type": "Feature", "properties": { "station_id": "487", "name": "Frohner Meadow", "state": "MT", "county": "Jefferson", "elevation_ft": 6520.0, "latitude": 46.43545, "longitude": -112.19277, "huc": "100301011305", "actonId": null, "shefId": "FRHM8", "beginDate": "1967-10-01 00:00", "endDate": "2100-01-01 00:00", "network": "SNTL" }, "geometry": { "type": "Point", "coordinates": [ -112.19277, 46.43545 ] } },
{ "type": "Feature", "properties": { "station_id": "641", "name": "Frostbite Bottom", "state": "AK", "county": "Matanuska-Susitna", "elevation_ft": 2690.0, "latitude": 61.74699, "longitude": -149.26769, "huc": "190205051202", "actonId": null, "shefId": "FBBA2", "beginDate": "2019-02-07 00:00", "endDate": "2100-01-01 00:00", "network": "SNTL" }, "geometry": { "type": "Point", "coordinates": [ -149.26769, 61.74699 ] } },
{ "type": "Feature", "properties": { "station_id": "488", "name": "Fry", "state": "AZ", "county": "Coconino", "elevation_ft": 7220.0, "latitude": 35.07356, "longitude": -111.84477, "huc": "150602020501", "actonId": null, "shefId": "FRYA3", "beginDate": "1978-10-01 00:00", "endDate": "2100-01-01 00:00", "network": "SNTL" }, "geometry": { "type": "Point", "coordinates": [ -111.84477, 35.07356 ] } },
{ "type": "Feature", "properties": { "station_id": "1262", "name": "Fry Canyon", "state": "NV", "county": "Elko", "elevation_ft": 6790.0, "latitude": 41.58008, "longitude": -115.9364, "huc": "160401020101", "actonId": null, "shefId": "FRYN2", "beginDate": "2014-10-08 00:00", "endDate": "2100-01-01 00:00", "network": "SNTL" }, "geometry": { "type": "Point", "coordinates": [ -115.9364, 41.58008 ] } },
{ "type": "Feature", "properties": { "station_id": "489", "name": "Galena", "state": "ID", "county": "Blaine", "elevation_ft": 7470.0, "latitude": 43.87722, "longitude": -114.6725, "huc": "170402190101", "actonId": null, "shefId": "GLNI1", "beginDate": "1979-10-01 00:00", "endDate": "2100-01-01 00:00", "network": "SNTL" }, "geometry": { "type": "Point", "coordinates": [ -114.6725, 43.87722 ] } },
{ "type": "Feature", "properties": { "station_id": "429", "name": "Galena AK", "state": "AK", "county": "Yukon-Koyukuk", "elevation_ft": 340.0, "latitude": 64.69662, "longitude": -156.71497, "huc": "190902051104", "actonId": null, "shefId": "GANA2", "beginDate": "2018-08-16 00:00", "endDate": "2100-01-01 00:00", "network": "SNTL" }, "geometry": { "type": "Point", "coordinates": [ -156.71497, 64.69662 ] } },
{ "type": "Feature", "properties": { "station_id": "490", "name": "Galena Summit", "state": "ID", "county": "Blaine", "elevation_ft": 8780.0, "latitude": 43.87497, "longitude": -114.71363, "huc": "170402190101", "actonId": null, "shefId": "GLSI1", "beginDate": "1978-10-01 00:00", "endDate": "2100-01-01 00:00", "network": "SNTL" }, "geometry": { "type": "Point", "coordinates": [ -114.71363, 43.87497 ] } },
{ "type": "Feature", "properties": { "station_id": "491", "name": "Gallegos Peak", "state": "NM", "county": "Taos", "elevation_ft": 9460.0, "latitude": 36.19418, "longitude": -105.55742, "huc": "130201010502", "actonId": null, "shefId": "GLGN5", "beginDate": "1979-10-01 00:00", "endDate": "2100-01-01 00:00", "network": "SNTL" }, "geometry": { "type": "Point", "coordinates": [ -105.55742, 36.19418 ] } },
{ "type": "Feature", "properties": { "station_id": "1114", "name": "Garden City Summit", "state": "UT", "county": "Cache", "elevation_ft": 7680.0, "latitude": 41.9215, "longitude": -111.4693, "huc": "160102010106", "actonId": null, "shefId": "GDSU1", "beginDate": "2009-10-01 00:00", "endDate": "2100-01-01 00:00", "network": "SNTL" }, "geometry": { "type": "Point", "coordinates": [ -111.4693, 41.9215 ] } },
{ "type": "Feature", "properties": { "station_id": "1066", "name": "Gardner Peak", "state": "UT", "county": "Washington", "elevation_ft": 8320.0, "latitude": 37.40083, "longitude": -113.45988, "huc": "150100080701", "actonId": null, "shefId": "GAPU1", "beginDate": "2004-10-01 00:00", "endDate": "2100-01-01 00:00", "network": "SNTL" }, "geometry": { "type": "Point", "coordinates": [ -113.45988, 37.40083 ] } },
{ "type": "Feature", "properties": { "station_id": "492", "name": "Garfield R.S.", "state": "ID", "county": "Blaine", "elevation_ft": 6580.0, "latitude": 43.6104, "longitude": -113.9308, "huc": "170402210301", "actonId": null, "shefId": "GARI1", "beginDate": "1979-10-01 00:00", "endDate": "2100-01-01 00:00", "network": "SNTL" }, "geometry": { "type": "Point", "coordinates": [ -113.9308, 43.6104 ] } },
{ "type": "Feature", "properties": { "station_id": "1173", "name": "Garita Peak", "state": "NM", "county": "Rio Arriba", "elevation_ft": 10100.0, "latitude": 36.00469, "longitude": -106.54805, "huc": "130202020201", "actonId": null, "shefId": "GAPN5", "beginDate": "2016-09-23 00:00", "endDate": "2100-01-01 00:00", "network": "SNTL" }, "geometry": { "type": "Point", "coordinates": [ -106.54805, 36.00469 ] } },
{ "type": "Feature", "properties": { "station_id": "918", "name": "Garver Creek", "state": "MT", "county": "Lincoln", "elevation_ft": 4250.0, "latitude": 48.97523, "longitude": -115.81915, "huc": "170101030202", "actonId": null, "shefId": "GVRM8", "beginDate": "1968-10-01 00:00", "endDate": "2100-01-01 00:00", "network": "SNTL" }, "geometry": { "type": "Point", "coordinates": [ -115.81915, 48.97523 ] } },
{ "type": "Feature", "properties": { "station_id": "1221", "name": "GBRC HQ", "state": "UT", "county": "Sanpete", "elevation_ft": 8800.0, "latitude": 39.32019, "longitude": -111.48827, "huc": "160300040307", "actonId": null, "shefId": "GBZU1", "beginDate": "2012-10-01 00:00", "endDate": "2100-01-01 00:00", "network": "SNTL" }, "geometry": { "type": "Point", "coordinates": [ -111.48827, 39.32019 ] } },
{ "type": "Feature", "properties": { "station_id": "1222", "name": "GBRC Meadows", "state": "UT", "county": "Sanpete", "elevation_ft": 9850.0, "latitude": 39.30229, "longitude": -111.45383, "huc": "160300040307", "actonId": null, "shefId": "GBMU1", "beginDate": "2012-10-01 00:00", "endDate": "2100-01-01 00:00", "network": "SNTL" }, "geometry": { "type": "Point", "coordinates": [ -111.45383, 39.30229 ] } },
{ "type": "Feature", "properties": { "station_id": "1151", "name": "George Creek", "state": "UT", "county": "Box Elder", "elevation_ft": 8960.0, "latitude": 41.91562, "longitude": -113.41154, "huc": "170402100401", "actonId": null, "shefId": "GECU1", "beginDate": "2010-10-01 00:00", "endDate": "2100-01-01 00:00", "network": "SNTL" }, "geometry": { "type": "Point", "coordinates": [ -113.41154, 41.91562 ] } },
{ "type": "Feature", "properties": { "station_id": "945", "name": "Gerber Reservoir", "state": "OR", "county": "Klamath", "elevation_ft": 4880.0, "latitude": 42.2062, "longitude": -121.1334, "huc": "180102040508", "actonId": null, "shefId": "GSTO3", "beginDate": "1998-10-01 00:00", "endDate": "2100-01-01 00:00", "network": "SNTL" }, "geometry": { "type": "Point", "coordinates": [ -121.1334, 42.2062 ] } },
{ "type": "Feature", "properties": { "station_id": "493", "name": "Giveout", "state": "ID", "county": "Bear Lake", "elevation_ft": 6940.0, "latitude": 42.4132, "longitude": -111.1663, "huc": "160102010401", "actonId": null, "shefId": "GIVI1", "beginDate": "1979-10-01 00:00", "endDate": "2100-01-01 00:00", "network": "SNTL" }, "geometry": { "type": "Point", "coordinates": [ -111.1663, 42.4132 ] } },
{ "type": "Feature", "properties": { "station_id": "1057", "name": "Glen Cove", "state": "CO", "county": "Teller", "elevation_ft": 11410.0, "latitude": 38.87602, "longitude": -105.07605, "huc": "110200030201", "actonId": null, "shefId": "GLNC2", "beginDate": "2004-08-01 00:00", "endDate": "2100-01-01 00:00", "network": "SNTL" }, "geometry": { "type": "Point", "coordinates": [ -105.07605, 38.87602 ] } },
{ "type": "Feature", "properties": { "station_id": "962", "name": "Gobblers Knob", "state": "AK", "county": "Yukon-Koyukuk", "elevation_ft": 2040.0, "latitude": 66.745, "longitude": -150.6675, "huc": "190901020403", "actonId": null, "shefId": "GOBA2", "beginDate": "1996-10-01 00:00", "endDate": "2100-01-01 00:00", "network": "SNTL" }, "geometry": { "type": "Point", "coordinates": [ -150.6675, 66.745 ] } },
{ "type": "Feature", "properties": { "station_id": "1195", "name": "Golconda", "state": "NV", "county": "Humboldt", "elevation_ft": 6630.0, "latitude": 40.88358, "longitude": -117.58812, "huc": "160401080102", "actonId": null, "shefId": "GLCN2", "beginDate": "2011-10-01 00:00", "endDate": "2100-01-01 00:00", "network": "SNTL" }, "geometry": { "type": "Point", "coordinates": [ -117.58812, 40.88358 ] } },
{ "type": "Feature", "properties": { "station_id": "1159", "name": "Gold Axe Camp", "state": "WA", "county": "Okanogan", "elevation_ft": 5380.0, "latitude": 48.9516, "longitude": -118.9864, "huc": "170200021204", "actonId": null, "shefId": "GAXW1", "beginDate": "2010-10-01 00:00", "endDate": "2100-01-01 00:00", "network": "SNTL" }, "geometry": { "type": "Point", "coordinates": [ -118.9864, 48.9516 ] } },
{ "type": "Feature", "properties": { "station_id": "1304", "name": "Gold Basin", "state": "UT", "county": "San Juan", "elevation_ft": 10070.0, "latitude": 38.46516, "longitude": -109.26332, "huc": "140300050401", "actonId": null, "shefId": "GDBU1", "beginDate": "2021-09-01 00:00", "endDate": "2100-01-01 00:00", "network": "SNTL" }, "geometry": { "type": "Point", "coordinates": [ -109.26332, 38.46516 ] } },
{ "type": "Feature", "properties": { "station_id": "494", "name": "Gold Center", "state": "OR", "county": "Grant", "elevation_ft": 5400.0, "latitude": 44.7638, "longitude": -118.3117, "huc": "170702020202", "actonId": null, "shefId": "GLDO3", "beginDate": "1979-10-01 00:00", "endDate": "2100-01-01 00:00", "network": "SNTL" }, "geometry": { "type": "Point", "coordinates": [ -118.3117, 44.7638 ] } },
{ "type": "Feature", "properties": { "station_id": "1256", "name": "Gold Mountain", "state": "WA", "county": "Ferry", "elevation_ft": 4500.0, "latitude": 48.19253, "longitude": -118.45715, "huc": "170200011703", "actonId": null, "shefId": "GLDW1", "beginDate": "2010-10-08 00:00", "endDate": "2100-01-01 00:00", "network": "SNTL" }, "geometry": { "type": "Point", "coordinates": [ -118.45715, 48.19253 ] } },
{ "type": "Feature", "properties": { "station_id": "495", "name": "Gooseberry RS", "state": "UT", "county": "Sevier", "elevation_ft": 7930.0, "latitude": 38.80034, "longitude": -111.68333, "huc": "160300030405", "actonId": null, "shefId": "GOOU1", "beginDate": "1979-06-27 00:00", "endDate": "2100-01-01 00:00", "network": "SNTL" }, "geometry": { "type": "Point", "coordinates": [ -111.68333, 38.80034 ] } },
{ "type": "Feature", "properties": { "station_id": "1184", "name": "Gooseberry RS Up", "state": "UT", "county": "Sevier", "elevation_ft": 8400.0, "latitude": 38.7882, "longitude": -111.68892, "huc": "160300030405", "actonId": null, "shefId": "GOUU1", "beginDate": "2011-10-01 00:00", "endDate": "2100-01-01 00:00", "network": "SNTL" }, "geometry": { "type": "Point", "coordinates": [ -111.68892, 38.7882 ] } },
{ "type": "Feature", "properties": { "station_id": "496", "name": "Graham Guard Sta.", "state": "ID", "county": "Elmore", "elevation_ft": 5680.0, "latitude": 43.9538, "longitude": -115.27387, "huc": "170501110303", "actonId": null, "shefId": "GGSI1", "beginDate": "1978-10-01 00:00", "endDate": "2100-01-01 00:00", "network": "SNTL" }, "geometry": { "type": "Point", "coordinates": [ -115.27387, 43.9538 ] } },
{ "type": "Feature", "properties": { "station_id": "1082", "name": "Grand Targhee", "state": "WY", "county": "Teton", "elevation_ft": 9260.0, "latitude": 43.77933, "longitude": -110.92783, "huc": "170402040202", "actonId": null, "shefId": "GTHW4", "beginDate": "2006-08-21 00:00", "endDate": "2100-01-01 00:00", "network": "SNTL" }, "geometry": { "type": "Point", "coordinates": [ -110.92783, 43.77933 ] } },
{ "type": "Feature", "properties": { "station_id": "956", "name": "Grandview", "state": "AK", "county": "Kenai Peninsula", "elevation_ft": 1070.0, "latitude": 60.60832, "longitude": -149.06313, "huc": "190203021001", "actonId": null, "shefId": "GRVA2", "beginDate": "1982-10-01 00:00", "endDate": "2100-01-01 00:00", "network": "SNTL" }, "geometry": { "type": "Point", "coordinates": [ -149.06313, 60.60832 ] } },
{ "type": "Feature", "properties": { "station_id": "497", "name": "Granite Creek", "state": "WY", "county": "Teton", "elevation_ft": 6770.0, "latitude": 43.34298, "longitude": -110.43495, "huc": "170401030304", "actonId": null, "shefId": "GRCW4", "beginDate": "1987-10-01 00:00", "endDate": "2100-01-01 00:00", "network": "SNTL" }, "geometry": { "type": "Point", "coordinates": [ -110.43495, 43.34298 ] } },
{ "type": "Feature", "properties": { "station_id": "963", "name": "Granite Crk", "state": "AK", "county": "Southeast Fairbanks", "elevation_ft": 1250.0, "latitude": 63.94382, "longitude": -145.39993, "huc": "190803031306", "actonId": null, "shefId": "GCKA2", "beginDate": "1985-11-01 00:00", "endDate": "2100-01-01 00:00", "network": "SNTL" }, "geometry": { "type": "Point", "coordinates": [ -145.39993, 63.94382 ] } },
{ "type": "Feature", "properties": { "station_id": "498", "name": "Granite Peak", "state": "NV", "county": "Humboldt", "elevation_ft": 8500.0, "latitude": 41.67032, "longitude": -117.56668, "huc": "160401090601", "actonId": null, "shefId": "GRPN2", "beginDate": "1980-10-01 00:00", "endDate": "2100-01-01 00:00", "network": "SNTL" }, "geometry": { "type": "Point", "coordinates": [ -117.56668, 41.67032 ] } },
{ "type": "Feature", "properties": { "station_id": "499", "name": "Grassy Lake", "state": "WY", "county": "Teton", "elevation_ft": 7330.0, "latitude": 44.12602, "longitude": -110.83429, "huc": "170402030202", "actonId": null, "shefId": "GRSW4", "beginDate": "1962-09-01 00:00", "endDate": "2100-01-01 00:00", "network": "SNTL" }, "geometry": { "type": "Point", "coordinates": [ -110.83429, 44.12602 ] } },
{ "type": "Feature", "properties": { "station_id": "500", "name": "Grave Creek", "state": "MT", "county": "Flathead", "elevation_ft": 4350.0, "latitude": 48.91453, "longitude": -114.76663, "huc": "170101010801", "actonId": null, "shefId": "GRCM8", "beginDate": "1968-10-01 00:00", "endDate": "2100-01-01 00:00", "network": "SNTL" }, "geometry": { "type": "Point", "coordinates": [ -114.76663, 48.91453 ] } },
{ "type": "Feature", "properties": { "station_id": "501", "name": "Grave Springs", "state": "WY", "county": "Natrona", "elevation_ft": 8560.0, "latitude": 43.46643, "longitude": -107.23977, "huc": "100902010103", "actonId": null, "shefId": "GVSW4", "beginDate": "1991-10-01 00:00", "endDate": "2100-01-01 00:00", "network": "SNTL" }, "geometry": { "type": "Point", "coordinates": [ -107.23977, 43.46643 ] } },
{ "type": "Feature", "properties": { "station_id": "1058", "name": "Grayback", "state": "CO", "county": "Rio Grande", "elevation_ft": 11620.0, "latitude": 37.47051, "longitude": -106.5379, "huc": "130100020101", "actonId": null, "shefId": "GYBC2", "beginDate": "2004-09-01 00:00", "endDate": "2100-01-01 00:00", "network": "SNTL" }, "geometry": { "type": "Point", "coordinates": [ -106.5379, 37.47051 ] } },
{ "type": "Feature", "properties": { "station_id": "502", "name": "Green Lake", "state": "WA", "county": "Yakima", "elevation_ft": 5930.0, "latitude": 46.54741, "longitude": -121.17093, "huc": "170300030101", "actonId": null, "shefId": "GRLW1", "beginDate": "1981-10-01 00:00", "endDate": "2100-01-01 00:00", "network": "SNTL" }, "geometry": { "type": "Point", "coordinates": [ -121.17093, 46.54741 ] } },
{ "type": "Feature", "properties": { "station_id": "503", "name": "Green Mountain", "state": "NV", "county": "Elko", "elevation_ft": 8180.0, "latitude": 40.3848, "longitude": -115.52757, "huc": "160401030401", "actonId": null, "shefId": "GRMN2", "beginDate": "1980-10-01 00:00", "endDate": "2100-01-01 00:00", "network": "SNTL" }, "geometry": { "type": "Point", "coordinates": [ -115.52757, 40.3848 ] } },
{ "type": "Feature", "properties": { "station_id": "504", "name": "Greenpoint", "state": "OR", "county": "Hood River", "elevation_ft": 3320.0, "latitude": 45.62237, "longitude": -121.70415, "huc": "170701050603", "actonId": null, "shefId": "GRPO3", "beginDate": "1978-10-01 00:00", "endDate": "2100-01-01 00:00", "network": "SNTL" }, "geometry": { "type": "Point", "coordinates": [ -121.70415, 45.62237 ] } },
{ "type": "Feature", "properties": { "station_id": "505", "name": "Grizzly Peak", "state": "CO", "county": "Summit", "elevation_ft": 11110.0, "latitude": 39.64646, "longitude": -105.8694, "huc": "140100020201", "actonId": null, "shefId": "GZPC2", "beginDate": "1979-10-01 00:00", "endDate": "2100-01-01 00:00", "network": "SNTL" }, "geometry": { "type": "Point", "coordinates": [ -105.8694, 39.64646 ] } },
{ "type": "Feature", "properties": { "station_id": "506", "name": "Gros Ventre Summit", "state": "WY", "county": "Teton", "elevation_ft": 8760.0, "latitude": 43.38939, "longitude": -110.12943, "huc": "170401020203", "actonId": null, "shefId": "GRVW4", "beginDate": "1976-04-01 00:00", "endDate": "2100-01-01 00:00", "network": "SNTL" }, "geometry": { "type": "Point", "coordinates": [ -110.12943, 43.38939 ] } },
{ "type": "Feature", "properties": { "station_id": "507", "name": "Grouse Camp", "state": "WA", "county": "Kittitas", "elevation_ft": 5390.0, "latitude": 47.28107, "longitude": -120.48771, "huc": "170300010401", "actonId": null, "shefId": "GRCW1", "beginDate": "1979-10-01 00:00", "endDate": "2100-01-01 00:00", "network": "SNTL" }, "geometry": { "type": "Point", "coordinates": [ -120.48771, 47.28107 ] } },
{ "type": "Feature", "properties": { "station_id": "964", "name": "Grouse Creek Divide", "state": "AK", "county": "Kenai Peninsula", "elevation_ft": 720.0, "latitude": 60.25965, "longitude": -149.34228, "huc": "190203020902", "actonId": null, "shefId": "GCRA2", "beginDate": "1988-10-01 00:00", "endDate": "2100-01-01 00:00", "network": "SNTL" }, "geometry": { "type": "Point", "coordinates": [ -149.34228, 60.25965 ] } },
{ "type": "Feature", "properties": { "station_id": "2222", "name": "Gulkana River", "state": "AK", "county": "Valdez-Cordova", "elevation_ft": 1830.0, "latitude": 62.40962, "longitude": -145.37513, "huc": "190201020604", "actonId": null, "shefId": "GSNA2", "beginDate": "2018-06-16 00:00", "endDate": "2100-01-01 00:00", "network": "SNTL" }, "geometry": { "type": "Point", "coordinates": [ -145.37513, 62.40962 ] } },
{ "type": "Feature", "properties": { "station_id": "944", "name": "Gunsight Pass", "state": "WY", "county": "Sublette", "elevation_ft": 9830.0, "latitude": 43.38332, "longitude": -109.87815, "huc": "170401020102", "actonId": null, "shefId": "GUNW4", "beginDate": "1998-09-01 00:00", "endDate": "2100-01-01 00:00", "network": "SNTL" }, "geometry": { "type": "Point", "coordinates": [ -109.87815, 43.38332 ] } },
{ "type": "Feature", "properties": { "station_id": "1065", "name": "Gutz Peak", "state": "UT", "county": "Washington", "elevation_ft": 6800.0, "latitude": 37.49617, "longitude": -113.94235, "huc": "150100100101", "actonId": null, "shefId": "GTZU1", "beginDate": "2004-10-01 00:00", "endDate": "2100-01-01 00:00", "network": "SNTL" }, "geometry": { "type": "Point", "coordinates": [ -113.94235, 37.49617 ] } },
{ "type": "Feature", "properties": { "station_id": "508", "name": "Hagans Meadow", "state": "CA", "county": "El Dorado", "elevation_ft": 7740.0, "latitude": 38.8519, "longitude": -119.9374, "huc": "160501010302", "actonId": null, "shefId": "HGNC1", "beginDate": "1978-10-01 00:00", "endDate": "2100-01-01 00:00", "network": "SNTL" }, "geometry": { "type": "Point", "coordinates": [ -119.9374, 38.8519 ] } },
{ "type": "Feature", "properties": { "station_id": "509", "name": "Hams Fork", "state": "WY", "county": "Lincoln", "elevation_ft": 7870.0, "latitude": 42.146, "longitude": -110.67833, "huc": "140401070504", "actonId": null, "shefId": "HMKW4", "beginDate": "1984-10-01 00:00", "endDate": "2100-01-01 00:00", "network": "SNTL" }, "geometry": { "type": "Point", "coordinates": [ -110.67833, 42.146 ] } },
{ "type": "Feature", "properties": { "station_id": "510", "name": "Hand Creek", "state": "MT", "county": "Flathead", "elevation_ft": 5040.0, "latitude": 48.30754, "longitude": -114.84075, "huc": "170102100304", "actonId": null, "shefId": "HANM8", "beginDate": "1976-10-01 00:00", "endDate": "2100-01-01 00:00", "network": "SNTL" }, "geometry": { "type": "Point", "coordinates": [ -114.84075, 48.30754 ] } },
{ "type": "Feature", "properties": { "station_id": "511", "name": "Hannagan Meadows", "state": "AZ", "county": "Greenlee", "elevation_ft": 9030.0, "latitude": 33.65352, "longitude": -109.30877, "huc": "150601010107", "actonId": null, "shefId": "HNMA3", "beginDate": "1956-10-01 00:00", "endDate": "2100-01-01 00:00", "network": "SNTL" }, "geometry": { "type": "Point", "coordinates": [ -109.30877, 33.65352 ] } },
{ "type": "Feature", "properties": { "station_id": "512", "name": "Hansen Sawmill", "state": "WY", "county": "Johnson", "elevation_ft": 8360.0, "latitude": 44.25602, "longitude": -106.97983, "huc": "100902060101", "actonId": null, "shefId": "HNSW4", "beginDate": "1979-10-01 00:00", "endDate": "2100-01-01 00:00", "network": "SNTL" }, "geometry": { "type": "Point", "coordinates": [ -106.97983, 44.25602 ] } },
{ "type": "Feature", "properties": { "station_id": "969", "name": "Happy Jack", "state": "AZ", "county": "Coconino", "elevation_ft": 7520.0, "latitude": 34.74594, "longitude": -111.41219, "huc": "150602020604", "actonId": null, "shefId": "XHJA3", "beginDate": "1999-06-01 00:00", "endDate": "2100-01-01 00:00", "network": "SNTL" }, "geometry": { "type": "Point", "coordinates": [ -111.41219, 34.74594 ] } },
{ "type": "Feature", "properties": { "station_id": "896", "name": "Hardscrabble", "state": "UT", "county": "Morgan", "elevation_ft": 7270.0, "latitude": 40.86833, "longitude": -111.71865, "huc": "160201020105", "actonId": null, "shefId": "HARU1", "beginDate": "1993-10-01 00:00", "endDate": "2100-01-01 00:00", "network": "SNTL" }, "geometry": { "type": "Point", "coordinates": [ -111.71865, 40.86833 ] } },
{ "type": "Feature", "properties": { "station_id": "514", "name": "Harris Flat", "state": "UT", "county": "Kane", "elevation_ft": 7800.0, "latitude": 37.48997, "longitude": -112.57602, "huc": "160300010104", "actonId": null, "shefId": "HRSU1", "beginDate": "1979-08-04 00:00", "endDate": "2100-01-01 00:00", "network": "SNTL" }, "geometry": { "type": "Point", "coordinates": [ -112.57602, 37.48997 ] } },
{ "type": "Feature", "properties": { "station_id": "515", "name": "Harts Pass", "state": "WA", "county": "Okanogan", "elevation_ft": 6490.0, "latitude": 48.72047, "longitude": -120.6586, "huc": "171100050501", "actonId": null, "shefId": "HRPW1", "beginDate": "1979-10-01 00:00", "endDate": "2100-01-01 00:00", "network": "SNTL" }, "geometry": { "type": "Point", "coordinates": [ -120.6586, 48.72047 ] } },
{ "type": "Feature", "properties": { "station_id": "516", "name": "Hawkins Lake", "state": "MT", "county": "Lincoln", "elevation_ft": 6460.0, "latitude": 48.9724, "longitude": -115.95344, "huc": "170101050201", "actonId": null, "shefId": "HAWM8", "beginDate": "1968-10-01 00:00", "endDate": "2100-01-01 00:00", "network": "SNTL" }, "geometry": { "type": "Point", "coordinates": [ -115.95344, 48.9724 ] } },
{ "type": "Feature", "properties": { "station_id": "1271", "name": "Hawley Lake", "state": "AZ", "county": "Apache", "elevation_ft": 8290.0, "latitude": 33.97121, "longitude": -109.76531, "huc": "150601020106", "actonId": null, "shefId": "HAWA3", "beginDate": "2015-09-18 00:00", "endDate": "2100-01-01 00:00", "network": "SNTL" }, "geometry": { "type": "Point", "coordinates": [ -109.76531, 33.97121 ] } },
{ "type": "Feature", "properties": { "station_id": "517", "name": "Hayden Fork", "state": "UT", "county": "Summit", "elevation_ft": 9160.0, "latitude": 40.79669, "longitude": -110.88472, "huc": "160101010101", "actonId": null, "shefId": "HFKU1", "beginDate": "1978-10-01 00:00", "endDate": "2100-01-01 00:00", "network": "SNTL" }, "geometry": { "type": "Point", "coordinates": [ -110.88472, 40.79669 ] } },
{ "type": "Feature", "properties": { "station_id": "1102", "name": "Hayden Pass", "state": "CO", "county": "Saguache", "elevation_ft": 10700.0, "latitude": 38.29303, "longitude": -105.85027, "huc": "130100030301", "actonId": null, "shefId": "HPAC2", "beginDate": "2007-08-28 00:00", "endDate": "2100-01-01 00:00", "network": "SNTL" }, "geometry": { "type": "Point", "coordinates": [ -105.85027, 38.29303 ] } },
{ "type": "Feature", "properties": { "station_id": "518", "name": "Heavenly Valley", "state": "CA", "county": "El Dorado", "elevation_ft": 8540.0, "latitude": 38.92431, "longitude": -119.91641, "huc": "160501010302", "actonId": null, "shefId": "HVNC1", "beginDate": "1978-10-01 00:00", "endDate": "2100-01-01 00:00", "network": "SNTL" }, "geometry": { "type": "Point", "coordinates": [ -119.91641, 38.92431 ] } },
{ "type": "Feature", "properties": { "station_id": "519", "name": "Heber", "state": "AZ", "county": "Coconino", "elevation_ft": 7650.0, "latitude": 34.31254, "longitude": -110.75433, "huc": "150200100201", "actonId": null, "shefId": "HBEA3", "beginDate": "1953-10-01 00:00", "endDate": "2100-01-01 00:00", "network": "SNTL" }, "geometry": { "type": "Point", "coordinates": [ -110.75433, 34.31254 ] } },
{ "type": "Feature", "properties": { "station_id": "1270", "name": "Heen Latinee", "state": "AK", "county": "Juneau", "elevation_ft": 2100.0, "latitude": 58.69652, "longitude": -134.86448, "huc": "190103010401", "actonId": null, "shefId": "DCSA2", "beginDate": "2015-10-02 13:00", "endDate": "2100-01-01 00:00", "network": "SNTL" }, "geometry": { "type": "Point", "coordinates": [ -134.86448, 58.69652 ] } },
{ "type": "Feature", "properties": { "station_id": "520", "name": "Hemlock Butte", "state": "ID", "county": "Clearwater", "elevation_ft": 5800.0, "latitude": 46.48111, "longitude": -115.63361, "huc": "170603070601", "actonId": null, "shefId": "HEMI1", "beginDate": "1982-10-01 00:00", "endDate": "2100-01-01 00:00", "network": "SNTL" }, "geometry": { "type": "Point", "coordinates": [ -115.63361, 46.48111 ] } },
{ "type": "Feature", "properties": { "station_id": "521", "name": "Hewinta", "state": "UT", "county": "Summit", "elevation_ft": 9510.0, "latitude": 40.95009, "longitude": -110.48419, "huc": "140401070203", "actonId": null, "shefId": "HEWU1", "beginDate": "1985-09-19 00:00", "endDate": "2100-01-01 00:00", "network": "SNTL" }, "geometry": { "type": "Point", "coordinates": [ -110.48419, 40.95009 ] } },
{ "type": "Feature", "properties": { "station_id": "522", "name": "Hickerson Park", "state": "UT", "county": "Daggett", "elevation_ft": 9130.0, "latitude": 40.90663, "longitude": -109.96287, "huc": "140401060501", "actonId": null, "shefId": "HPSU1", "beginDate": "1985-09-17 00:00", "endDate": "2100-01-01 00:00", "network": "SNTL" }, "geometry": { "type": "Point", "coordinates": [ -109.96287, 40.90663 ] } },
{ "type": "Feature", "properties": { "station_id": "988", "name": "Hidden Lake", "state": "ID", "county": "Boundary", "elevation_ft": 5000.0, "latitude": 48.89368, "longitude": -116.75743, "huc": "170101040502", "actonId": null, "shefId": "HDLI1", "beginDate": "2000-09-20 00:00", "endDate": "2100-01-01 00:00", "network": "SNTL" }, "geometry": { "type": "Point", "coordinates": [ -116.75743, 48.89368 ] } },
{ "type": "Feature", "properties": { "station_id": "1187", "name": "High Lonesome", "state": "CO", "county": "Grand", "elevation_ft": 10630.0, "latitude": 40.0359, "longitude": -105.75472, "huc": "140100010205", "actonId": null, "shefId": "HLNC2", "beginDate": "2011-07-28 00:00", "endDate": "2100-01-01 00:00", "network": "SNTL" }, "geometry": { "type": "Point", "coordinates": [ -105.75472, 40.0359 ] } },
{ "type": "Feature", "properties": { "station_id": "523", "name": "High Ridge", "state": "OR", "county": "Umatilla", "elevation_ft": 4900.0, "latitude": 45.69682, "longitude": -118.10657, "huc": "170701030103", "actonId": null, "shefId": "HIRO3", "beginDate": "1978-10-01 00:00", "endDate": "2100-01-01 00:00", "network": "SNTL" }, "geometry": { "type": "Point", "coordinates": [ -118.10657, 45.69682 ] } },
{ "type": "Feature", "properties": { "station_id": "524", "name": "Hilts Creek", "state": "ID", "county": "Custer", "elevation_ft": 8090.0, "latitude": 44.01896, "longitude": -113.47242, "huc": "170402170401", "actonId": null, "shefId": "HLTI1", "beginDate": "1979-10-01 00:00", "endDate": "2100-01-01 00:00", "network": "SNTL" }, "geometry": { "type": "Point", "coordinates": [ -113.47242, 44.01896 ] } },
{ "type": "Feature", "properties": { "station_id": "1223", "name": "Hobble Creek", "state": "UT", "county": "Utah", "elevation_ft": 7360.0, "latitude": 40.18538, "longitude": -111.35971, "huc": "160202020304", "actonId": null, "shefId": "HOBU1", "beginDate": "2012-10-01 00:00", "endDate": "2100-01-01 00:00", "network": "SNTL" }, "geometry": { "type": "Point", "coordinates": [ -111.35971, 40.18538 ] } },
{ "type": "Feature", "properties": { "station_id": "525", "name": "Hobbs Park", "state": "WY", "county": "Fremont", "elevation_ft": 10080.0, "latitude": 42.86984, "longitude": -109.09455, "huc": "100800030207", "actonId": null, "shefId": "HBBW4", "beginDate": "1978-10-01 00:00", "endDate": "2100-01-01 00:00", "network": "SNTL" }, "geometry": { "type": "Point", "coordinates": [ -109.09455, 42.86984 ] } },
{ "type": "Feature", "properties": { "station_id": "526", "name": "Hogg Pass", "state": "OR", "county": "Linn", "elevation_ft": 4800.0, "latitude": 44.42042, "longitude": -121.85655, "huc": "170900040201", "actonId": null, "shefId": "HOPO3", "beginDate": "1978-10-01 00:00", "endDate": "2100-01-01 00:00", "network": "SNTL" }, "geometry": { "type": "Point", "coordinates": [ -121.85655, 44.42042 ] } },
{ "type": "Feature", "properties": { "station_id": "527", "name": "Hole-in-Mountain", "state": "NV", "county": "Elko", "elevation_ft": 8170.0, "latitude": 40.94168, "longitude": -115.0954, "huc": "160600071602", "actonId": null, "shefId": "HIMN2", "beginDate": "1981-10-01 00:00", "endDate": "2100-01-01 00:00", "network": "SNTL" }, "geometry": { "type": "Point", "coordinates": [ -115.0954, 40.94168 ] } },
{ "type": "Feature", "properties": { "station_id": "528", "name": "Hole-in-Rock", "state": "UT", "county": "Summit", "elevation_ft": 9170.0, "latitude": 40.92167, "longitude": -110.18623, "huc": "140401060205", "actonId": null, "shefId": "HIRU1", "beginDate": "1985-09-18 00:00", "endDate": "2100-01-01 00:00", "network": "SNTL" }, "geometry": { "type": "Point", "coordinates": [ -110.18623, 40.92167 ] } },
{ "type": "Feature", "properties": { "station_id": "529", "name": "Holland Meadows", "state": "OR", "county": "Lane", "elevation_ft": 4930.0, "latitude": 43.66917, "longitude": -122.56877, "huc": "170900020201", "actonId": null, "shefId": "HLMO3", "beginDate": "1979-10-01 00:00", "endDate": "2100-01-01 00:00", "network": "SNTL" }, "geometry": { "type": "Point", "coordinates": [ -122.56877, 43.66917 ] } },
{ "type": "Feature", "properties": { "station_id": "530", "name": "Hoodoo Basin", "state": "MT", "county": "Mineral", "elevation_ft": 6060.0, "latitude": 46.97511, "longitude": -115.03486, "huc": "170102040607", "actonId": null, "shefId": "HOOM8", "beginDate": "1966-10-01 00:00", "endDate": "2100-01-01 00:00", "network": "SNTL" }, "geometry": { "type": "Point", "coordinates": [ -115.03486, 46.97511 ] } },
{ "type": "Feature", "properties": { "station_id": "1318", "name": "Hoonah", "state": "AK", "county": "Hoonah-Angoon", "elevation_ft": 1520.0, "latitude": 58.12411, "longitude": -135.413, "huc": "190102110906", "actonId": null, "shefId": "HOSA2", "beginDate": "2023-10-19 00:00", "endDate": "2100-01-01 00:00", "network": "SNTL" }, "geometry": { "type": "Point", "coordinates": [ -135.413, 58.12411 ] } },
{ "type": "Feature", "properties": { "station_id": "531", "name": "Hoosier Pass", "state": "CO", "county": "Summit", "elevation_ft": 11600.0, "latitude": 39.36092, "longitude": -106.05999, "huc": "101900010102", "actonId": null, "shefId": "HOOC2", "beginDate": "1979-10-01 00:00", "endDate": "2100-01-01 00:00", "network": "SNTL" }, "geometry": { "type": "Point", "coordinates": [ -106.05999, 39.36092 ] } },
{ "type": "Feature", "properties": { "station_id": "532", "name": "Hopewell", "state": "NM", "county": "Rio Arriba", "elevation_ft": 10080.0, "latitude": 36.71632, "longitude": -106.2637, "huc": "130201021401", "actonId": null, "shefId": "HPWN5", "beginDate": "1978-10-01 00:00", "endDate": "2100-01-01 00:00", "network": "SNTL" }, "geometry": { "type": "Point", "coordinates": [ -106.2637, 36.71632 ] } },
{ "type": "Feature", "properties": { "station_id": "1050", "name": "Horse Meadow", "state": "CA", "county": "Alpine", "elevation_ft": 8580.0, "latitude": 38.83652, "longitude": -119.88732, "huc": "160502010302", "actonId": null, "shefId": "HORC1", "beginDate": "2003-10-10 00:00", "endDate": "2100-01-01 00:00", "network": "SNTL" }, "geometry": { "type": "Point", "coordinates": [ -119.88732, 38.83652 ] } },
{ "type": "Feature", "properties": { "station_id": "533", "name": "Horse Ridge", "state": "UT", "county": "Morgan", "elevation_ft": 8210.0, "latitude": 41.31372, "longitude": -111.44624, "huc": "160201010601", "actonId": null, "shefId": "HRGU1", "beginDate": "1978-10-01 00:00", "endDate": "2100-01-01 00:00", "network": "SNTL" }, "geometry": { "type": "Point", "coordinates": [ -111.44624, 41.31372 ] } },
{ "type": "Feature", "properties": { "station_id": "1122", "name": "Hourglass Lake", "state": "CO", "county": "Larimer", "elevation_ft": 9380.0, "latitude": 40.57717, "longitude": -105.62584, "huc": "101900070101", "actonId": null, "shefId": "HRLC2", "beginDate": "2008-10-01 00:00", "endDate": "2100-01-01 00:00", "network": "SNTL" }, "geometry": { "type": "Point", "coordinates": [ -105.62584, 40.57717 ] } },
{ "type": "Feature", "properties": { "station_id": "1158", "name": "Howard Prairie", "state": "OR", "county": "Jackson", "elevation_ft": 4580.0, "latitude": 42.215, "longitude": -122.3713, "huc": "180102060401", "actonId": null, "shefId": "HOWO3", "beginDate": "2012-09-26 00:00", "endDate": "2100-01-01 00:00", "network": "SNTL" }, "geometry": { "type": "Point", "coordinates": [ -122.3713, 42.215 ] } },
{ "type": "Feature", "properties": { "station_id": "534", "name": "Howell Canyon", "state": "ID", "county": "Cassia", "elevation_ft": 8010.0, "latitude": 42.32029, "longitude": -113.61587, "huc": "170402090602", "actonId": null, "shefId": "HWCI1", "beginDate": "1978-10-01 00:00", "endDate": "2100-01-01 00:00", "network": "SNTL" }, "geometry": { "type": "Point", "coordinates": [ -113.61587, 42.32029 ] } },
{ "type": "Feature", "properties": { "station_id": "2210", "name": "Hozatka Lake", "state": "AK", "county": "Yukon-Koyukuk", "elevation_ft": 220.0, "latitude": 65.19405, "longitude": -156.64113, "huc": "190901091201", "actonId": null, "shefId": "HZLA2", "beginDate": "2014-08-04 00:00", "endDate": "2100-01-01 00:00", "network": "SNTL" }, "geometry": { "type": "Point", "coordinates": [ -156.64113, 65.19405 ] } },
{ "type": "Feature", "properties": { "station_id": "991", "name": "Hozomeen Camp", "state": "WA", "county": "Whatcom", "elevation_ft": 1680.0, "latitude": 48.98075, "longitude": -121.07976, "huc": "171100050602", "actonId": null, "shefId": "HZOW1", "beginDate": "2000-10-01 00:00", "endDate": "2100-01-01 00:00", "network": "SNTL" }, "geometry": { "type": "Point", "coordinates": [ -121.07976, 48.98075 ] } },
{ "type": "Feature", "properties": { "station_id": "928", "name": "Huckleberry Creek", "state": "WA", "county": "Pierce", "elevation_ft": 2250.0, "latitude": 47.06565, "longitude": -121.58778, "huc": "171100140307", "actonId": null, "shefId": "HKSW1", "beginDate": "1997-10-01 00:00", "endDate": "2100-01-01 00:00", "network": "SNTL" }, "geometry": { "type": "Point", "coordinates": [ -121.58778, 47.06565 ] } },
{ "type": "Feature", "properties": { "station_id": "535", "name": "Humboldt Gulch", "state": "ID", "county": "Shoshone", "elevation_ft": 4260.0, "latitude": 47.53178, "longitude": -115.77643, "huc": "170103020102", "actonId": null, "shefId": "HUGI1", "beginDate": "1978-10-01 00:00", "endDate": "2100-01-01 00:00", "network": "SNTL" }, "geometry": { "type": "Point", "coordinates": [ -115.77643, 47.53178 ] } },
{ "type": "Feature", "properties": { "station_id": "1216", "name": "Huntington Horse", "state": "UT", "county": "Sanpete", "elevation_ft": 9650.0, "latitude": 39.61774, "longitude": -111.30576, "huc": "140600070201", "actonId": null, "shefId": "HNHU1", "beginDate": "2012-10-01 00:00", "endDate": "2100-01-01 00:00", "network": "SNTL" }, "geometry": { "type": "Point", "coordinates": [ -111.30576, 39.61774 ] } },
{ "type": "Feature", "properties": { "station_id": "537", "name": "Hyndman", "state": "ID", "county": "Blaine", "elevation_ft": 7590.0, "latitude": 43.71077, "longitude": -114.15894, "huc": "170402190402", "actonId": null, "shefId": "HYNI1", "beginDate": "1979-10-01 00:00", "endDate": "2100-01-01 00:00", "network": "SNTL" }, "geometry": { "type": "Point", "coordinates": [ -114.15894, 43.71077 ] } },
{ "type": "Feature", "properties": { "station_id": "538", "name": "Idarado", "state": "CO", "county": "Ouray", "elevation_ft": 9780.0, "latitude": 37.93389, "longitude": -107.6762, "huc": "140200060201", "actonId": null, "shefId": "IDRC2", "beginDate": "1979-10-01 00:00", "endDate": "2100-01-01 00:00", "network": "SNTL" }, "geometry": { "type": "Point", "coordinates": [ -107.6762, 37.93389 ] } },
{ "type": "Feature", "properties": { "station_id": "968", "name": "Imnaviat Creek", "state": "AK", "county": "North Slope", "elevation_ft": 3060.0, "latitude": 68.61652, "longitude": -149.3033, "huc": "190604010702", "actonId": null, "shefId": "TOOA2", "beginDate": "1980-10-01 00:00", "endDate": "2100-01-01 00:00", "network": "SNTL" }, "geometry": { "type": "Point", "coordinates": [ -149.3033, 68.61652 ] } },
{ "type": "Feature", "properties": { "station_id": "539", "name": "Independence Camp", "state": "CA", "county": "Sierra", "elevation_ft": 6970.0, "latitude": 39.45269, "longitude": -120.29367, "huc": "160501020102", "actonId": null, "shefId": "ICPC1", "beginDate": "1978-10-01 00:00", "endDate": "2100-01-01 00:00", "network": "SNTL" }, "geometry": { "type": "Point", "coordinates": [ -120.29367, 39.45269 ] } },
{ "type": "Feature", "properties": { "station_id": "540", "name": "Independence Creek", "state": "CA", "county": "Sierra", "elevation_ft": 6440.0, "latitude": 39.49001, "longitude": -120.28226, "huc": "160501020102", "actonId": null, "shefId": "ICKC1", "beginDate": "1980-10-01 00:00", "endDate": "2100-01-01 00:00", "network": "SNTL" }, "geometry": { "type": "Point", "coordinates": [ -120.28226, 39.49001 ] } },
{ "type": "Feature", "properties": { "station_id": "541", "name": "Independence Lake", "state": "CA", "county": "Nevada", "elevation_ft": 8340.0, "latitude": 39.42752, "longitude": -120.31342, "huc": "160501020104", "actonId": null, "shefId": "ILKC1", "beginDate": "1978-10-01 00:00", "endDate": "2100-01-01 00:00", "network": "SNTL" }, "geometry": { "type": "Point", "coordinates": [ -120.31342, 39.42752 ] } },
{ "type": "Feature", "properties": { "station_id": "1091", "name": "Independence Mine", "state": "AK", "county": "Matanuska-Susitna", "elevation_ft": 3450.0, "latitude": 61.79001, "longitude": -149.2839, "huc": "190205051202", "actonId": null, "shefId": "HATA2", "beginDate": "1997-10-01 00:00", "endDate": "2100-01-01 00:00", "network": "SNTL" }, "geometry": { "type": "Point", "coordinates": [ -149.2839, 61.79001 ] } },
{ "type": "Feature", "properties": { "station_id": "542", "name": "Independence Pass", "state": "CO", "county": "Pitkin", "elevation_ft": 10570.0, "latitude": 39.07543, "longitude": -106.61154, "huc": "140100040101", "actonId": null, "shefId": "IDPC2", "beginDate": "1979-10-01 00:00", "endDate": "2100-01-01 00:00", "network": "SNTL" }, "geometry": { "type": "Point", "coordinates": [ -106.61154, 39.07543 ] } },
{ "type": "Feature", "properties": { "station_id": "544", "name": "Indian Creek", "state": "WY", "county": "Lincoln", "elevation_ft": 9400.0, "latitude": 42.30023, "longitude": -110.67753, "huc": "140401070502", "actonId": null, "shefId": "INCW4", "beginDate": "1979-10-01 00:00", "endDate": "2100-01-01 00:00", "network": "SNTL" }, "geometry": { "type": "Point", "coordinates": [ -110.67753, 42.30023 ] } },
{ "type": "Feature", "properties": { "station_id": "946", "name": "Indian Pass", "state": "AK", "county": "Anchorage", "elevation_ft": 2400.0, "latitude": 61.06577, "longitude": -149.48543, "huc": "190204010402", "actonId": null, "shefId": "INPA2", "beginDate": "1978-10-01 00:00", "endDate": "2100-01-01 00:00", "network": "SNTL" }, "geometry": { "type": "Point", "coordinates": [ -149.48543, 61.06577 ] } },
{ "type": "Feature", "properties": { "station_id": "1129", "name": "Indian Rock", "state": "WA", "county": "Klickitat", "elevation_ft": 5310.0, "latitude": 45.99077, "longitude": -120.80768, "huc": "170701060301", "actonId": null, "shefId": "IRKW1", "beginDate": "2008-10-01 00:00", "endDate": "2100-01-01 00:00", "network": "SNTL" }, "geometry": { "type": "Point", "coordinates": [ -120.80768, 45.99077 ] } },
{ "type": "Feature", "properties": { "station_id": "545", "name": "Irish Taylor", "state": "OR", "county": "Deschutes", "elevation_ft": 5540.0, "latitude": 43.80368, "longitude": -121.94793, "huc": "170703010106", "actonId": null, "shefId": "BEDO3", "beginDate": "1978-10-01 00:00", "endDate": "2100-01-01 00:00", "network": "SNTL" }, "geometry": { "type": "Point", "coordinates": [ -121.94793, 43.80368 ] } },
{ "type": "Feature", "properties": { "station_id": "546", "name": "Island Park", "state": "ID", "county": "Fremont", "elevation_ft": 6300.0, "latitude": 44.4203, "longitude": -111.38512, "huc": "170402020601", "actonId": null, "shefId": "ISPI1", "beginDate": "1979-10-01 00:00", "endDate": "2100-01-01 00:00", "network": "SNTL" }, "geometry": { "type": "Point", "coordinates": [ -111.38512, 44.4203 ] } },
{ "type": "Feature", "properties": { "station_id": "547", "name": "Ivanhoe", "state": "CO", "county": "Pitkin", "elevation_ft": 10540.0, "latitude": 39.29228, "longitude": -106.54907, "huc": "140100040501", "actonId": null, "shefId": "IVHC2", "beginDate": "1991-10-01 00:00", "endDate": "2100-01-01 00:00", "network": "SNTL" }, "geometry": { "type": "Point", "coordinates": [ -106.54907, 39.29228 ] } },
{ "type": "Feature", "properties": { "station_id": "548", "name": "Jack Creek Upper", "state": "NV", "county": "Elko", "elevation_ft": 7380.0, "latitude": 41.54675, "longitude": -116.00517, "huc": "170501050201", "actonId": null, "shefId": "JCUN2", "beginDate": "1978-10-01 00:00", "endDate": "2100-01-01 00:00", "network": "SNTL" }, "geometry": { "type": "Point", "coordinates": [ -116.00517, 41.54675 ] } },
{ "type": "Feature", "properties": { "station_id": "1275", "name": "Jack Wade Jct", "state": "AK", "county": "Southeast Fairbanks", "elevation_ft": 3660.0, "latitude": 64.14797, "longitude": -141.32985, "huc": "190705022204", "actonId": null, "shefId": "JWJA2", "beginDate": "2015-10-01 00:00", "endDate": "2100-01-01 00:00", "network": "SNTL" }, "geometry": { "type": "Point", "coordinates": [ -141.32985, 64.14797 ] } },
{ "type": "Feature", "properties": { "station_id": "549", "name": "Jacks Peak", "state": "NV", "county": "Elko", "elevation_ft": 8440.0, "latitude": 41.5136, "longitude": -116.0117, "huc": "170501050201", "actonId": null, "shefId": "JAPN2", "beginDate": "1981-10-01 00:00", "endDate": "2100-01-01 00:00", "network": "SNTL" }, "geometry": { "type": "Point", "coordinates": [ -116.0117, 41.5136 ] } },
{ "type": "Feature", "properties": { "station_id": "550", "name": "Jackson Peak", "state": "ID", "county": "Boise", "elevation_ft": 7060.0, "latitude": 44.05092, "longitude": -115.44322, "huc": "170501200304", "actonId": null, "shefId": "JKPI1", "beginDate": "1979-10-01 00:00", "endDate": "2100-01-01 00:00", "network": "SNTL" }, "geometry": { "type": "Point", "coordinates": [ -115.44322, 44.05092 ] } },
{ "type": "Feature", "properties": { "station_id": "935", "name": "Jackwhacker Gulch", "state": "CO", "county": "Clear Creek", "elevation_ft": 11030.0, "latitude": 39.57096, "longitude": -105.80355, "huc": "101900020201", "actonId": null, "shefId": "JWGC2", "beginDate": "1998-08-01 00:00", "endDate": "2100-01-01 00:00", "network": "SNTL" }, "geometry": { "type": "Point", "coordinates": [ -105.80355, 39.57096 ] } },
{ "type": "Feature", "properties": { "station_id": "1211", "name": "Jakes Creek", "state": "NV", "county": "Elko", "elevation_ft": 7380.0, "latitude": 41.5687, "longitude": -115.03243, "huc": "170402130308", "actonId": null, "shefId": "JAKN2", "beginDate": "2011-12-23 00:00", "endDate": "2100-01-01 00:00", "network": "SNTL" }, "geometry": { "type": "Point", "coordinates": [ -115.03243, 41.5687 ] } },
{ "type": "Feature", "properties": { "station_id": "1287", "name": "JL Meadow", "state": "MT", "county": "Beaverhead", "elevation_ft": 8750.0, "latitude": 44.77665, "longitude": -113.12217, "huc": "100200011202", "actonId": null, "shefId": "JLMM8", "beginDate": "2017-10-13 00:00", "endDate": "2100-01-01 00:00", "network": "SNTL" }, "geometry": { "type": "Point", "coordinates": [ -113.12217, 44.77665 ] } },
{ "type": "Feature", "properties": { "station_id": "551", "name": "Joe Wright", "state": "CO", "county": "Larimer", "elevation_ft": 10140.0, "latitude": 40.53285, "longitude": -105.88747, "huc": "101900070204", "actonId": null, "shefId": "JWRC2", "beginDate": "1978-10-01 00:00", "endDate": "2100-01-01 00:00", "network": "SNTL" }, "geometry": { "type": "Point", "coordinates": [ -105.88747, 40.53285 ] } },
{ "type": "Feature", "properties": { "station_id": "1036", "name": "Johnsons Camp", "state": "AK", "county": "Nome", "elevation_ft": 10.0, "latitude": 64.5646, "longitude": -164.29257, "huc": "190501042003", "actonId": null, "shefId": "JCPA2", "beginDate": "2000-10-01 00:00", "endDate": "2100-01-01 00:00", "network": "SNTL" }, "geometry": { "type": "Point", "coordinates": [ -164.29257, 64.5646 ] } },
{ "type": "Feature", "properties": { "station_id": "1099", "name": "Jones Corral", "state": "UT", "county": "Garfield", "elevation_ft": 9710.0, "latitude": 38.07125, "longitude": -112.16788, "huc": "160300020507", "actonId": null, "shefId": "JCRU1", "beginDate": "2007-10-01 00:00", "endDate": "2100-01-01 00:00", "network": "SNTL" }, "geometry": { "type": "Point", "coordinates": [ -112.16788, 38.07125 ] } },
{ "type": "Feature", "properties": { "station_id": "970", "name": "Jones Pass", "state": "CO", "county": "Grand", "elevation_ft": 10420.0, "latitude": 39.7645, "longitude": -105.90655, "huc": "140100010402", "actonId": null, "shefId": "JNPC2", "beginDate": "1999-09-30 00:00", "endDate": "2100-01-01 00:00", "network": "SNTL" }, "geometry": { "type": "Point", "coordinates": [ -105.90655, 39.7645 ] } },
{ "type": "Feature", "properties": { "station_id": "552", "name": "Jump Off Joe", "state": "OR", "county": "Linn", "elevation_ft": 3530.0, "latitude": 44.38605, "longitude": -122.16683, "huc": "170900060201", "actonId": null, "shefId": "JOJO3", "beginDate": "1978-10-01 00:00", "endDate": "2100-01-01 00:00", "network": "SNTL" }, "geometry": { "type": "Point", "coordinates": [ -122.16683, 44.38605 ] } },
{ "type": "Feature", "properties": { "station_id": "553", "name": "June Lake", "state": "WA", "county": "Skamania", "elevation_ft": 3440.0, "latitude": 46.14778, "longitude": -122.15413, "huc": "170800020304", "actonId": null, "shefId": "MRBW1", "beginDate": "1980-10-01 00:00", "endDate": "2100-01-01 00:00", "network": "SNTL" }, "geometry": { "type": "Point", "coordinates": [ -122.15413, 46.14778 ] } },
{ "type": "Feature", "properties": { "station_id": "1063", "name": "Kachemak Creek", "state": "AK", "county": "Kenai Peninsula", "elevation_ft": 1650.0, "latitude": 59.72893, "longitude": -150.66113, "huc": "190203011101", "actonId": null, "shefId": "KCKA2", "beginDate": "2003-09-30 00:00", "endDate": "2019-07-01 00:00", "network": "SNTL" }, "geometry": { "type": "Point", "coordinates": [ -150.66113, 59.72893 ] } },
{ "type": "Feature", "properties": { "station_id": "1150", "name": "Kalamazoo", "state": "NV", "county": "White Pine", "elevation_ft": 7740.0, "latitude": 39.5579, "longitude": -114.62762, "huc": "160600080700", "actonId": null, "shefId": "KALN2", "beginDate": "2011-10-01 00:00", "endDate": "2100-01-01 00:00", "network": "SNTL" }, "geometry": { "type": "Point", "coordinates": [ -114.62762, 39.5579 ] } },
{ "type": "Feature", "properties": { "station_id": "1072", "name": "Kantishna", "state": "AK", "county": "Denali", "elevation_ft": 1590.0, "latitude": 63.53667, "longitude": -150.98593, "huc": "190803101805", "actonId": null, "shefId": "KTSA2", "beginDate": "2004-10-01 00:00", "endDate": "2100-01-01 00:00", "network": "SNTL" }, "geometry": { "type": "Point", "coordinates": [ -150.98593, 63.53667 ] } },
{ "type": "Feature", "properties": { "station_id": "554", "name": "Kelley R.S.", "state": "WY", "county": "Lincoln", "elevation_ft": 8240.0, "latitude": 42.26554, "longitude": -110.80181, "huc": "140401070501", "actonId": null, "shefId": "KLLW4", "beginDate": "1963-10-01 00:00", "endDate": "2100-01-01 00:00", "network": "SNTL" }, "geometry": { "type": "Point", "coordinates": [ -110.80181, 42.26554 ] } },
{ "type": "Feature", "properties": { "station_id": "1175", "name": "Kelly Station", "state": "AK", "county": "Northwest Arctic", "elevation_ft": 300.0, "latitude": 67.9297, "longitude": -162.2906, "huc": "190504030802", "actonId": null, "shefId": "KLLA2", "beginDate": "1991-10-01 00:00", "endDate": "2100-01-01 00:00", "network": "SNTL" }, "geometry": { "type": "Point", "coordinates": [ -162.2906, 67.9297 ] } },
{ "type": "Feature", "properties": { "station_id": "966", "name": "Kenai Moose Pens", "state": "AK", "county": "Kenai Peninsula", "elevation_ft": 300.0, "latitude": 60.72499, "longitude": -150.47369, "huc": "190203021601", "actonId": null, "shefId": "KMPA2", "beginDate": "1982-10-01 00:00", "endDate": "2100-01-01 00:00", "network": "SNTL" }, "geometry": { "type": "Point", "coordinates": [ -150.47369, 60.72499 ] } },
{ "type": "Feature", "properties": { "station_id": "555", "name": "Kendall R.S.", "state": "WY", "county": "Sublette", "elevation_ft": 7790.0, "latitude": 43.24922, "longitude": -110.01671, "huc": "140401010302", "actonId": null, "shefId": "KNDW4", "beginDate": "1984-10-01 00:00", "endDate": "2100-01-01 00:00", "network": "SNTL" }, "geometry": { "type": "Point", "coordinates": [ -110.01671, 43.24922 ] } },
{ "type": "Feature", "properties": { "station_id": "1145", "name": "Kilfoil Creek", "state": "UT", "county": "Morgan", "elevation_ft": 7230.0, "latitude": 41.24764, "longitude": -111.41249, "huc": "160201010603", "actonId": null, "shefId": "KILU1", "beginDate": "2010-10-01 00:00", "endDate": "2100-01-01 00:00", "network": "SNTL" }, "geometry": { "type": "Point", "coordinates": [ -111.41249, 41.24764 ] } },
{ "type": "Feature", "properties": { "station_id": "556", "name": "Kiln", "state": "CO", "county": "Pitkin", "elevation_ft": 9610.0, "latitude": 39.3172, "longitude": -106.61501, "huc": "140100040504", "actonId": null, "shefId": "KLNC2", "beginDate": "1979-10-01 00:00", "endDate": "2100-01-01 00:00", "network": "SNTL" }, "geometry": { "type": "Point", "coordinates": [ -106.61501, 39.3172 ] } },
{ "type": "Feature", "properties": { "station_id": "557", "name": "Kimberly Mine", "state": "UT", "county": "Piute", "elevation_ft": 9110.0, "latitude": 38.48383, "longitude": -112.39273, "huc": "160300030104", "actonId": null, "shefId": "KMNU1", "beginDate": "1980-07-23 00:00", "endDate": "2100-01-01 00:00", "network": "SNTL" }, "geometry": { "type": "Point", "coordinates": [ -112.39273, 38.48383 ] } },
{ "type": "Feature", "properties": { "station_id": "558", "name": "King Mountain", "state": "OR", "county": "Jackson", "elevation_ft": 4330.0, "latitude": 42.72395, "longitude": -123.20037, "huc": "171003020701", "actonId": null, "shefId": "KIMO3", "beginDate": "1979-10-01 00:00", "endDate": "2100-01-01 00:00", "network": "SNTL" }, "geometry": { "type": "Point", "coordinates": [ -123.20037, 42.72395 ] } },
{ "type": "Feature", "properties": { "station_id": "559", "name": "Kings Cabin", "state": "UT", "county": "Uintah", "elevation_ft": 8740.0, "latitude": 40.71632, "longitude": -109.54401, "huc": "140600100303", "actonId": null, "shefId": "KGCU1", "beginDate": "1978-10-01 00:00", "endDate": "2100-01-01 00:00", "network": "SNTL" }, "geometry": { "type": "Point", "coordinates": [ -109.54401, 40.71632 ] } },
{ "type": "Feature", "properties": { "station_id": "560", "name": "Kirwin", "state": "WY", "county": "Park", "elevation_ft": 9580.0, "latitude": 43.86067, "longitude": -109.32163, "huc": "100800090101", "actonId": null, "shefId": "KRWW4", "beginDate": "1979-10-01 00:00", "endDate": "2100-01-01 00:00", "network": "SNTL" }, "geometry": { "type": "Point", "coordinates": [ -109.32163, 43.86067 ] } },
{ "type": "Feature", "properties": { "station_id": "1115", "name": "Klondike Narrows", "state": "UT", "county": "Cache", "elevation_ft": 7280.0, "latitude": 41.96769, "longitude": -111.59713, "huc": "160102030302", "actonId": null, "shefId": "KDNU1", "beginDate": "2009-10-01 00:00", "endDate": "2100-01-01 00:00", "network": "SNTL" }, "geometry": { "type": "Point", "coordinates": [ -111.59713, 41.96769 ] } },
{ "type": "Feature", "properties": { "station_id": "201", "name": "KODIAK", "state": "AK", "county": "Kodiak Island", "elevation_ft": 19.0, "latitude": 57.75, "longitude": -152.48333, "huc": "190207011506", "actonId": null, "shefId": null, "beginDate": "1982-10-01 00:00", "endDate": "1986-10-01 00:00", "network": "SNTL" }, "geometry": { "type": "Point", "coordinates": [ -152.48333, 57.75 ] } },
{ "type": "Feature", "properties": { "station_id": "561", "name": "Kolob", "state": "UT", "county": "Iron", "elevation_ft": 9250.0, "latitude": 37.52664, "longitude": -113.05386, "huc": "150100080102", "actonId": null, "shefId": "KLBU1", "beginDate": "1978-10-01 00:00", "endDate": "2100-01-01 00:00", "network": "SNTL" }, "geometry": { "type": "Point", "coordinates": [ -113.05386, 37.52664 ] } },
{ "type": "Feature", "properties": { "station_id": "562", "name": "Kraft Creek", "state": "MT", "county": "Missoula", "elevation_ft": 4760.0, "latitude": 47.42749, "longitude": -113.77515, "huc": "170102110104", "actonId": null, "shefId": "KRCM8", "beginDate": "1979-10-01 00:00", "endDate": "2100-01-01 00:00", "network": "SNTL" }, "geometry": { "type": "Point", "coordinates": [ -113.77515, 47.42749 ] } },
{ "type": "Feature", "properties": { "station_id": "563", "name": "Lake Creek R.S.", "state": "OR", "county": "Grant", "elevation_ft": 5250.0, "latitude": 44.21007, "longitude": -118.63752, "huc": "170501160102", "actonId": null, "shefId": "LKCO3", "beginDate": "1978-10-01 00:00", "endDate": "2100-01-01 00:00", "network": "SNTL" }, "geometry": { "type": "Point", "coordinates": [ -118.63752, 44.21007 ] } },
{ "type": "Feature", "properties": { "station_id": "564", "name": "Lake Eldora", "state": "CO", "county": "Boulder", "elevation_ft": 9700.0, "latitude": 39.93659, "longitude": -105.59031, "huc": "101900050402", "actonId": null, "shefId": "LELC2", "beginDate": "1978-10-01 00:00", "endDate": "2100-01-01 00:00", "network": "SNTL" }, "geometry": { "type": "Point", "coordinates": [ -105.59031, 39.93659 ] } },
{ "type": "Feature", "properties": { "station_id": "565", "name": "Lake Irene", "state": "CO", "county": "Grand", "elevation_ft": 10680.0, "latitude": 40.41446, "longitude": -105.81941, "huc": "140100010302", "actonId": null, "shefId": "LKIC2", "beginDate": "1978-10-01 00:00", "endDate": "2100-01-01 00:00", "network": "SNTL" }, "geometry": { "type": "Point", "coordinates": [ -105.81941, 40.41446 ] } },
{ "type": "Feature", "properties": { "station_id": "566", "name": "Lakefork #1", "state": "UT", "county": "Duchesne", "elevation_ft": 10120.0, "latitude": 40.59709, "longitude": -110.43316, "huc": "140600030705", "actonId": null, "shefId": "LKFU1", "beginDate": "1978-10-01 00:00", "endDate": "2100-01-01 00:00", "network": "SNTL" }, "geometry": { "type": "Point", "coordinates": [ -110.43316, 40.59709 ] } },
{ "type": "Feature", "properties": { "station_id": "1116", "name": "Lakefork #3", "state": "UT", "county": "Duchesne", "elevation_ft": 8430.0, "latitude": 40.5502, "longitude": -110.3529, "huc": "140600030705", "actonId": null, "shefId": "LFKU1", "beginDate": "2009-10-01 00:00", "endDate": "2100-01-01 00:00", "network": "SNTL" }, "geometry": { "type": "Point", "coordinates": [ -110.3529, 40.5502 ] } },
{ "type": "Feature", "properties": { "station_id": "513", "name": "Lakefork Basin", "state": "UT", "county": "Duchesne", "elevation_ft": 10890.0, "latitude": 40.73785, "longitude": -110.62121, "huc": "140600030601", "actonId": null, "shefId": "LBNU1", "beginDate": "1982-10-01 00:00", "endDate": "2100-01-01 00:00", "network": "SNTL" }, "geometry": { "type": "Point", "coordinates": [ -110.62121, 40.73785 ] } },
{ "type": "Feature", "properties": { "station_id": "568", "name": "Lakeview Ridge", "state": "MT", "county": "Beaverhead", "elevation_ft": 7340.0, "latitude": 44.58907, "longitude": -111.82498, "huc": "100200010105", "actonId": null, "shefId": "LVRM8", "beginDate": "1960-10-01 00:00", "endDate": "2100-01-01 00:00", "network": "SNTL" }, "geometry": { "type": "Point", "coordinates": [ -111.82498, 44.58907 ] } },
{ "type": "Feature", "properties": { "station_id": "569", "name": "Lamance Creek", "state": "NV", "county": "Humboldt", "elevation_ft": 6390.0, "latitude": 41.51542, "longitude": -117.63197, "huc": "160401090603", "actonId": null, "shefId": "LMCN2", "beginDate": "1980-10-01 00:00", "endDate": "2100-01-01 00:00", "network": "SNTL" }, "geometry": { "type": "Point", "coordinates": [ -117.63197, 41.51542 ] } },
{ "type": "Feature", "properties": { "station_id": "570", "name": "Lamoille #3", "state": "NV", "county": "Elko", "elevation_ft": 8030.0, "latitude": 40.6448, "longitude": -115.3812, "huc": "160401010607", "actonId": null, "shefId": "LMLN2", "beginDate": "1980-10-01 00:00", "endDate": "2100-01-01 00:00", "network": "SNTL" }, "geometry": { "type": "Point", "coordinates": [ -115.3812, 40.6448 ] } },
{ "type": "Feature", "properties": { "station_id": "1310", "name": "Lamoille Upper", "state": "NV", "county": "Elko", "elevation_ft": 8990.0, "latitude": 40.59965, "longitude": -115.37902, "huc": "160401010607", "actonId": null, "shefId": null, "beginDate": "2022-08-10 00:00", "endDate": "2100-01-01 00:00", "network": "SNTL" }, "geometry": { "type": "Point", "coordinates": [ -115.37902, 40.59965 ] } },
{ "type": "Feature", "properties": { "station_id": "571", "name": "Laprele Creek", "state": "WY", "county": "Converse", "elevation_ft": 8370.0, "latitude": 42.43566, "longitude": -105.86051, "huc": "101800071201", "actonId": null, "shefId": "LPPW4", "beginDate": "1978-10-01 00:00", "endDate": "2100-01-01 00:00", "network": "SNTL" }, "geometry": { "type": "Point", "coordinates": [ -105.86051, 42.43566 ] } },
{ "type": "Feature", "properties": { "station_id": "1134", "name": "Larsen Creek", "state": "WY", "county": "Sublette", "elevation_ft": 8880.0, "latitude": 42.58019, "longitude": -109.08829, "huc": "101800060101", "actonId": null, "shefId": "LCRW4", "beginDate": "2010-08-04 00:00", "endDate": "2100-01-01 00:00", "network": "SNTL" }, "geometry": { "type": "Point", "coordinates": [ -109.08829, 42.58019 ] } },
{ "type": "Feature", "properties": { "station_id": "572", "name": "Lasal Mountain", "state": "UT", "county": "San Juan", "elevation_ft": 9580.0, "latitude": 38.48226, "longitude": -109.27198, "huc": "140300050404", "actonId": null, "shefId": "LSMU1", "beginDate": "1980-08-08 00:00", "endDate": "2100-01-01 00:00", "network": "SNTL" }, "geometry": { "type": "Point", "coordinates": [ -109.27198, 38.48226 ] } },
{ "type": "Feature", "properties": { "station_id": "1215", "name": "Lasal Mountain-Lower", "state": "UT", "county": "San Juan", "elevation_ft": 8780.0, "latitude": 38.48167, "longitude": -109.29164, "huc": "140300050404", "actonId": null, "shefId": "LMLU1", "beginDate": "2012-10-01 00:00", "endDate": "2100-01-01 00:00", "network": "SNTL" }, "geometry": { "type": "Point", "coordinates": [ -109.29164, 38.48167 ] } },
{ "type": "Feature", "properties": { "station_id": "573", "name": "Laurel Draw", "state": "NV", "county": "Elko", "elevation_ft": 6680.0, "latitude": 41.77637, "longitude": -116.02957, "huc": "170501040202", "actonId": null, "shefId": "LADN2", "beginDate": "1979-10-01 00:00", "endDate": "2100-01-01 00:00", "network": "SNTL" }, "geometry": { "type": "Point", "coordinates": [ -116.02957, 41.77637 ] } },
{ "type": "Feature", "properties": { "station_id": "574", "name": "Leavitt Lake", "state": "CA", "county": "Mono", "elevation_ft": 9600.0, "latitude": 38.27594, "longitude": -119.61281, "huc": "160503020104", "actonId": null, "shefId": "LELC1", "beginDate": "1989-10-01 00:00", "endDate": "2100-01-01 00:00", "network": "SNTL" }, "geometry": { "type": "Point", "coordinates": [ -119.61281, 38.27594 ] } },
{ "type": "Feature", "properties": { "station_id": "575", "name": "Leavitt Meadows", "state": "CA", "county": "Mono", "elevation_ft": 7200.0, "latitude": 38.30367, "longitude": -119.55111, "huc": "160503020104", "actonId": null, "shefId": "LVTC1", "beginDate": "1980-10-01 00:00", "endDate": "2100-01-01 00:00", "network": "SNTL" }, "geometry": { "type": "Point", "coordinates": [ -119.55111, 38.30367 ] } },
{ "type": "Feature", "properties": { "station_id": "1112", "name": "Lee Canyon", "state": "NV", "county": "Clark", "elevation_ft": 8620.0, "latitude": 36.30537, "longitude": -115.67508, "huc": "150100150206", "actonId": null, "shefId": "LCAN2", "beginDate": "2008-10-01 00:00", "endDate": "2100-01-01 00:00", "network": "SNTL" }, "geometry": { "type": "Point", "coordinates": [ -115.67508, 36.30537 ] } },
{ "type": "Feature", "properties": { "station_id": "576", "name": "Lemhi Ridge", "state": "MT", "county": "Beaverhead", "elevation_ft": 8080.0, "latitude": 44.9938, "longitude": -113.44399, "huc": "100200011106", "actonId": null, "shefId": "LMHM8", "beginDate": "1971-01-01 00:00", "endDate": "2100-01-01 00:00", "network": "SNTL" }, "geometry": { "type": "Point", "coordinates": [ -113.44399, 44.9938 ] } },
{ "type": "Feature", "properties": { "station_id": "577", "name": "Lewis Lake Divide", "state": "WY", "county": "Teton", "elevation_ft": 7880.0, "latitude": 44.20862, "longitude": -110.66628, "huc": "170401010104", "actonId": null, "shefId": "LWSW4", "beginDate": "1963-09-01 00:00", "endDate": "2100-01-01 00:00", "network": "SNTL" }, "geometry": { "type": "Point", "coordinates": [ -110.66628, 44.20862 ] } },
{ "type": "Feature", "properties": { "station_id": "1006", "name": "Lewis Peak", "state": "NV", "county": "Lander", "elevation_ft": 7380.0, "latitude": 40.3572, "longitude": -116.8647, "huc": "160401070903", "actonId": null, "shefId": "LWPN2", "beginDate": "2000-10-01 00:00", "endDate": "2100-01-01 00:00", "network": "SNTL" }, "geometry": { "type": "Point", "coordinates": [ -116.8647, 40.3572 ] } },
{ "type": "Feature", "properties": { "station_id": "578", "name": "Lick Creek", "state": "MT", "county": "Gallatin", "elevation_ft": 6880.0, "latitude": 45.5041, "longitude": -110.96625, "huc": "100200081001", "actonId": null, "shefId": "LCKM8", "beginDate": "1963-10-01 00:00", "endDate": "2100-01-01 00:00", "network": "SNTL" }, "geometry": { "type": "Point", "coordinates": [ -110.96625, 45.5041 ] } },
{ "type": "Feature", "properties": { "station_id": "1056", "name": "Lightning Ridge", "state": "UT", "county": "Weber", "elevation_ft": 8200.0, "latitude": 41.35891, "longitude": -111.48749, "huc": "160201020201", "actonId": null, "shefId": "LIGU1", "beginDate": "2004-10-01 00:00", "endDate": "2100-01-01 00:00", "network": "SNTL" }, "geometry": { "type": "Point", "coordinates": [ -111.48749, 41.35891 ] } },
{ "type": "Feature", "properties": { "station_id": "579", "name": "Lily Lake", "state": "UT", "county": "Summit", "elevation_ft": 9130.0, "latitude": 40.86493, "longitude": -110.79813, "huc": "160101010103", "actonId": null, "shefId": "LLKU1", "beginDate": "1980-06-12 00:00", "endDate": "2100-01-01 00:00", "network": "SNTL" }, "geometry": { "type": "Point", "coordinates": [ -110.79813, 40.86493 ] } },
{ "type": "Feature", "properties": { "station_id": "580", "name": "Lily Pond", "state": "CO", "county": "Conejos", "elevation_ft": 11060.0, "latitude": 37.38028, "longitude": -106.54823, "huc": "130100020302", "actonId": null, "shefId": "LPDC2", "beginDate": "1979-10-01 00:00", "endDate": "2100-01-01 00:00", "network": "SNTL" }, "geometry": { "type": "Point", "coordinates": [ -106.54823, 37.38028 ] } },
{ "type": "Feature", "properties": { "station_id": "582", "name": "Little Bear", "state": "UT", "county": "Cache", "elevation_ft": 6540.0, "latitude": 41.40562, "longitude": -111.82607, "huc": "160102030103", "actonId": null, "shefId": "LTBU1", "beginDate": "1978-10-01 00:00", "endDate": "2100-01-01 00:00", "network": "SNTL" }, "geometry": { "type": "Point", "coordinates": [ -111.82607, 41.40562 ] } },
{ "type": "Feature", "properties": { "station_id": "947", "name": "Little Chena Ridge", "state": "AK", "county": "Fairbanks North Star", "elevation_ft": 2150.0, "latitude": 65.12422, "longitude": -146.7339, "huc": "190803060706", "actonId": null, "shefId": "LCRA2", "beginDate": "1980-10-01 00:00", "endDate": "2100-01-01 00:00", "network": "SNTL" }, "geometry": { "type": "Point", "coordinates": [ -146.7339, 65.12422 ] } },
{ "type": "Feature", "properties": { "station_id": "1131", "name": "Little Goose", "state": "WY", "county": "Johnson", "elevation_ft": 8560.0, "latitude": 44.54315, "longitude": -107.17865, "huc": "100901010105", "actonId": null, "shefId": "LGSW4", "beginDate": "2010-08-04 00:00", "endDate": "2100-01-01 00:00", "network": "SNTL" }, "geometry": { "type": "Point", "coordinates": [ -107.17865, 44.54315 ] } },
{ "type": "Feature", "properties": { "station_id": "583", "name": "Little Grassy", "state": "UT", "county": "Washington", "elevation_ft": 6060.0, "latitude": 37.48631, "longitude": -113.84582, "huc": "160300061302", "actonId": null, "shefId": "LGCU1", "beginDate": "1985-10-01 00:00", "endDate": "2100-01-01 00:00", "network": "SNTL" }, "geometry": { "type": "Point", "coordinates": [ -113.84582, 37.48631 ] } },
{ "type": "Feature", "properties": { "station_id": "584", "name": "Little Meadows", "state": "OR", "county": "Linn", "elevation_ft": 4020.0, "latitude": 44.61297, "longitude": -122.22565, "huc": "170900060301", "actonId": null, "shefId": "LMDO3", "beginDate": "1978-10-01 00:00", "endDate": "2100-01-01 00:00", "network": "SNTL" }, "geometry": { "type": "Point", "coordinates": [ -122.22565, 44.61297 ] } },
{ "type": "Feature", "properties": { "station_id": "1047", "name": "Little Snake River", "state": "WY", "county": "Carbon", "elevation_ft": 8930.0, "latitude": 41.07051, "longitude": -106.94284, "huc": "140500030103", "actonId": null, "shefId": "LITW4", "beginDate": "2004-07-27 00:00", "endDate": "2100-01-01 00:00", "network": "SNTL" }, "geometry": { "type": "Point", "coordinates": [ -106.94284, 41.07051 ] } },
{ "type": "Feature", "properties": { "station_id": "1242", "name": "Little Valley", "state": "NV", "county": "Washoe", "elevation_ft": 6500.0, "latitude": 39.25259, "longitude": -119.8771, "huc": "160501020301", "actonId": null, "shefId": "LTVN2", "beginDate": "2013-10-01 00:00", "endDate": "2100-01-01 00:00", "network": "SNTL" }, "geometry": { "type": "Point", "coordinates": [ -119.8771, 39.25259 ] } },
{ "type": "Feature", "properties": { "station_id": "585", "name": "Little Warm", "state": "WY", "county": "Fremont", "elevation_ft": 9370.0, "latitude": 43.50278, "longitude": -109.752, "huc": "100800010212", "actonId": null, "shefId": "LTWW4", "beginDate": "1978-10-01 00:00", "endDate": "2100-01-01 00:00", "network": "SNTL" }, "geometry": { "type": "Point", "coordinates": [ -109.752, 43.50278 ] } },
{ "type": "Feature", "properties": { "station_id": "586", "name": "Lizard Head Pass", "state": "CO", "county": "Dolores", "elevation_ft": 10190.0, "latitude": 37.79895, "longitude": -107.92475, "huc": "140300020201", "actonId": null, "shefId": "LIZC2", "beginDate": "1979-10-01 00:00", "endDate": "2100-01-01 00:00", "network": "SNTL" }, "geometry": { "type": "Point", "coordinates": [ -107.92475, 37.79895 ] } },
{ "type": "Feature", "properties": { "station_id": "587", "name": "Lobdell Lake", "state": "CA", "county": "Mono", "elevation_ft": 9260.0, "latitude": 38.43745, "longitude": -119.36572, "huc": "160503020201", "actonId": null, "shefId": "LOBC1", "beginDate": "1978-10-01 00:00", "endDate": "2100-01-01 00:00", "network": "SNTL" }, "geometry": { "type": "Point", "coordinates": [ -119.36572, 38.43745 ] } },
{ "type": "Feature", "properties": { "station_id": "588", "name": "Lolo Pass", "state": "ID", "county": "Idaho", "elevation_ft": 5280.0, "latitude": 46.63448, "longitude": -114.58072, "huc": "170102051401", "actonId": null, "shefId": "LPSI1", "beginDate": "1982-10-01 00:00", "endDate": "2100-01-01 00:00", "network": "SNTL" }, "geometry": { "type": "Point", "coordinates": [ -114.58072, 46.63448 ] } },
{ "type": "Feature", "properties": { "station_id": "589", "name": "Lone Cone", "state": "CO", "county": "San Miguel", "elevation_ft": 9730.0, "latitude": 37.89169, "longitude": -108.19636, "huc": "140300030302", "actonId": null, "shefId": "LNCC2", "beginDate": "1979-10-01 00:00", "endDate": "2100-01-01 00:00", "network": "SNTL" }, "geometry": { "type": "Point", "coordinates": [ -108.19636, 37.89169 ] } },
{ "type": "Feature", "properties": { "station_id": "590", "name": "Lone Mountain", "state": "MT", "county": "Madison", "elevation_ft": 8810.0, "latitude": 45.27412, "longitude": -111.42692, "huc": "100200080201", "actonId": null, "shefId": "BSKM8", "beginDate": "1988-10-01 00:00", "endDate": "2100-01-01 00:00", "network": "SNTL" }, "geometry": { "type": "Point", "coordinates": [ -111.42692, 45.27412 ] } },
{ "type": "Feature", "properties": { "station_id": "591", "name": "Lone Pine", "state": "WA", "county": "Skamania", "elevation_ft": 3940.0, "latitude": 46.27143, "longitude": -121.96288, "huc": "170800020203", "actonId": null, "shefId": "LPSW1", "beginDate": "1978-10-01 00:00", "endDate": "2100-01-01 00:00", "network": "SNTL" }, "geometry": { "type": "Point", "coordinates": [ -121.96288, 46.27143 ] } },
{ "type": "Feature", "properties": { "station_id": "1261", "name": "Lonesome Beaver", "state": "UT", "county": "Garfield", "elevation_ft": 9530.0, "latitude": 38.07, "longitude": -110.77241, "huc": "140700010301", "actonId": null, "shefId": "LBVU1", "beginDate": "2014-10-16 00:00", "endDate": "2100-01-01 00:00", "network": "SNTL" }, "geometry": { "type": "Point", "coordinates": [ -110.77241, 38.07 ] } },
{ "type": "Feature", "properties": { "station_id": "1123", "name": "Long Draw Resv", "state": "CO", "county": "Larimer", "elevation_ft": 9990.0, "latitude": 40.51154, "longitude": -105.7654, "huc": "101900070203", "actonId": null, "shefId": "LRVC2", "beginDate": "2008-10-16 00:00", "endDate": "2100-01-01 00:00", "network": "SNTL" }, "geometry": { "type": "Point", "coordinates": [ -105.7654, 40.51154 ] } },
{ "type": "Feature", "properties": { "station_id": "592", "name": "Long Flat", "state": "UT", "county": "Washington", "elevation_ft": 7990.0, "latitude": 37.51255, "longitude": -113.39661, "huc": "160300061403", "actonId": null, "shefId": "LGFU1", "beginDate": "1979-09-09 00:00", "endDate": "2100-01-01 00:00", "network": "SNTL" }, "geometry": { "type": "Point", "coordinates": [ -113.39661, 37.51255 ] } },
{ "type": "Feature", "properties": { "station_id": "1001", "name": "Long Lake", "state": "AK", "county": "Juneau", "elevation_ft": 840.0, "latitude": 58.186, "longitude": -133.83217, "huc": "190102060505", "actonId": null, "shefId": "LLKA2", "beginDate": "1966-10-01 00:00", "endDate": "2100-01-01 00:00", "network": "SNTL" }, "geometry": { "type": "Point", "coordinates": [ -133.83217, 58.186 ] } },
{ "type": "Feature", "properties": { "station_id": "1016", "name": "Long Valley", "state": "ID", "county": "Valley", "elevation_ft": 4890.0, "latitude": 44.78835, "longitude": -116.08878, "huc": "170501230206", "actonId": null, "shefId": "LGVI1", "beginDate": "2001-10-01 00:00", "endDate": "2100-01-01 00:00", "network": "SNTL" }, "geometry": { "type": "Point", "coordinates": [ -116.08878, 44.78835 ] } },
{ "type": "Feature", "properties": { "station_id": "593", "name": "Long Valley Jct", "state": "UT", "county": "Kane", "elevation_ft": 7460.0, "latitude": 37.48756, "longitude": -112.51458, "huc": "150100080201", "actonId": null, "shefId": "LVJU1", "beginDate": "1986-06-11 00:00", "endDate": "2100-01-01 00:00", "network": "SNTL" }, "geometry": { "type": "Point", "coordinates": [ -112.51458, 37.48756 ] } },
{ "type": "Feature", "properties": { "station_id": "768", "name": "Look Eyrie", "state": "AK", "county": "Southeast Fairbanks", "elevation_ft": 5040.0, "latitude": 63.32192, "longitude": -145.59655, "huc": "190803040504", "actonId": null, "shefId": "LESA2", "beginDate": "2019-08-08 00:00", "endDate": "2100-01-01 00:00", "network": "SNTL" }, "geometry": { "type": "Point", "coordinates": [ -145.59655, 63.32192 ] } },
{ "type": "Feature", "properties": { "station_id": "594", "name": "Lookout", "state": "ID", "county": "Shoshone", "elevation_ft": 5180.0, "latitude": 47.45749, "longitude": -115.70457, "huc": "170103020101", "actonId": null, "shefId": "LKTI1", "beginDate": "1978-10-01 00:00", "endDate": "2100-01-01 00:00", "network": "SNTL" }, "geometry": { "type": "Point", "coordinates": [ -115.70457, 47.45749 ] } },
{ "type": "Feature", "properties": { "station_id": "595", "name": "Lookout Mountain", "state": "NM", "county": "Sierra", "elevation_ft": 8510.0, "latitude": 33.36089, "longitude": -107.83203, "huc": "150400010402", "actonId": null, "shefId": "LKTN5", "beginDate": "1978-10-01 00:00", "endDate": "2100-01-01 00:00", "network": "SNTL" }, "geometry": { "type": "Point", "coordinates": [ -107.83203, 33.36089 ] } },
{ "type": "Feature", "properties": { "station_id": "596", "name": "Lookout Peak", "state": "UT", "county": "Salt Lake", "elevation_ft": 8150.0, "latitude": 40.83731, "longitude": -111.70965, "huc": "160202040302", "actonId": null, "shefId": "LOPU1", "beginDate": "1988-06-23 00:00", "endDate": "2100-01-01 00:00", "network": "SNTL" }, "geometry": { "type": "Point", "coordinates": [ -111.70965, 40.83731 ] } },
{ "type": "Feature", "properties": { "station_id": "597", "name": "Loomis Park", "state": "WY", "county": "Sublette", "elevation_ft": 8240.0, "latitude": 43.17387, "longitude": -110.14007, "huc": "140401010201", "actonId": null, "shefId": "LOPW4", "beginDate": "1979-10-01 00:00", "endDate": "2100-01-01 00:00", "network": "SNTL" }, "geometry": { "type": "Point", "coordinates": [ -110.14007, 43.17387 ] } },
{ "type": "Feature", "properties": { "station_id": "1118", "name": "Lost Creek Resv", "state": "UT", "county": "Morgan", "elevation_ft": 6070.0, "latitude": 41.22155, "longitude": -111.35947, "huc": "160201010603", "actonId": null, "shefId": "LCVU1", "beginDate": "2010-10-01 00:00", "endDate": "2100-01-01 00:00", "network": "SNTL" }, "geometry": { "type": "Point", "coordinates": [ -111.35947, 41.22155 ] } },
{ "type": "Feature", "properties": { "station_id": "940", "name": "Lost Dog", "state": "CO", "county": "Routt", "elevation_ft": 9340.0, "latitude": 40.81557, "longitude": -106.74833, "huc": "140500010203", "actonId": null, "shefId": "LOTC2", "beginDate": "1998-08-01 00:00", "endDate": "2100-01-01 00:00", "network": "SNTL" }, "geometry": { "type": "Point", "coordinates": [ -106.74833, 40.81557 ] } },
{ "type": "Feature", "properties": { "station_id": "599", "name": "Lost Horse", "state": "WA", "county": "Yakima", "elevation_ft": 5100.0, "latitude": 46.35754, "longitude": -121.0809, "huc": "170300030302", "actonId": null, "shefId": "LOHW1", "beginDate": "1989-10-01 00:00", "endDate": "2100-01-01 00:00", "network": "SNTL" }, "geometry": { "type": "Point", "coordinates": [ -121.0809, 46.35754 ] } },
{ "type": "Feature", "properties": { "station_id": "600", "name": "Lost Lake", "state": "ID", "county": "Shoshone", "elevation_ft": 6090.0, "latitude": 47.0809, "longitude": -115.9604, "huc": "170603080101", "actonId": null, "shefId": "LSLI1", "beginDate": "1979-10-01 00:00", "endDate": "2100-01-01 00:00", "network": "SNTL" }, "geometry": { "type": "Point", "coordinates": [ -115.9604, 47.0809 ] } },
{ "type": "Feature", "properties": { "station_id": "1331", "name": "Lost Lakes", "state": "CA", "county": "Alpine", "elevation_ft": 8640.0, "latitude": 38.64745, "longitude": -119.95141, "huc": "160502010301", "actonId": null, "shefId": "LLXC1", "beginDate": "2024-09-16 00:00", "endDate": "2100-01-01 00:00", "network": "SNTL" }, "geometry": { "type": "Point", "coordinates": [ -119.95141, 38.64745 ] } },
{ "type": "Feature", "properties": { "station_id": "601", "name": "Lost-Wood Divide", "state": "ID", "county": "Blaine", "elevation_ft": 7870.0, "latitude": 43.82441, "longitude": -114.26404, "huc": "170402190304", "actonId": null, "shefId": "LWDI1", "beginDate": "1979-10-01 00:00", "endDate": "2100-01-01 00:00", "network": "SNTL" }, "geometry": { "type": "Point", "coordinates": [ -114.26404, 43.82441 ] } },
{ "type": "Feature", "properties": { "station_id": "972", "name": "Louis Meadow", "state": "UT", "county": "Salt Lake", "elevation_ft": 6750.0, "latitude": 40.83033, "longitude": -111.76457, "huc": "160202040304", "actonId": null, "shefId": "LMSU1", "beginDate": "1999-10-01 00:00", "endDate": "2100-01-01 00:00", "network": "SNTL" }, "geometry": { "type": "Point", "coordinates": [ -111.76457, 40.83033 ] } },
{ "type": "Feature", "properties": { "station_id": "602", "name": "Loveland Basin", "state": "CO", "county": "Clear Creek", "elevation_ft": 11410.0, "latitude": 39.67428, "longitude": -105.90264, "huc": "101900040102", "actonId": null, "shefId": "LBAC2", "beginDate": "1991-10-01 00:00", "endDate": "2100-01-01 00:00", "network": "SNTL" }, "geometry": { "type": "Point", "coordinates": [ -105.90264, 39.67428 ] } },
{ "type": "Feature", "properties": { "station_id": "1265", "name": "Lower Kachemak Creek", "state": "AK", "county": "Kenai Peninsula", "elevation_ft": 1960.0, "latitude": 59.73516, "longitude": -150.69429, "huc": "190203011101", "actonId": null, "shefId": "LKCA2", "beginDate": "2015-06-19 11:00", "endDate": "2100-01-01 00:00", "network": "SNTL" }, "geometry": { "type": "Point", "coordinates": [ -150.69429, 59.73516 ] } },
{ "type": "Feature", "properties": { "station_id": "603", "name": "Lower Twin", "state": "MT", "county": "Madison", "elevation_ft": 7920.0, "latitude": 45.50871, "longitude": -111.92288, "huc": "100200071101", "actonId": null, "shefId": "LWTM8", "beginDate": "1976-10-01 00:00", "endDate": "2100-01-01 00:00", "network": "SNTL" }, "geometry": { "type": "Point", "coordinates": [ -111.92288, 45.50871 ] } },
{ "type": "Feature", "properties": { "station_id": "604", "name": "Lubrecht Flume", "state": "MT", "county": "Missoula", "elevation_ft": 4690.0, "latitude": 46.88293, "longitude": -113.32228, "huc": "170102031204", "actonId": null, "shefId": "LUBM8", "beginDate": "1970-10-01 00:00", "endDate": "2100-01-01 00:00", "network": "SNTL" }, "geometry": { "type": "Point", "coordinates": [ -113.32228, 46.88293 ] } },
{ "type": "Feature", "properties": { "station_id": "605", "name": "Lucky Strike", "state": "OR", "county": "Umatilla", "elevation_ft": 4970.0, "latitude": 45.27478, "longitude": -118.8479, "huc": "170701030606", "actonId": null, "shefId": "LUKO3", "beginDate": "1978-10-01 00:00", "endDate": "2100-01-01 00:00", "network": "SNTL" }, "geometry": { "type": "Point", "coordinates": [ -118.8479, 45.27478 ] } },
{ "type": "Feature", "properties": { "station_id": "606", "name": "Lyman Lake", "state": "WA", "county": "Chelan", "elevation_ft": 5990.0, "latitude": 48.19798, "longitude": -120.91678, "huc": "170200090203", "actonId": null, "shefId": "LYLW1", "beginDate": "1978-10-01 00:00", "endDate": "2100-01-01 00:00", "network": "SNTL" }, "geometry": { "type": "Point", "coordinates": [ -120.91678, 48.19798 ] } },
{ "type": "Feature", "properties": { "station_id": "1069", "name": "Lynn Lake", "state": "WA", "county": "King", "elevation_ft": 3910.0, "latitude": 47.20172, "longitude": -121.77972, "huc": "171100130203", "actonId": null, "shefId": "LAKW1", "beginDate": "2007-08-30 00:00", "endDate": "2100-01-01 00:00", "network": "SNTL" }, "geometry": { "type": "Point", "coordinates": [ -121.77972, 47.20172 ] } },
{ "type": "Feature", "properties": { "station_id": "607", "name": "Lynx Pass", "state": "CO", "county": "Routt", "elevation_ft": 8910.0, "latitude": 40.07832, "longitude": -106.67095, "huc": "140100011001", "actonId": null, "shefId": "LYNC2", "beginDate": "1979-10-01 00:00", "endDate": "2100-01-01 00:00", "network": "SNTL" }, "geometry": { "type": "Point", "coordinates": [ -106.67095, 40.07832 ] } },
{ "type": "Feature", "properties": { "station_id": "608", "name": "Madison Butte", "state": "OR", "county": "Morrow", "elevation_ft": 5150.0, "latitude": 45.10513, "longitude": -119.49585, "huc": "170702041101", "actonId": null, "shefId": "MDBO3", "beginDate": "1979-10-01 00:00", "endDate": "2100-01-01 00:00", "network": "SNTL" }, "geometry": { "type": "Point", "coordinates": [ -119.49585, 45.10513 ] } },
{ "type": "Feature", "properties": { "station_id": "609", "name": "Madison Plateau", "state": "MT", "county": "Gallatin", "elevation_ft": 7710.0, "latitude": 44.58623, "longitude": -111.11627, "huc": "100200070204", "actonId": null, "shefId": "MPLM8", "beginDate": "1967-10-01 00:00", "endDate": "2100-01-01 00:00", "network": "SNTL" }, "geometry": { "type": "Point", "coordinates": [ -111.11627, 44.58623 ] } },
{ "type": "Feature", "properties": { "station_id": "610", "name": "Magic Mountain", "state": "ID", "county": "Twin Falls", "elevation_ft": 6940.0, "latitude": 42.18071, "longitude": -114.28665, "huc": "170402120601", "actonId": null, "shefId": "MGMI1", "beginDate": "1979-10-01 00:00", "endDate": "2100-01-01 00:00", "network": "SNTL" }, "geometry": { "type": "Point", "coordinates": [ -114.28665, 42.18071 ] } },
{ "type": "Feature", "properties": { "station_id": "612", "name": "Mammoth-Cottonwood", "state": "UT", "county": "Sanpete", "elevation_ft": 8710.0, "latitude": 39.68338, "longitude": -111.31818, "huc": "160300040203", "actonId": null, "shefId": "MCDU1", "beginDate": "1978-10-01 00:00", "endDate": "2100-01-01 00:00", "network": "SNTL" }, "geometry": { "type": "Point", "coordinates": [ -111.31818, 39.68338 ] } },
{ "type": "Feature", "properties": { "station_id": "905", "name": "Mancos", "state": "CO", "county": "Montezuma", "elevation_ft": 10020.0, "latitude": 37.43109, "longitude": -108.17005, "huc": "140801070102", "actonId": null, "shefId": "MNCC2", "beginDate": "1994-08-30 00:00", "endDate": "2100-01-01 00:00", "network": "SNTL" }, "geometry": { "type": "Point", "coordinates": [ -108.17005, 37.43109 ] } },
{ "type": "Feature", "properties": { "station_id": "613", "name": "Many Glacier", "state": "MT", "county": "Glacier", "elevation_ft": 4930.0, "latitude": 48.79698, "longitude": -113.6705, "huc": "090400010201", "actonId": null, "shefId": "MANM8", "beginDate": "1976-10-01 00:00", "endDate": "2100-01-01 00:00", "network": "SNTL" }, "geometry": { "type": "Point", "coordinates": [ -113.6705, 48.79698 ] } },
{ "type": "Feature", "properties": { "station_id": "614", "name": "Marion Forks", "state": "OR", "county": "Linn", "elevation_ft": 2590.0, "latitude": 44.59397, "longitude": -121.97365, "huc": "170900050205", "actonId": null, "shefId": "MRFO3", "beginDate": "1979-10-01 00:00", "endDate": "2100-01-01 00:00", "network": "SNTL" }, "geometry": { "type": "Point", "coordinates": [ -121.97365, 44.59397 ] } },
{ "type": "Feature", "properties": { "station_id": "615", "name": "Marlette Lake", "state": "NV", "county": "Carson City", "elevation_ft": 7860.0, "latitude": 39.16395, "longitude": -119.89672, "huc": "160501010201", "actonId": null, "shefId": "MRLN2", "beginDate": "1978-10-01 00:00", "endDate": "2100-01-01 00:00", "network": "SNTL" }, "geometry": { "type": "Point", "coordinates": [ -119.89672, 39.16395 ] } },
{ "type": "Feature", "properties": { "station_id": "616", "name": "Marquette", "state": "WY", "county": "Park", "elevation_ft": 8800.0, "latitude": 44.3016, "longitude": -109.24019, "huc": "100800130303", "actonId": null, "shefId": "MRQW4", "beginDate": "1979-10-01 00:00", "endDate": "2100-01-01 00:00", "network": "SNTL" }, "geometry": { "type": "Point", "coordinates": [ -109.24019, 44.3016 ] } },
{ "type": "Feature", "properties": { "station_id": "999", "name": "Marten Ridge", "state": "WA", "county": "Whatcom", "elevation_ft": 3520.0, "latitude": 48.76292, "longitude": -121.69823, "huc": "171100051004", "actonId": null, "shefId": "MRTW1", "beginDate": "2006-07-01 00:00", "endDate": "2100-01-01 00:00", "network": "SNTL" }, "geometry": { "type": "Point", "coordinates": [ -121.69823, 48.76292 ] } },
{ "type": "Feature", "properties": { "station_id": "617", "name": "Maverick Fork", "state": "AZ", "county": "Apache", "elevation_ft": 9210.0, "latitude": 33.92123, "longitude": -109.45872, "huc": "150601010104", "actonId": null, "shefId": "MVFA3", "beginDate": "1953-10-01 00:00", "endDate": "2100-01-01 00:00", "network": "SNTL" }, "geometry": { "type": "Point", "coordinates": [ -109.45872, 33.92123 ] } },
{ "type": "Feature", "properties": { "station_id": "1096", "name": "May Creek", "state": "AK", "county": "Valdez-Cordova", "elevation_ft": 1550.0, "latitude": 61.34918, "longitude": -142.69355, "huc": "190201031603", "actonId": null, "shefId": "SNCA2", "beginDate": "2006-10-01 00:00", "endDate": "2100-01-01 00:00", "network": "SNTL" }, "geometry": { "type": "Point", "coordinates": [ -142.69355, 61.34918 ] } },
{ "type": "Feature", "properties": { "station_id": "618", "name": "Mc Clure Pass", "state": "CO", "county": "Gunnison", "elevation_ft": 8760.0, "latitude": 39.12899, "longitude": -107.28834, "huc": "140200040203", "actonId": null, "shefId": "MCPC2", "beginDate": "1979-10-01 00:00", "endDate": "2100-01-01 00:00", "network": "SNTL" }, "geometry": { "type": "Point", "coordinates": [ -107.28834, 39.12899 ] } },
{ "type": "Feature", "properties": { "station_id": "1040", "name": "Mccoy Park", "state": "CO", "county": "Eagle", "elevation_ft": 9500.0, "latitude": 39.60231, "longitude": -106.544, "huc": "140100030302", "actonId": null, "shefId": "MCYC2", "beginDate": "2002-10-01 00:00", "endDate": "2100-01-01 00:00", "network": "SNTL" }, "geometry": { "type": "Point", "coordinates": [ -106.544, 39.60231 ] } },
{ "type": "Feature", "properties": { "station_id": "785", "name": "McGrath", "state": "AK", "county": "Yukon-Koyukuk", "elevation_ft": 340.0, "latitude": 62.94652, "longitude": -155.6102, "huc": "190304050502", "actonId": null, "shefId": "MCSA2", "beginDate": "2019-08-13 00:00", "endDate": "2100-01-01 00:00", "network": "SNTL" }, "geometry": { "type": "Point", "coordinates": [ -155.6102, 62.94652 ] } },
{ "type": "Feature", "properties": { "station_id": "619", "name": "Mckenzie", "state": "OR", "county": "Lane", "elevation_ft": 4770.0, "latitude": 44.2103, "longitude": -121.87292, "huc": "170900040207", "actonId": null, "shefId": "MKZO3", "beginDate": "1979-10-01 00:00", "endDate": "2100-01-01 00:00", "network": "SNTL" }, "geometry": { "type": "Point", "coordinates": [ -121.87292, 44.2103 ] } },
{ "type": "Feature", "properties": { "station_id": "1048", "name": "Mcknight Cabin", "state": "NM", "county": "Grant", "elevation_ft": 9230.0, "latitude": 33.00796, "longitude": -107.86982, "huc": "130302020103", "actonId": null, "shefId": "MCKN5", "beginDate": "2003-09-25 00:00", "endDate": "2100-01-01 00:00", "network": "SNTL" }, "geometry": { "type": "Point", "coordinates": [ -107.86982, 33.00796 ] } },
{ "type": "Feature", "properties": { "station_id": "1003", "name": "Mcneil Canyon", "state": "AK", "county": "Kenai Peninsula", "elevation_ft": 1350.0, "latitude": 59.74521, "longitude": -151.25839, "huc": "190203010806", "actonId": null, "shefId": "MCNA2", "beginDate": "1985-10-01 00:00", "endDate": "2100-01-01 00:00", "network": "SNTL" }, "geometry": { "type": "Point", "coordinates": [ -151.25839, 59.74521 ] } },
{ "type": "Feature", "properties": { "station_id": "1191", "name": "Mcneil River SGS", "state": "AK", "county": "Kenai Peninsula", "elevation_ft": 110.0, "latitude": 59.08358, "longitude": -154.27785, "huc": "190206021207", "actonId": null, "shefId": "MLRA2", "beginDate": "2012-06-27 13:00", "endDate": "2100-01-01 00:00", "network": "SNTL" }, "geometry": { "type": "Point", "coordinates": [ -154.27785, 59.08358 ] } },
{ "type": "Feature", "properties": { "station_id": "620", "name": "Meadow Lake", "state": "ID", "county": "Lemhi", "elevation_ft": 9190.0, "latitude": 44.43655, "longitude": -113.31815, "huc": "170602040101", "actonId": null, "shefId": "MDLI1", "beginDate": "1979-10-01 00:00", "endDate": "2100-01-01 00:00", "network": "SNTL" }, "geometry": { "type": "Point", "coordinates": [ -113.31815, 44.43655 ] } },
{ "type": "Feature", "properties": { "station_id": "897", "name": "Meadows Pass", "state": "WA", "county": "King", "elevation_ft": 3230.0, "latitude": 47.28312, "longitude": -121.47197, "huc": "171100120101", "actonId": null, "shefId": "MPSW1", "beginDate": "1993-10-01 00:00", "endDate": "2100-01-01 00:00", "network": "SNTL" }, "geometry": { "type": "Point", "coordinates": [ -121.47197, 47.28312 ] } },
{ "type": "Feature", "properties": { "station_id": "1196", "name": "Med Bow", "state": "WY", "county": "Carbon", "elevation_ft": 10500.0, "latitude": 41.37833, "longitude": -106.34697, "huc": "101800040302", "actonId": null, "shefId": "MBSW4", "beginDate": "2012-08-15 00:00", "endDate": "2100-01-01 00:00", "network": "SNTL" }, "geometry": { "type": "Point", "coordinates": [ -106.34697, 41.37833 ] } },
{ "type": "Feature", "properties": { "station_id": "914", "name": "Medano Pass", "state": "CO", "county": "Saguache", "elevation_ft": 9650.0, "latitude": 37.85192, "longitude": -105.43666, "huc": "130100030604", "actonId": null, "shefId": "MDPC2", "beginDate": "1995-10-01 00:00", "endDate": "2100-01-01 00:00", "network": "SNTL" }, "geometry": { "type": "Point", "coordinates": [ -105.43666, 37.85192 ] } },
{ "type": "Feature", "properties": { "station_id": "621", "name": "Merchant Valley", "state": "UT", "county": "Beaver", "elevation_ft": 8710.0, "latitude": 38.30285, "longitude": -112.43637, "huc": "160300070201", "actonId": null, "shefId": "MVYU1", "beginDate": "1980-07-23 00:00", "endDate": "2100-01-01 00:00", "network": "SNTL" }, "geometry": { "type": "Point", "coordinates": [ -112.43637, 38.30285 ] } },
{ "type": "Feature", "properties": { "station_id": "1207", "name": "Merritt Mountain", "state": "NV", "county": "Elko", "elevation_ft": 6920.0, "latitude": 41.8927, "longitude": -115.858, "huc": "170501020601", "actonId": null, "shefId": "MERN2", "beginDate": "2011-12-23 00:00", "endDate": "2100-01-01 00:00", "network": "SNTL" }, "geometry": { "type": "Point", "coordinates": [ -115.858, 41.8927 ] } },
{ "type": "Feature", "properties": { "station_id": "622", "name": "Mesa Lakes", "state": "CO", "county": "Mesa", "elevation_ft": 10160.0, "latitude": 39.05738, "longitude": -108.05756, "huc": "140100051307", "actonId": null, "shefId": "MESC2", "beginDate": "1985-10-01 00:00", "endDate": "2100-01-01 00:00", "network": "SNTL" }, "geometry": { "type": "Point", "coordinates": [ -108.05756, 39.05738 ] } },
{ "type": "Feature", "properties": { "station_id": "1011", "name": "MF Nooksack", "state": "WA", "county": "Whatcom", "elevation_ft": 4940.0, "latitude": 48.82441, "longitude": -121.92947, "huc": "171100040303", "actonId": null, "shefId": "MNOW1", "beginDate": "2002-10-01 00:00", "endDate": "2100-01-01 00:00", "network": "SNTL" }, "geometry": { "type": "Point", "coordinates": [ -121.92947, 48.82441 ] } },
{ "type": "Feature", "properties": { "station_id": "623", "name": "Mica Creek", "state": "ID", "county": "Shoshone", "elevation_ft": 4480.0, "latitude": 47.15045, "longitude": -116.26643, "huc": "170103040604", "actonId": null, "shefId": "MCKI1", "beginDate": "1989-10-01 00:00", "endDate": "2100-01-01 00:00", "network": "SNTL" }, "geometry": { "type": "Point", "coordinates": [ -116.26643, 47.15045 ] } },
{ "type": "Feature", "properties": { "station_id": "937", "name": "Michigan Creek", "state": "CO", "county": "Park", "elevation_ft": 10700.0, "latitude": 39.43579, "longitude": -105.91072, "huc": "101900010404", "actonId": null, "shefId": "MIHC2", "beginDate": "1998-08-10 00:00", "endDate": "2100-01-01 00:00", "network": "SNTL" }, "geometry": { "type": "Point", "coordinates": [ -105.91072, 39.43579 ] } },
{ "type": "Feature", "properties": { "station_id": "1206", "name": "Midas", "state": "NV", "county": "Elko", "elevation_ft": 6630.0, "latitude": 41.26873, "longitude": -116.80332, "huc": "160401060402", "actonId": null, "shefId": "MDSN2", "beginDate": "2011-12-23 00:00", "endDate": "2100-01-01 00:00", "network": "SNTL" }, "geometry": { "type": "Point", "coordinates": [ -116.80332, 41.26873 ] } },
{ "type": "Feature", "properties": { "station_id": "624", "name": "Middle Creek", "state": "CO", "county": "Mineral", "elevation_ft": 11260.0, "latitude": 37.61779, "longitude": -107.03932, "huc": "130100010501", "actonId": null, "shefId": "MDLC2", "beginDate": "1979-10-01 00:00", "endDate": "2100-01-01 00:00", "network": "SNTL" }, "geometry": { "type": "Point", "coordinates": [ -107.03932, 37.61779 ] } },
{ "type": "Feature", "properties": { "station_id": "1064", "name": "Middle Fork Bradley", "state": "AK", "county": "Kenai Peninsula", "elevation_ft": 2340.0, "latitude": 59.77711, "longitude": -150.75698, "huc": "190203011102", "actonId": null, "shefId": "MFBA2", "beginDate": "1989-10-01 00:00", "endDate": "2100-01-01 00:00", "network": "SNTL" }, "geometry": { "type": "Point", "coordinates": [ -150.75698, 59.77711 ] } },
{ "type": "Feature", "properties": { "station_id": "1014", "name": "Middle Fork Camp", "state": "CO", "county": "Grand", "elevation_ft": 8960.0, "latitude": 39.79565, "longitude": -106.02802, "huc": "140100010402", "actonId": null, "shefId": "MFKC2", "beginDate": "2001-09-19 00:00", "endDate": "2100-01-01 00:00", "network": "SNTL" }, "geometry": { "type": "Point", "coordinates": [ -106.02802, 39.79565 ] } },
{ "type": "Feature", "properties": { "station_id": "625", "name": "Middle Powder", "state": "WY", "county": "Washakie", "elevation_ft": 7760.0, "latitude": 43.62733, "longitude": -107.18152, "huc": "100800080205", "actonId": null, "shefId": "MDDW4", "beginDate": "1978-10-01 00:00", "endDate": "2100-01-01 00:00", "network": "SNTL" }, "geometry": { "type": "Point", "coordinates": [ -107.18152, 43.62733 ] } },
{ "type": "Feature", "properties": { "station_id": "626", "name": "Midway Valley", "state": "UT", "county": "Iron", "elevation_ft": 9830.0, "latitude": 37.56933, "longitude": -112.83849, "huc": "160300010101", "actonId": null, "shefId": "MDVU1", "beginDate": "1980-07-22 00:00", "endDate": "2100-01-01 00:00", "network": "SNTL" }, "geometry": { "type": "Point", "coordinates": [ -112.83849, 37.56933 ] } },
{ "type": "Feature", "properties": { "station_id": "1079", "name": "Milk Shakes", "state": "OR", "county": "Wallowa", "elevation_ft": 5580.0, "latitude": 45.9821, "longitude": -117.94883, "huc": "170701020201", "actonId": null, "shefId": "MLKO3", "beginDate": "2007-05-12 00:00", "endDate": "2100-01-01 00:00", "network": "SNTL" }, "geometry": { "type": "Point", "coordinates": [ -117.94883, 45.9821 ] } },
{ "type": "Feature", "properties": { "station_id": "1322", "name": "Mill Creek", "state": "MT", "county": "Park", "elevation_ft": 7420.0, "latitude": 45.263, "longitude": -110.40501, "huc": "100700020302", "actonId": null, "shefId": null, "beginDate": "2025-07-11 00:00", "endDate": "2100-01-01 00:00", "network": "SNTL" }, "geometry": { "type": "Point", "coordinates": [ -110.40501, 45.263 ] } },
{ "type": "Feature", "properties": { "station_id": "1321", "name": "Mill Creek Canyon", "state": "UT", "county": "Salt Lake", "elevation_ft": 6960.0, "latitude": 40.69656, "longitude": -111.67712, "huc": "160202040301", "actonId": null, "shefId": "MIZU1", "beginDate": "2024-06-18 00:00", "endDate": "2100-01-01 00:00", "network": "SNTL" }, "geometry": { "type": "Point", "coordinates": [ -111.67712, 40.69656 ] } },
{ "type": "Feature", "properties": { "station_id": "627", "name": "Mill Creek Summit", "state": "ID", "county": "Custer", "elevation_ft": 8790.0, "latitude": 44.47212, "longitude": -114.48992, "huc": "170602010501", "actonId": null, "shefId": "MLKI1", "beginDate": "1978-10-01 00:00", "endDate": "2100-01-01 00:00", "network": "SNTL" }, "geometry": { "type": "Point", "coordinates": [ -114.48992, 44.47212 ] } },
{ "type": "Feature", "properties": { "station_id": "628", "name": "Mill-D North", "state": "UT", "county": "Salt Lake", "elevation_ft": 8940.0, "latitude": 40.65883, "longitude": -111.63683, "huc": "160202040201", "actonId": null, "shefId": "MLDU1", "beginDate": "1988-10-01 00:00", "endDate": "2100-01-01 00:00", "network": "SNTL" }, "geometry": { "type": "Point", "coordinates": [ -111.63683, 40.65883 ] } },
{ "type": "Feature", "properties": { "station_id": "1084", "name": "Miller Woods", "state": "OR", "county": "Yamhill", "elevation_ft": 420.0, "latitude": 45.24755, "longitude": -123.27563, "huc": "170900080606", "actonId": null, "shefId": "MWDO3", "beginDate": "2006-09-22 00:00", "endDate": "2100-01-01 00:00", "network": "SNTL" }, "geometry": { "type": "Point", "coordinates": [ -123.27563, 45.24755 ] } },
{ "type": "Feature", "properties": { "station_id": "629", "name": "Mineral Creek", "state": "CO", "county": "San Juan", "elevation_ft": 10030.0, "latitude": 37.84737, "longitude": -107.72657, "huc": "140801040103", "actonId": null, "shefId": "MINC2", "beginDate": "1978-10-01 00:00", "endDate": "2100-01-01 00:00", "network": "SNTL" }, "geometry": { "type": "Point", "coordinates": [ -107.72657, 37.84737 ] } },
{ "type": "Feature", "properties": { "station_id": "631", "name": "Mining Fork", "state": "UT", "county": "Tooele", "elevation_ft": 8290.0, "latitude": 40.49384, "longitude": -112.61141, "huc": "160203040503", "actonId": null, "shefId": "MFKU1", "beginDate": "1988-09-22 00:00", "endDate": "2100-01-01 00:00", "network": "SNTL" }, "geometry": { "type": "Point", "coordinates": [ -112.61141, 40.49384 ] } },
{ "type": "Feature", "properties": { "station_id": "632", "name": "Molas Lake", "state": "CO", "county": "San Juan", "elevation_ft": 10610.0, "latitude": 37.74929, "longitude": -107.68933, "huc": "140801040302", "actonId": null, "shefId": "MLSC2", "beginDate": "1985-10-01 00:00", "endDate": "2100-01-01 00:00", "network": "SNTL" }, "geometry": { "type": "Point", "coordinates": [ -107.68933, 37.74929 ] } },
{ "type": "Feature", "properties": { "station_id": "1094", "name": "Monahan Flat", "state": "AK", "county": "Matanuska-Susitna", "elevation_ft": 2690.0, "latitude": 63.30464, "longitude": -147.64883, "huc": "190205010304", "actonId": null, "shefId": "MNFA2", "beginDate": "1983-10-01 00:00", "endDate": "2100-01-01 00:00", "network": "SNTL" }, "geometry": { "type": "Point", "coordinates": [ -147.64883, 63.30464 ] } },
{ "type": "Feature", "properties": { "station_id": "633", "name": "Monitor Pass", "state": "CA", "county": "Alpine", "elevation_ft": 8320.0, "latitude": 38.6683, "longitude": -119.6087, "huc": "160502010201", "actonId": null, "shefId": "MNPC1", "beginDate": "1990-10-01 00:00", "endDate": "2100-01-01 00:00", "network": "SNTL" }, "geometry": { "type": "Point", "coordinates": [ -119.6087, 38.6683 ] } },
{ "type": "Feature", "properties": { "station_id": "634", "name": "Monte Cristo", "state": "UT", "county": "Cache", "elevation_ft": 8930.0, "latitude": 41.46547, "longitude": -111.49688, "huc": "160102030201", "actonId": null, "shefId": "MCRU1", "beginDate": "1978-10-01 00:00", "endDate": "2100-01-01 00:00", "network": "SNTL" }, "geometry": { "type": "Point", "coordinates": [ -111.49688, 41.46547 ] } },
{ "type": "Feature", "properties": { "station_id": "949", "name": "Monument Creek", "state": "AK", "county": "Fairbanks North Star", "elevation_ft": 1840.0, "latitude": 65.07738, "longitude": -145.87358, "huc": "190803060402", "actonId": null, "shefId": "MNCA2", "beginDate": "1979-10-01 00:00", "endDate": "2100-01-01 00:00", "network": "SNTL" }, "geometry": { "type": "Point", "coordinates": [ -145.87358, 65.07738 ] } },
{ "type": "Feature", "properties": { "station_id": "635", "name": "Monument Peak", "state": "MT", "county": "Park", "elevation_ft": 8740.0, "latitude": 45.21759, "longitude": -110.237, "huc": "100700020902", "actonId": null, "shefId": "MNPM8", "beginDate": "1976-10-01 00:00", "endDate": "2100-01-01 00:00", "network": "SNTL" }, "geometry": { "type": "Point", "coordinates": [ -110.237, 45.21759 ] } },
{ "type": "Feature", "properties": { "station_id": "1124", "name": "Moon Pass", "state": "CO", "county": "Saguache", "elevation_ft": 11110.0, "latitude": 37.96627, "longitude": -106.55857, "huc": "130100040201", "actonId": null, "shefId": "MOPC2", "beginDate": "2008-10-01 00:00", "endDate": "2100-01-01 00:00", "network": "SNTL" }, "geometry": { "type": "Point", "coordinates": [ -106.55857, 37.96627 ] } },
{ "type": "Feature", "properties": { "station_id": "636", "name": "Moonshine", "state": "ID", "county": "Lemhi", "elevation_ft": 7490.0, "latitude": 44.41478, "longitude": -113.39814, "huc": "170402170201", "actonId": null, "shefId": "MNSI1", "beginDate": "1979-10-01 00:00", "endDate": "2100-01-01 00:00", "network": "SNTL" }, "geometry": { "type": "Point", "coordinates": [ -113.39814, 44.41478 ] } },
{ "type": "Feature", "properties": { "station_id": "1176", "name": "Moore Creek Bridge", "state": "AK", "county": "Skagway", "elevation_ft": 2250.0, "latitude": 59.58668, "longitude": -135.19455, "huc": "190103030203", "actonId": null, "shefId": "MREA2", "beginDate": "1989-10-01 00:00", "endDate": "2100-01-01 00:00", "network": "SNTL" }, "geometry": { "type": "Point", "coordinates": [ -135.19455, 59.58668 ] } },
{ "type": "Feature", "properties": { "station_id": "638", "name": "Moose Creek", "state": "ID", "county": "Lemhi", "elevation_ft": 6170.0, "latitude": 45.67008, "longitude": -113.95315, "huc": "170602030601", "actonId": null, "shefId": "MOKI1", "beginDate": "1979-10-01 00:00", "endDate": "2100-01-01 00:00", "network": "SNTL" }, "geometry": { "type": "Point", "coordinates": [ -113.95315, 45.67008 ] } },
{ "type": "Feature", "properties": { "station_id": "1035", "name": "Moraine", "state": "AK", "county": "Anchorage", "elevation_ft": 2010.0, "latitude": 61.37727, "longitude": -148.99917, "huc": "190204010103", "actonId": null, "shefId": "MORA2", "beginDate": "2001-10-01 00:00", "endDate": "2100-01-01 00:00", "network": "SNTL" }, "geometry": { "type": "Point", "coordinates": [ -148.99917, 61.37727 ] } },
{ "type": "Feature", "properties": { "station_id": "637", "name": "Mores Creek Summit", "state": "ID", "county": "Boise", "elevation_ft": 6090.0, "latitude": 43.932, "longitude": -115.66588, "huc": "170501110503", "actonId": null, "shefId": "MRKI1", "beginDate": "1978-09-30 00:00", "endDate": "2100-01-01 00:00", "network": "SNTL" }, "geometry": { "type": "Point", "coordinates": [ -115.66588, 43.932 ] } },
{ "type": "Feature", "properties": { "station_id": "639", "name": "Morgan Creek", "state": "ID", "county": "Lemhi", "elevation_ft": 7620.0, "latitude": 44.84237, "longitude": -114.26871, "huc": "170602030901", "actonId": null, "shefId": "MRGI1", "beginDate": "1979-10-01 00:00", "endDate": "2100-01-01 00:00", "network": "SNTL" }, "geometry": { "type": "Point", "coordinates": [ -114.26871, 44.84237 ] } },
{ "type": "Feature", "properties": { "station_id": "640", "name": "Mormon Mountain", "state": "AZ", "county": "Coconino", "elevation_ft": 7490.0, "latitude": 34.94141, "longitude": -111.51864, "huc": "150200150201", "actonId": null, "shefId": "MRMA3", "beginDate": "1963-01-01 00:00", "endDate": "2100-01-01 00:00", "network": "SNTL" }, "geometry": { "type": "Point", "coordinates": [ -111.51864, 34.94141 ] } },
{ "type": "Feature", "properties": { "station_id": "1125", "name": "Mormon Mtn Summit", "state": "AZ", "county": "Coconino", "elevation_ft": 8450.0, "latitude": 34.96942, "longitude": -111.50868, "huc": "150200150202", "actonId": null, "shefId": "MMNA3", "beginDate": "2008-06-02 00:00", "endDate": "2100-01-01 00:00", "network": "SNTL" }, "geometry": { "type": "Point", "coordinates": [ -111.50868, 34.96942 ] } },
{ "type": "Feature", "properties": { "station_id": "642", "name": "Morse Lake", "state": "WA", "county": "Yakima", "elevation_ft": 5400.0, "latitude": 46.90585, "longitude": -121.4827, "huc": "170300020106", "actonId": null, "shefId": "MRSW1", "beginDate": "1978-10-01 00:00", "endDate": "2100-01-01 00:00", "network": "SNTL" }, "geometry": { "type": "Point", "coordinates": [ -121.4827, 46.90585 ] } },
{ "type": "Feature", "properties": { "station_id": "643", "name": "Mosby Mtn.", "state": "UT", "county": "Uintah", "elevation_ft": 9550.0, "latitude": 40.60798, "longitude": -109.8881, "huc": "140600100702", "actonId": null, "shefId": "MMTU1", "beginDate": "1978-10-01 00:00", "endDate": "2100-01-01 00:00", "network": "SNTL" }, "geometry": { "type": "Point", "coordinates": [ -109.8881, 40.60798 ] } },
{ "type": "Feature", "properties": { "station_id": "989", "name": "Moscow Mountain", "state": "ID", "county": "Latah", "elevation_ft": 4700.0, "latitude": 46.805, "longitude": -116.8535, "huc": "170603061002", "actonId": null, "shefId": "MSCI1", "beginDate": "2000-10-01 00:00", "endDate": "2100-01-01 00:00", "network": "SNTL" }, "geometry": { "type": "Point", "coordinates": [ -116.8535, 46.805 ] } },
{ "type": "Feature", "properties": { "station_id": "644", "name": "Moses Mtn", "state": "WA", "county": "Okanogan", "elevation_ft": 5470.0, "latitude": 48.36166, "longitude": -119.08158, "huc": "170200061903", "actonId": null, "shefId": "MMSW1", "beginDate": "1991-10-01 00:00", "endDate": "2100-01-01 00:00", "network": "SNTL" }, "geometry": { "type": "Point", "coordinates": [ -119.08158, 48.36166 ] } },
{ "type": "Feature", "properties": { "station_id": "645", "name": "Mosquito Ridge", "state": "ID", "county": "Shoshone", "elevation_ft": 5270.0, "latitude": 48.05726, "longitude": -116.23055, "huc": "170103010101", "actonId": null, "shefId": "MOQI1", "beginDate": "1978-10-01 00:00", "endDate": "2100-01-01 00:00", "network": "SNTL" }, "geometry": { "type": "Point", "coordinates": [ -116.23055, 48.05726 ] } },
{ "type": "Feature", "properties": { "station_id": "646", "name": "Moss Peak", "state": "MT", "county": "Lake", "elevation_ft": 6760.0, "latitude": 47.68497, "longitude": -113.96239, "huc": "170102080404", "actonId": null, "shefId": "MSPM8", "beginDate": "1961-04-01 00:00", "endDate": "2100-01-01 00:00", "network": "SNTL" }, "geometry": { "type": "Point", "coordinates": [ -113.96239, 47.68497 ] } },
{ "type": "Feature", "properties": { "station_id": "647", "name": "Moss Springs", "state": "OR", "county": "Union", "elevation_ft": 5760.0, "latitude": 45.27173, "longitude": -117.68747, "huc": "170601040702", "actonId": null, "shefId": "MOSO3", "beginDate": "1979-10-01 00:00", "endDate": "2100-01-01 00:00", "network": "SNTL" }, "geometry": { "type": "Point", "coordinates": [ -117.68747, 45.27173 ] } },
{ "type": "Feature", "properties": { "station_id": "648", "name": "Mount Crag", "state": "WA", "county": "Jefferson", "elevation_ft": 3960.0, "latitude": 47.7637, "longitude": -123.026, "huc": "171100180601", "actonId": null, "shefId": "MTCW1", "beginDate": "1989-10-01 00:00", "endDate": "2100-01-01 00:00", "network": "SNTL" }, "geometry": { "type": "Point", "coordinates": [ -123.026, 47.7637 ] } },
{ "type": "Feature", "properties": { "station_id": "898", "name": "Mount Gardner", "state": "WA", "county": "King", "elevation_ft": 2930.0, "latitude": 47.35768, "longitude": -121.56812, "huc": "171100120103", "actonId": null, "shefId": "MGSW1", "beginDate": "1993-10-01 00:00", "endDate": "2100-01-01 00:00", "network": "SNTL" }, "geometry": { "type": "Point", "coordinates": [ -121.56812, 47.35768 ] } },
{ "type": "Feature", "properties": { "station_id": "649", "name": "Mount Lockhart", "state": "MT", "county": "Teton", "elevation_ft": 6430.0, "latitude": 47.91727, "longitude": -112.8238, "huc": "100302050102", "actonId": null, "shefId": "MTKM8", "beginDate": "1968-10-01 00:00", "endDate": "2100-01-01 00:00", "network": "SNTL" }, "geometry": { "type": "Point", "coordinates": [ -112.8238, 47.91727 ] } },
{ "type": "Feature", "properties": { "station_id": "650", "name": "Mountain Meadows", "state": "ID", "county": "Idaho", "elevation_ft": 6340.0, "latitude": 45.69694, "longitude": -115.22972, "huc": "170603020301", "actonId": null, "shefId": "MTMI1", "beginDate": "1979-10-01 00:00", "endDate": "2100-01-01 00:00", "network": "SNTL" }, "geometry": { "type": "Point", "coordinates": [ -115.22972, 45.69694 ] } },
{ "type": "Feature", "properties": { "station_id": "941", "name": "Mowich", "state": "WA", "county": "Pierce", "elevation_ft": 3170.0, "latitude": 46.92833, "longitude": -121.95232, "huc": "171100140105", "actonId": null, "shefId": "MHSW1", "beginDate": "1998-09-30 00:00", "endDate": "2100-01-01 00:00", "network": "SNTL" }, "geometry": { "type": "Point", "coordinates": [ -121.95232, 46.92833 ] } },
{ "type": "Feature", "properties": { "station_id": "1224", "name": "Mt Baldy", "state": "UT", "county": "Sanpete", "elevation_ft": 9530.0, "latitude": 39.13648, "longitude": -111.50527, "huc": "160300040402", "actonId": null, "shefId": "MTBU1", "beginDate": "2012-10-01 00:00", "endDate": "2100-01-01 00:00", "network": "SNTL" }, "geometry": { "type": "Point", "coordinates": [ -111.50527, 39.13648 ] } },
{ "type": "Feature", "properties": { "station_id": "651", "name": "Mt Hood Test Site", "state": "OR", "county": "Clackamas", "elevation_ft": 5380.0, "latitude": 45.32097, "longitude": -121.7158, "huc": "170800010302", "actonId": null, "shefId": "MTHO3", "beginDate": "1979-10-01 00:00", "endDate": "2100-01-01 00:00", "network": "SNTL" }, "geometry": { "type": "Point", "coordinates": [ -121.7158, 45.32097 ] } },
{ "type": "Feature", "properties": { "station_id": "1269", "name": "Mt Pennell", "state": "UT", "county": "Garfield", "elevation_ft": 9210.0, "latitude": 37.97793, "longitude": -110.7933, "huc": "140700010502", "actonId": null, "shefId": "MPEU1", "beginDate": "2015-10-01 00:00", "endDate": "2100-01-01 00:00", "network": "SNTL" }, "geometry": { "type": "Point", "coordinates": [ -110.7933, 37.97793 ] } },
{ "type": "Feature", "properties": { "station_id": "652", "name": "Mt Rose Ski Area", "state": "NV", "county": "Washoe", "elevation_ft": 8810.0, "latitude": 39.31573, "longitude": -119.89473, "huc": "160501020304", "actonId": null, "shefId": "MRSN2", "beginDate": "1980-10-01 00:00", "endDate": "2100-01-01 00:00", "network": "SNTL" }, "geometry": { "type": "Point", "coordinates": [ -119.89473, 39.31573 ] } },
{ "type": "Feature", "properties": { "station_id": "1103", "name": "Mt. Alyeska", "state": "AK", "county": "Anchorage", "elevation_ft": 1500.0, "latitude": 60.95842, "longitude": -149.08858, "huc": "190203020702", "actonId": null, "shefId": "YESA2", "beginDate": "1971-10-01 00:00", "endDate": "2100-01-01 00:00", "network": "SNTL" }, "geometry": { "type": "Point", "coordinates": [ -149.08858, 60.95842 ] } },
{ "type": "Feature", "properties": { "station_id": "1073", "name": "Mt. Eyak", "state": "AK", "county": "Valdez-Cordova", "elevation_ft": 1450.0, "latitude": 60.55648, "longitude": -145.72201, "huc": "190202010200", "actonId": null, "shefId": "EYKA2", "beginDate": "2004-10-01 00:00", "endDate": "2100-01-01 00:00", "network": "SNTL" }, "geometry": { "type": "Point", "coordinates": [ -145.72201, 60.55648 ] } },
{ "type": "Feature", "properties": { "station_id": "653", "name": "Mt. Howard", "state": "OR", "county": "Wallowa", "elevation_ft": 7840.0, "latitude": 45.26514, "longitude": -117.17377, "huc": "170601050102", "actonId": null, "shefId": "MHWO3", "beginDate": "1979-10-01 00:00", "endDate": "2100-01-01 00:00", "network": "SNTL" }, "geometry": { "type": "Point", "coordinates": [ -117.17377, 45.26514 ] } },
{ "type": "Feature", "properties": { "station_id": "948", "name": "Mt. Ryan", "state": "AK", "county": "Fairbanks North Star", "elevation_ft": 2750.0, "latitude": 65.25113, "longitude": -146.15133, "huc": "190803060404", "actonId": null, "shefId": "MTRA2", "beginDate": "1980-10-01 00:00", "endDate": "2100-01-01 00:00", "network": "SNTL" }, "geometry": { "type": "Point", "coordinates": [ -146.15133, 65.25113 ] } },
{ "type": "Feature", "properties": { "station_id": "1126", "name": "Mt. Tebo", "state": "WA", "county": "Mason", "elevation_ft": 3370.0, "latitude": 47.46061, "longitude": -123.41219, "huc": "171100170101", "actonId": null, "shefId": "TEBW1", "beginDate": "2020-07-08 00:00", "endDate": "2100-01-01 00:00", "network": "SNTL" }, "geometry": { "type": "Point", "coordinates": [ -123.41219, 47.46061 ] } },
{ "type": "Feature", "properties": { "station_id": "1259", "name": "Muckamuck", "state": "WA", "county": "Okanogan", "elevation_ft": 4470.0, "latitude": 48.58526, "longitude": -119.86624, "huc": "170200062001", "actonId": null, "shefId": "MUKW1", "beginDate": "2014-06-10 00:00", "endDate": "2100-01-01 00:00", "network": "SNTL" }, "geometry": { "type": "Point", "coordinates": [ -119.86624, 48.58526 ] } },
{ "type": "Feature", "properties": { "station_id": "654", "name": "Mud Flat", "state": "ID", "county": "Owyhee", "elevation_ft": 5750.0, "latitude": 42.6004, "longitude": -116.55925, "huc": "170501041401", "actonId": null, "shefId": "MDFI1", "beginDate": "1979-10-01 00:00", "endDate": "2100-01-01 00:00", "network": "SNTL" }, "geometry": { "type": "Point", "coordinates": [ -116.55925, 42.6004 ] } },
{ "type": "Feature", "properties": { "station_id": "655", "name": "Mud Ridge", "state": "OR", "county": "Clackamas", "elevation_ft": 4070.0, "latitude": 45.25362, "longitude": -121.73673, "huc": "170800010302", "actonId": null, "shefId": "MUDO3", "beginDate": "1978-10-01 00:00", "endDate": "2100-01-01 00:00", "network": "SNTL" }, "geometry": { "type": "Point", "coordinates": [ -121.73673, 45.25362 ] } },
{ "type": "Feature", "properties": { "station_id": "656", "name": "Mule Creek", "state": "MT", "county": "Beaverhead", "elevation_ft": 8300.0, "latitude": 45.40957, "longitude": -112.95927, "huc": "100200041303", "actonId": null, "shefId": "MULM8", "beginDate": "1977-10-01 00:00", "endDate": "2100-01-01 00:00", "network": "SNTL" }, "geometry": { "type": "Point", "coordinates": [ -112.95927, 45.40957 ] } },
{ "type": "Feature", "properties": { "station_id": "950", "name": "Munson Ridge", "state": "AK", "county": "Fairbanks North Star", "elevation_ft": 3020.0, "latitude": 64.85168, "longitude": -146.21215, "huc": "190803060602", "actonId": null, "shefId": "MSOA2", "beginDate": "1979-10-01 00:00", "endDate": "2100-01-01 00:00", "network": "SNTL" }, "geometry": { "type": "Point", "coordinates": [ -146.21215, 64.85168 ] } },
{ "type": "Feature", "properties": { "station_id": "1053", "name": "Myrtle Creek", "state": "ID", "county": "Boundary", "elevation_ft": 3540.0, "latitude": 48.72263, "longitude": -116.46312, "huc": "170101040701", "actonId": null, "shefId": "MYRI1", "beginDate": "2003-10-01 00:00", "endDate": "2100-01-01 00:00", "network": "SNTL" }, "geometry": { "type": "Point", "coordinates": [ -116.46312, 48.72263 ] } },
{ "type": "Feature", "properties": { "station_id": "657", "name": "N Fk Elk Creek", "state": "MT", "county": "Powell", "elevation_ft": 6180.0, "latitude": 46.8716, "longitude": -113.27725, "huc": "170102031204", "actonId": null, "shefId": "NFEM8", "beginDate": "1967-10-01 00:00", "endDate": "2100-01-01 00:00", "network": "SNTL" }, "geometry": { "type": "Point", "coordinates": [ -113.27725, 46.8716 ] } },
{ "type": "Feature", "properties": { "station_id": "658", "name": "Nast Lake", "state": "CO", "county": "Pitkin", "elevation_ft": 8710.0, "latitude": 39.29695, "longitude": -106.60786, "huc": "140100040504", "actonId": null, "shefId": "NSSC2", "beginDate": "1985-10-01 00:00", "endDate": "2100-01-01 00:00", "network": "SNTL" }, "geometry": { "type": "Point", "coordinates": [ -106.60786, 39.29695 ] } },
{ "type": "Feature", "properties": { "station_id": "1138", "name": "Navajo Whiskey Ck", "state": "NM", "county": "San Juan", "elevation_ft": 9050.0, "latitude": 36.17716, "longitude": -108.94556, "huc": "140802040206", "actonId": null, "shefId": "WCTN5", "beginDate": "2009-05-12 00:00", "endDate": "2100-01-01 00:00", "network": "SNTL" }, "geometry": { "type": "Point", "coordinates": [ -108.94556, 36.17716 ] } },
{ "type": "Feature", "properties": { "station_id": "2081", "name": "Nenana", "state": "AK", "county": "Yukon-Koyukuk", "elevation_ft": 370.0, "latitude": 64.68582, "longitude": -148.9113, "huc": "190803090803", "actonId": null, "shefId": "NESA2", "beginDate": "2002-10-01 00:00", "endDate": "2100-01-01 00:00", "network": "SNTL" }, "geometry": { "type": "Point", "coordinates": [ -148.9113, 64.68582 ] } },
{ "type": "Feature", "properties": { "station_id": "903", "name": "Nevada Ridge", "state": "MT", "county": "Lewis and Clark", "elevation_ft": 7030.0, "latitude": 46.84234, "longitude": -112.50787, "huc": "170102030302", "actonId": null, "shefId": "NVRM8", "beginDate": "1977-10-01 00:00", "endDate": "2100-01-01 00:00", "network": "SNTL" }, "geometry": { "type": "Point", "coordinates": [ -112.50787, 46.84234 ] } },
{ "type": "Feature", "properties": { "station_id": "1031", "name": "Never Summer", "state": "CO", "county": "Jackson", "elevation_ft": 10300.0, "latitude": 40.40392, "longitude": -105.95567, "huc": "101800010401", "actonId": null, "shefId": "NEVC2", "beginDate": "2002-09-01 00:00", "endDate": "2100-01-01 00:00", "network": "SNTL" }, "geometry": { "type": "Point", "coordinates": [ -105.95567, 40.40392 ] } },
{ "type": "Feature", "properties": { "station_id": "660", "name": "New Crescent Lake", "state": "OR", "county": "Klamath", "elevation_ft": 4910.0, "latitude": 43.51185, "longitude": -121.97982, "huc": "170703020205", "actonId": null, "shefId": "NCLO3", "beginDate": "1979-10-01 00:00", "endDate": "2100-01-01 00:00", "network": "SNTL" }, "geometry": { "type": "Point", "coordinates": [ -121.97982, 43.51185 ] } },
{ "type": "Feature", "properties": { "station_id": "661", "name": "New Fork Lake", "state": "WY", "county": "Sublette", "elevation_ft": 8380.0, "latitude": 43.11265, "longitude": -109.94947, "huc": "140401020201", "actonId": null, "shefId": "NFLW4", "beginDate": "1984-10-01 00:00", "endDate": "2100-01-01 00:00", "network": "SNTL" }, "geometry": { "type": "Point", "coordinates": [ -109.94947, 43.11265 ] } },
{ "type": "Feature", "properties": { "station_id": "662", "name": "Nez Perce Camp", "state": "MT", "county": "Ravalli", "elevation_ft": 5670.0, "latitude": 45.73107, "longitude": -114.48075, "huc": "170102050204", "actonId": null, "shefId": "NZCM8", "beginDate": "1967-10-01 00:00", "endDate": "2100-01-01 00:00", "network": "SNTL" }, "geometry": { "type": "Point", "coordinates": [ -114.48075, 45.73107 ] } },
{ "type": "Feature", "properties": { "station_id": "663", "name": "Niwot", "state": "CO", "county": "Boulder", "elevation_ft": 9940.0, "latitude": 40.03581, "longitude": -105.5452, "huc": "101900050401", "actonId": null, "shefId": "NIWC2", "beginDate": "1979-10-01 00:00", "endDate": "2100-01-01 00:00", "network": "SNTL" }, "geometry": { "type": "Point", "coordinates": [ -105.5452, 40.03581 ] } },
{ "type": "Feature", "properties": { "station_id": "664", "name": "Noisy Basin", "state": "MT", "county": "Flathead", "elevation_ft": 6070.0, "latitude": 48.15668, "longitude": -113.9463, "huc": "170102080208", "actonId": null, "shefId": "NOIM8", "beginDate": "1961-04-01 00:00", "endDate": "2100-01-01 00:00", "network": "SNTL" }, "geometry": { "type": "Point", "coordinates": [ -113.9463, 48.15668 ] } },
{ "type": "Feature", "properties": { "station_id": "665", "name": "North Costilla", "state": "NM", "county": "Taos", "elevation_ft": 10570.0, "latitude": 36.99396, "longitude": -105.25988, "huc": "130201010101", "actonId": null, "shefId": "NCSN5", "beginDate": "1978-10-01 00:00", "endDate": "2100-01-01 00:00", "network": "SNTL" }, "geometry": { "type": "Point", "coordinates": [ -105.25988, 36.99396 ] } },
{ "type": "Feature", "properties": { "station_id": "666", "name": "North Fork", "state": "OR", "county": "Multnomah", "elevation_ft": 3070.0, "latitude": 45.5505, "longitude": -122.00283, "huc": "170800010503", "actonId": null, "shefId": "NFRO3", "beginDate": "1978-10-01 00:00", "endDate": "2100-01-01 00:00", "network": "SNTL" }, "geometry": { "type": "Point", "coordinates": [ -122.00283, 45.5505 ] } },
{ "type": "Feature", "properties": { "station_id": "667", "name": "North Fork Jocko", "state": "MT", "county": "Missoula", "elevation_ft": 6110.0, "latitude": 47.27258, "longitude": -113.75631, "huc": "170102120702", "actonId": null, "shefId": "NFJM8", "beginDate": "1961-04-01 00:00", "endDate": "2100-01-01 00:00", "network": "SNTL" }, "geometry": { "type": "Point", "coordinates": [ -113.75631, 47.27258 ] } },
{ "type": "Feature", "properties": { "station_id": "668", "name": "North French Creek", "state": "WY", "county": "Carbon", "elevation_ft": 10150.0, "latitude": 41.33087, "longitude": -106.37558, "huc": "101800020502", "actonId": null, "shefId": "NFCW4", "beginDate": "1962-09-01 00:00", "endDate": "2100-01-01 00:00", "network": "SNTL" }, "geometry": { "type": "Point", "coordinates": [ -106.37558, 41.33087 ] } },
{ "type": "Feature", "properties": { "station_id": "669", "name": "North Lost Trail", "state": "CO", "county": "Gunnison", "elevation_ft": 9190.0, "latitude": 39.07818, "longitude": -107.14388, "huc": "140100040703", "actonId": null, "shefId": "NLSC2", "beginDate": "1984-10-01 00:00", "endDate": "2100-01-01 00:00", "network": "SNTL" }, "geometry": { "type": "Point", "coordinates": [ -107.14388, 39.07818 ] } },
{ "type": "Feature", "properties": { "station_id": "920", "name": "North Rapid Creek", "state": "SD", "county": "Lawrence", "elevation_ft": 6150.0, "latitude": 44.20617, "longitude": -103.78758, "huc": "101201100101", "actonId": null, "shefId": "NRPS2", "beginDate": "1996-08-09 00:00", "endDate": "2100-01-01 00:00", "network": "SNTL" }, "geometry": { "type": "Point", "coordinates": [ -103.78758, 44.20617 ] } },
{ "type": "Feature", "properties": { "station_id": "670", "name": "Northeast Entrance", "state": "MT", "county": "Park", "elevation_ft": 7420.0, "latitude": 45.00568, "longitude": -110.01411, "huc": "100700010602", "actonId": null, "shefId": "NORM8", "beginDate": "1937-10-01 00:00", "endDate": "2100-01-01 00:00", "network": "SNTL" }, "geometry": { "type": "Point", "coordinates": [ -110.01411, 45.00568 ] } },
{ "type": "Feature", "properties": { "station_id": "1037", "name": "Nuka Glacier", "state": "AK", "county": "Kenai Peninsula", "elevation_ft": 1230.0, "latitude": 59.69804, "longitude": -150.71163, "huc": "190203011101", "actonId": null, "shefId": "NUKA2", "beginDate": "1989-10-01 00:00", "endDate": "2100-01-01 00:00", "network": "SNTL" }, "geometry": { "type": "Point", "coordinates": [ -150.71163, 59.69804 ] } },
{ "type": "Feature", "properties": { "station_id": "1127", "name": "Nutrioso", "state": "AZ", "county": "Apache", "elevation_ft": 8550.0, "latitude": 33.89791, "longitude": -109.15465, "huc": "150400040301", "actonId": null, "shefId": "NUTA3", "beginDate": "2008-06-02 00:00", "endDate": "2100-01-01 00:00", "network": "SNTL" }, "geometry": { "type": "Point", "coordinates": [ -109.15465, 33.89791 ] } },
{ "type": "Feature", "properties": { "station_id": "1146", "name": "Oak Creek", "state": "UT", "county": "Millard", "elevation_ft": 7840.0, "latitude": 39.3485, "longitude": -112.192, "huc": "160300051503", "actonId": null, "shefId": "OARU1", "beginDate": "2010-10-01 00:00", "endDate": "2100-01-01 00:00", "network": "SNTL" }, "geometry": { "type": "Point", "coordinates": [ -112.192, 39.3485 ] } },
{ "type": "Feature", "properties": { "station_id": "671", "name": "Ochoco Meadows", "state": "OR", "county": "Crook", "elevation_ft": 5430.0, "latitude": 44.42917, "longitude": -120.3311, "huc": "170703050201", "actonId": null, "shefId": "OCMO3", "beginDate": "1979-10-01 00:00", "endDate": "2100-01-01 00:00", "network": "SNTL" }, "geometry": { "type": "Point", "coordinates": [ -120.3311, 44.42917 ] } },
{ "type": "Feature", "properties": { "station_id": "672", "name": "Olallie Meadows", "state": "WA", "county": "King", "elevation_ft": 4010.0, "latitude": 47.37406, "longitude": -121.44213, "huc": "171100100301", "actonId": null, "shefId": "OMWW1", "beginDate": "1979-10-01 00:00", "endDate": "2100-01-01 00:00", "network": "SNTL" }, "geometry": { "type": "Point", "coordinates": [ -121.44213, 47.37406 ] } },
{ "type": "Feature", "properties": { "station_id": "673", "name": "Old Battle", "state": "WY", "county": "Carbon", "elevation_ft": 9850.0, "latitude": 41.15426, "longitude": -106.96926, "huc": "101800020901", "actonId": null, "shefId": "OLDW4", "beginDate": "1962-09-01 00:00", "endDate": "2100-01-17 00:00", "network": "SNTL" }, "geometry": { "type": "Point", "coordinates": [ -106.96926, 41.15426 ] } },
{ "type": "Feature", "properties": { "station_id": "1315", "name": "Old Independence Mine", "state": "AK", "county": "Matanuska-Susitna", "elevation_ft": 3450.0, "latitude": 61.79054, "longitude": -149.28178, "huc": "190205051202", "actonId": null, "shefId": null, "beginDate": "1997-10-01 00:00", "endDate": "2021-09-30 23:59", "network": "SNTL" }, "geometry": { "type": "Point", "coordinates": [ -149.28178, 61.79054 ] } },
{ "type": "Feature", "properties": { "station_id": "1272", "name": "ONeil Creek", "state": "NV", "county": "Elko", "elevation_ft": 6490.0, "latitude": 41.86411, "longitude": -115.08251, "huc": "170402130106", "actonId": null, "shefId": "ONLN2", "beginDate": "2018-06-07 00:00", "endDate": "2100-01-01 00:00", "network": "SNTL" }, "geometry": { "type": "Point", "coordinates": [ -115.08251, 41.86411 ] } },
{ "type": "Feature", "properties": { "station_id": "1008", "name": "Onion Park", "state": "MT", "county": "Meagher", "elevation_ft": 7420.0, "latitude": 46.91348, "longitude": -110.8536, "huc": "100301030801", "actonId": null, "shefId": "ONPM8", "beginDate": "1992-10-01 00:00", "endDate": "2100-01-01 00:00", "network": "SNTL" }, "geometry": { "type": "Point", "coordinates": [ -110.8536, 46.91348 ] } },
{ "type": "Feature", "properties": { "station_id": "675", "name": "Overland Res.", "state": "CO", "county": "Delta", "elevation_ft": 9890.0, "latitude": 39.09035, "longitude": -107.63583, "huc": "140200040101", "actonId": null, "shefId": "OVRC2", "beginDate": "1988-10-01 00:00", "endDate": "2100-01-01 00:00", "network": "SNTL" }, "geometry": { "type": "Point", "coordinates": [ -107.63583, 39.09035 ] } },
{ "type": "Feature", "properties": { "station_id": "676", "name": "Owl Creek", "state": "WY", "county": "Hot Springs", "elevation_ft": 8990.0, "latitude": 43.65868, "longitude": -109.00988, "huc": "100800070103", "actonId": null, "shefId": "OLWW4", "beginDate": "1979-10-01 00:00", "endDate": "2100-01-01 00:00", "network": "SNTL" }, "geometry": { "type": "Point", "coordinates": [ -109.00988, 43.65868 ] } },
{ "type": "Feature", "properties": { "station_id": "677", "name": "Oxford Spring", "state": "ID", "county": "Oneida", "elevation_ft": 6790.0, "latitude": 42.26024, "longitude": -112.12523, "huc": "160102040206", "actonId": null, "shefId": "OXSI1", "beginDate": "1979-10-01 00:00", "endDate": "2100-01-01 00:00", "network": "SNTL" }, "geometry": { "type": "Point", "coordinates": [ -112.12523, 42.26024 ] } },
{ "type": "Feature", "properties": { "station_id": "784", "name": "Palisades Tahoe", "state": "CA", "county": "Placer", "elevation_ft": 8010.0, "latitude": 39.18986, "longitude": -120.26576, "huc": "160501020202", "actonId": null, "shefId": "SQWC1", "beginDate": "1979-10-01 00:00", "endDate": "2100-01-01 00:00", "network": "SNTL" }, "geometry": { "type": "Point", "coordinates": [ -120.26576, 39.18986 ] } },
{ "type": "Feature", "properties": { "station_id": "1170", "name": "Palo", "state": "NM", "county": "Taos", "elevation_ft": 9330.0, "latitude": 36.40869, "longitude": -105.33038, "huc": "130201010601", "actonId": null, "shefId": "TACN5", "beginDate": "2010-08-09 00:00", "endDate": "2100-01-01 00:00", "network": "SNTL" }, "geometry": { "type": "Point", "coordinates": [ -105.33038, 36.40869 ] } },
{ "type": "Feature", "properties": { "station_id": "1148", "name": "Panguitch Lake RS", "state": "UT", "county": "Garfield", "elevation_ft": 8300.0, "latitude": 37.70463, "longitude": -112.65037, "huc": "160300010402", "actonId": null, "shefId": "PGLU1", "beginDate": "2014-10-01 00:00", "endDate": "2100-01-01 00:00", "network": "SNTL" }, "geometry": { "type": "Point", "coordinates": [ -112.65037, 37.70463 ] } },
{ "type": "Feature", "properties": { "station_id": "679", "name": "Paradise", "state": "WA", "county": "Pierce", "elevation_ft": 5150.0, "latitude": 46.78266, "longitude": -121.74767, "huc": "171100150104", "actonId": null, "shefId": "AFSW1", "beginDate": "1979-10-01 00:00", "endDate": "2100-01-01 00:00", "network": "SNTL" }, "geometry": { "type": "Point", "coordinates": [ -121.74767, 46.78266 ] } },
{ "type": "Feature", "properties": { "station_id": "1301", "name": "Paradise Hill", "state": "AK", "county": "Southeast Fairbanks", "elevation_ft": 2010.0, "latitude": 62.83329, "longitude": -141.40918, "huc": "190803010807", "actonId": null, "shefId": "SPHA2", "beginDate": "2021-07-21 00:00", "endDate": "2100-01-01 00:00", "network": "SNTL" }, "geometry": { "type": "Point", "coordinates": [ -141.40918, 62.83329 ] } },
{ "type": "Feature", "properties": { "station_id": "986", "name": "Pargon Creek", "state": "AK", "county": "Nome", "elevation_ft": 90.0, "latitude": 64.99619, "longitude": -163.10514, "huc": "190501040905", "actonId": null, "shefId": "PCRA2", "beginDate": "1999-10-01 00:00", "endDate": "2100-01-01 00:00", "network": "SNTL" }, "geometry": { "type": "Point", "coordinates": [ -163.10514, 64.99619 ] } },
{ "type": "Feature", "properties": { "station_id": "680", "name": "Park Cone", "state": "CO", "county": "Gunnison", "elevation_ft": 9600.0, "latitude": 38.81982, "longitude": -106.58962, "huc": "140200010107", "actonId": null, "shefId": "PKCC2", "beginDate": "1979-10-01 00:00", "endDate": "2100-01-01 00:00", "network": "SNTL" }, "geometry": { "type": "Point", "coordinates": [ -106.58962, 38.81982 ] } },
{ "type": "Feature", "properties": { "station_id": "681", "name": "Park Creek Ridge", "state": "WA", "county": "Chelan", "elevation_ft": 4610.0, "latitude": 48.44488, "longitude": -120.91551, "huc": "170200090106", "actonId": null, "shefId": "PCRW1", "beginDate": "1978-10-01 00:00", "endDate": "2100-01-01 00:00", "network": "SNTL" }, "geometry": { "type": "Point", "coordinates": [ -120.91551, 48.44488 ] } },
{ "type": "Feature", "properties": { "station_id": "682", "name": "Park Reservoir", "state": "CO", "county": "Delta", "elevation_ft": 9990.0, "latitude": 39.04433, "longitude": -107.87951, "huc": "140200050111", "actonId": null, "shefId": "PRVC2", "beginDate": "1978-10-01 00:00", "endDate": "2100-01-01 00:00", "network": "SNTL" }, "geometry": { "type": "Point", "coordinates": [ -107.87951, 39.04433 ] } },
{ "type": "Feature", "properties": { "station_id": "683", "name": "Parker Peak", "state": "WY", "county": "Park", "elevation_ft": 9420.0, "latitude": 44.73396, "longitude": -109.91484, "huc": "100700010502", "actonId": null, "shefId": "PRKW4", "beginDate": "1979-10-01 00:00", "endDate": "2100-01-01 00:00", "network": "SNTL" }, "geometry": { "type": "Point", "coordinates": [ -109.91484, 44.73396 ] } },
{ "type": "Feature", "properties": { "station_id": "684", "name": "Parleys Summit", "state": "UT", "county": "Summit", "elevation_ft": 7590.0, "latitude": 40.76184, "longitude": -111.62917, "huc": "160201020103", "actonId": null, "shefId": "PSUU1", "beginDate": "1978-10-01 00:00", "endDate": "2100-01-01 00:00", "network": "SNTL" }, "geometry": { "type": "Point", "coordinates": [ -111.62917, 40.76184 ] } },
{ "type": "Feature", "properties": { "station_id": "856", "name": "Parleys Upper", "state": "UT", "county": "Salt Lake", "elevation_ft": 8330.0, "latitude": 40.70194, "longitude": -111.60619, "huc": "160202040302", "actonId": null, "shefId": null, "beginDate": "2019-08-21 00:00", "endDate": "2100-01-01 00:00", "network": "SNTL" }, "geometry": { "type": "Point", "coordinates": [ -111.60619, 40.70194 ] } },
{ "type": "Feature", "properties": { "station_id": "971", "name": "Parrish Creek", "state": "UT", "county": "Davis", "elevation_ft": 7760.0, "latitude": 40.93417, "longitude": -111.81372, "huc": "160201020501", "actonId": null, "shefId": "PCRU1", "beginDate": "1999-10-01 00:00", "endDate": "2100-01-01 00:00", "network": "SNTL" }, "geometry": { "type": "Point", "coordinates": [ -111.81372, 40.93417 ] } },
{ "type": "Feature", "properties": { "station_id": "686", "name": "Payson R.S.", "state": "UT", "county": "Utah", "elevation_ft": 8050.0, "latitude": 39.92976, "longitude": -111.63109, "huc": "160202020601", "actonId": null, "shefId": "PYSU1", "beginDate": "1980-06-17 00:00", "endDate": "2100-01-01 00:00", "network": "SNTL" }, "geometry": { "type": "Point", "coordinates": [ -111.63109, 39.92976 ] } },
{ "type": "Feature", "properties": { "station_id": "687", "name": "Peavine Ridge", "state": "OR", "county": "Clackamas", "elevation_ft": 3420.0, "latitude": 45.04148, "longitude": -121.93252, "huc": "170900110306", "actonId": null, "shefId": "PVRO3", "beginDate": "1979-10-01 00:00", "endDate": "2100-01-01 00:00", "network": "SNTL" }, "geometry": { "type": "Point", "coordinates": [ -121.93252, 45.04148 ] } },
{ "type": "Feature", "properties": { "station_id": "1299", "name": "Pebble Creek", "state": "ID", "county": "Caribou", "elevation_ft": 6520.0, "latitude": 42.7674, "longitude": -112.10648, "huc": "170402080206", "actonId": null, "shefId": "PEBI1", "beginDate": "2021-06-17 00:00", "endDate": "2100-01-01 00:00", "network": "SNTL" }, "geometry": { "type": "Point", "coordinates": [ -112.10648, 42.7674 ] } },
{ "type": "Feature", "properties": { "station_id": "1104", "name": "Pepper Creek", "state": "WA", "county": "Skamania", "elevation_ft": 2140.0, "latitude": 46.10242, "longitude": -121.95555, "huc": "170800020111", "actonId": null, "shefId": "PPCW1", "beginDate": "2007-08-15 00:00", "endDate": "2100-01-01 00:00", "network": "SNTL" }, "geometry": { "type": "Point", "coordinates": [ -121.95555, 46.10242 ] } },
{ "type": "Feature", "properties": { "station_id": "930", "name": "Peterson Meadows", "state": "MT", "county": "Granite", "elevation_ft": 7190.0, "latitude": 46.12588, "longitude": -113.30792, "huc": "170102020101", "actonId": null, "shefId": "PTNM8", "beginDate": "1965-10-01 00:00", "endDate": "2100-01-01 00:00", "network": "SNTL" }, "geometry": { "type": "Point", "coordinates": [ -113.30792, 46.12588 ] } },
{ "type": "Feature", "properties": { "station_id": "688", "name": "Phantom Valley", "state": "CO", "county": "Grand", "elevation_ft": 9030.0, "latitude": 40.39803, "longitude": -105.84606, "huc": "140100010302", "actonId": null, "shefId": "PHTC2", "beginDate": "1979-10-01 00:00", "endDate": "2100-01-01 00:00", "network": "SNTL" }, "geometry": { "type": "Point", "coordinates": [ -105.84606, 40.39803 ] } },
{ "type": "Feature", "properties": { "station_id": "689", "name": "Phillips Bench", "state": "WY", "county": "Teton", "elevation_ft": 8160.0, "latitude": 43.51687, "longitude": -110.91258, "huc": "170401030504", "actonId": null, "shefId": "PHBW4", "beginDate": "1976-03-01 00:00", "endDate": "2100-01-01 00:00", "network": "SNTL" }, "geometry": { "type": "Point", "coordinates": [ -110.91258, 43.51687 ] } },
{ "type": "Feature", "properties": { "station_id": "690", "name": "Pickfoot Creek", "state": "MT", "county": "Meagher", "elevation_ft": 6680.0, "latitude": 46.57969, "longitude": -111.26812, "huc": "100301030501", "actonId": null, "shefId": "PCKM8", "beginDate": "1977-06-01 00:00", "endDate": "2100-01-01 00:00", "network": "SNTL" }, "geometry": { "type": "Point", "coordinates": [ -111.26812, 46.57969 ] } },
{ "type": "Feature", "properties": { "station_id": "691", "name": "Pickle Keg", "state": "UT", "county": "Sevier", "elevation_ft": 9010.0, "latitude": 39.01219, "longitude": -111.58259, "huc": "160300030402", "actonId": null, "shefId": "PKLU1", "beginDate": "1978-10-01 00:00", "endDate": "2100-01-01 00:00", "network": "SNTL" }, "geometry": { "type": "Point", "coordinates": [ -111.58259, 39.01219 ] } },
{ "type": "Feature", "properties": { "station_id": "1142", "name": "Pierce R.S.", "state": "ID", "county": "Clearwater", "elevation_ft": 3080.0, "latitude": 46.49597, "longitude": -115.7957, "huc": "170603060401", "actonId": null, "shefId": "PRNI1", "beginDate": "2009-09-29 00:00", "endDate": "2100-01-01 00:00", "network": "SNTL" }, "geometry": { "type": "Point", "coordinates": [ -115.7957, 46.49597 ] } },
{ "type": "Feature", "properties": { "station_id": "692", "name": "Pigtail Peak", "state": "WA", "county": "Yakima", "elevation_ft": 5800.0, "latitude": 46.62153, "longitude": -121.38643, "huc": "170300020301", "actonId": null, "shefId": "PGPW1", "beginDate": "1979-10-01 00:00", "endDate": "2100-01-01 00:00", "network": "SNTL" }, "geometry": { "type": "Point", "coordinates": [ -121.38643, 46.62153 ] } },
{ "type": "Feature", "properties": { "station_id": "693", "name": "Pike Creek", "state": "MT", "county": "Pondera", "elevation_ft": 5930.0, "latitude": 48.30305, "longitude": -113.32868, "huc": "100302010103", "actonId": null, "shefId": "PICM8", "beginDate": "1960-10-01 00:00", "endDate": "2100-01-01 00:00", "network": "SNTL" }, "geometry": { "type": "Point", "coordinates": [ -113.32868, 48.30305 ] } },
{ "type": "Feature", "properties": { "station_id": "1327", "name": "Pilgrim Hot Springs", "state": "AK", "county": "Nome", "elevation_ft": 20.0, "latitude": 65.09455, "longitude": -164.92472, "huc": "190501050702", "actonId": null, "shefId": "PHSA2", "beginDate": "2024-07-27 00:00", "endDate": "2100-01-01 00:00", "network": "SNTL" }, "geometry": { "type": "Point", "coordinates": [ -164.92472, 65.09455 ] } },
{ "type": "Feature", "properties": { "station_id": "694", "name": "Pine Creek", "state": "UT", "county": "Millard", "elevation_ft": 8720.0, "latitude": 38.88185, "longitude": -112.24915, "huc": "160300051307", "actonId": null, "shefId": "PCKU1", "beginDate": "1985-02-13 00:00", "endDate": "2100-01-01 00:00", "network": "SNTL" }, "geometry": { "type": "Point", "coordinates": [ -112.24915, 38.88185 ] } },
{ "type": "Feature", "properties": { "station_id": "695", "name": "Pine Creek Pass", "state": "ID", "county": "Teton", "elevation_ft": 6710.0, "latitude": 43.56998, "longitude": -111.21157, "huc": "170402040101", "actonId": null, "shefId": "PCPI1", "beginDate": "1988-10-01 00:00", "endDate": "2100-01-01 00:00", "network": "SNTL" }, "geometry": { "type": "Point", "coordinates": [ -111.21157, 43.56998 ] } },
{ "type": "Feature", "properties": { "station_id": "1263", "name": "Pinto Rock", "state": "WA", "county": "Skamania", "elevation_ft": 4450.0, "latitude": 46.32318, "longitude": -121.94219, "huc": "170800040405", "actonId": null, "shefId": "PINW1", "beginDate": "2014-10-01 00:00", "endDate": "2100-01-01 00:00", "network": "SNTL" }, "geometry": { "type": "Point", "coordinates": [ -121.94219, 46.32318 ] } },
{ "type": "Feature", "properties": { "station_id": "696", "name": "Placer Basin", "state": "MT", "county": "Sweet Grass", "elevation_ft": 8790.0, "latitude": 45.41905, "longitude": -110.08844, "huc": "100700020701", "actonId": null, "shefId": "PLCM8", "beginDate": "1976-10-01 00:00", "endDate": "2100-01-01 00:00", "network": "SNTL" }, "geometry": { "type": "Point", "coordinates": [ -110.08844, 45.41905 ] } },
{ "type": "Feature", "properties": { "station_id": "1133", "name": "Pocket Creek", "state": "WY", "county": "Sublette", "elevation_ft": 9370.0, "latitude": 42.7121, "longitude": -109.4112, "huc": "140401020505", "actonId": null, "shefId": "PKCW4", "beginDate": "2009-09-10 11:00", "endDate": "2100-01-01 00:00", "network": "SNTL" }, "geometry": { "type": "Point", "coordinates": [ -109.4112, 42.7121 ] } },
{ "type": "Feature", "properties": { "station_id": "1002", "name": "Point Mackenzie", "state": "AK", "county": "Matanuska-Susitna", "elevation_ft": 220.0, "latitude": 61.38949, "longitude": -150.02189, "huc": "190204010805", "actonId": null, "shefId": "PTMA2", "beginDate": "1983-10-01 00:00", "endDate": "2015-08-28 00:00", "network": "SNTL" }, "geometry": { "type": "Point", "coordinates": [ -150.02189, 61.38949 ] } },
{ "type": "Feature", "properties": { "station_id": "697", "name": "Poison Flat", "state": "CA", "county": "Alpine", "elevation_ft": 7730.0, "latitude": 38.50576, "longitude": -119.62624, "huc": "160502010102", "actonId": null, "shefId": "XXXC1", "beginDate": "1980-10-01 00:00", "endDate": "2100-01-01 00:00", "network": "SNTL" }, "geometry": { "type": "Point", "coordinates": [ -119.62624, 38.50576 ] } },
{ "type": "Feature", "properties": { "station_id": "1244", "name": "Pole Canyon", "state": "NV", "county": "Elko", "elevation_ft": 7760.0, "latitude": 40.86293, "longitude": -115.12067, "huc": "160600071101", "actonId": null, "shefId": "POLN2", "beginDate": "2013-10-01 00:00", "endDate": "2100-01-01 00:00", "network": "SNTL" }, "geometry": { "type": "Point", "coordinates": [ -115.12067, 40.86293 ] } },
{ "type": "Feature", "properties": { "station_id": "698", "name": "Pole Creek R.S.", "state": "NV", "county": "Elko", "elevation_ft": 8360.0, "latitude": 41.87255, "longitude": -115.24713, "huc": "170501021002", "actonId": null, "shefId": "PRSN2", "beginDate": "1977-02-01 00:00", "endDate": "2100-01-01 00:00", "network": "SNTL" }, "geometry": { "type": "Point", "coordinates": [ -115.24713, 41.87255 ] } },
{ "type": "Feature", "properties": { "station_id": "932", "name": "Poorman Creek", "state": "MT", "county": "Lincoln", "elevation_ft": 5050.0, "latitude": 48.12632, "longitude": -115.6234, "huc": "170101011301", "actonId": null, "shefId": "PMNM8", "beginDate": "1968-10-01 00:00", "endDate": "2100-01-01 00:00", "network": "SNTL" }, "geometry": { "type": "Point", "coordinates": [ -115.6234, 48.12632 ] } },
{ "type": "Feature", "properties": { "station_id": "699", "name": "Pope Ridge", "state": "WA", "county": "Chelan", "elevation_ft": 3600.0, "latitude": 47.9909, "longitude": -120.56622, "huc": "170200100204", "actonId": null, "shefId": "PPRW1", "beginDate": "1979-10-01 00:00", "endDate": "2100-01-01 00:00", "network": "SNTL" }, "geometry": { "type": "Point", "coordinates": [ -120.56622, 47.9909 ] } },
{ "type": "Feature", "properties": { "station_id": "700", "name": "Porcupine", "state": "MT", "county": "Park", "elevation_ft": 6480.0, "latitude": 46.11192, "longitude": -110.4696, "huc": "100700030303", "actonId": null, "shefId": "PRPM8", "beginDate": "1975-10-01 00:00", "endDate": "2100-01-01 00:00", "network": "SNTL" }, "geometry": { "type": "Point", "coordinates": [ -110.4696, 46.11192 ] } },
{ "type": "Feature", "properties": { "station_id": "701", "name": "Porphyry Creek", "state": "CO", "county": "Gunnison", "elevation_ft": 10790.0, "latitude": 38.48864, "longitude": -106.33967, "huc": "140200030105", "actonId": null, "shefId": "PRPC2", "beginDate": "1978-10-01 00:00", "endDate": "2100-01-01 00:00", "network": "SNTL" }, "geometry": { "type": "Point", "coordinates": [ -106.33967, 38.48864 ] } },
{ "type": "Feature", "properties": { "station_id": "987", "name": "Port Graham", "state": "AK", "county": "Kenai Peninsula", "elevation_ft": 270.0, "latitude": 59.35065, "longitude": -151.84768, "huc": "190203011208", "actonId": null, "shefId": "PGRA2", "beginDate": "1999-10-01 00:00", "endDate": "2100-01-01 00:00", "network": "SNTL" }, "geometry": { "type": "Point", "coordinates": [ -151.84768, 59.35065 ] } },
{ "type": "Feature", "properties": { "station_id": "2170", "name": "Porter Canyon", "state": "NV", "county": "Lander", "elevation_ft": 7190.0, "latitude": 39.46544, "longitude": -117.62069, "huc": "160600020102", "actonId": null, "shefId": "PRTN2", "beginDate": "2009-10-22 00:00", "endDate": "2100-01-01 00:00", "network": "SNTL" }, "geometry": { "type": "Point", "coordinates": [ -117.62069, 39.46544 ] } },
{ "type": "Feature", "properties": { "station_id": "702", "name": "Potato Hill", "state": "WA", "county": "Yakima", "elevation_ft": 4480.0, "latitude": 46.3497, "longitude": -121.51415, "huc": "170800040303", "actonId": null, "shefId": "PTHW1", "beginDate": "1980-10-01 00:00", "endDate": "2100-01-01 00:00", "network": "SNTL" }, "geometry": { "type": "Point", "coordinates": [ -121.51415, 46.3497 ] } },
{ "type": "Feature", "properties": { "station_id": "1300", "name": "Powder Mountain", "state": "UT", "county": "Cache", "elevation_ft": 8490.0, "latitude": 41.37428, "longitude": -111.76673, "huc": "160102030102", "actonId": null, "shefId": null, "beginDate": "2021-07-08 00:00", "endDate": "2100-01-01 00:00", "network": "SNTL" }, "geometry": { "type": "Point", "coordinates": [ -111.76673, 41.37428 ] } },
{ "type": "Feature", "properties": { "station_id": "703", "name": "Powder River Pass", "state": "WY", "county": "Johnson", "elevation_ft": 9480.0, "latitude": 44.16188, "longitude": -107.12622, "huc": "100800080304", "actonId": null, "shefId": "PWDW4", "beginDate": "1949-10-01 00:00", "endDate": "2100-01-01 00:00", "network": "SNTL" }, "geometry": { "type": "Point", "coordinates": [ -107.12622, 44.16188 ] } },
{ "type": "Feature", "properties": { "station_id": "704", "name": "Prairie", "state": "ID", "county": "Elmore", "elevation_ft": 4800.0, "latitude": 43.50513, "longitude": -115.573, "huc": "170501131103", "actonId": null, "shefId": "PRAI1", "beginDate": "1979-10-01 00:00", "endDate": "2100-01-01 00:00", "network": "SNTL" }, "geometry": { "type": "Point", "coordinates": [ -115.573, 43.50513 ] } },
{ "type": "Feature", "properties": { "station_id": "705", "name": "Promontory", "state": "AZ", "county": "Coconino", "elevation_ft": 7930.0, "latitude": 34.36848, "longitude": -111.01088, "huc": "150200080306", "actonId": null, "shefId": "PROA3", "beginDate": "1979-10-01 00:00", "endDate": "2100-01-01 00:00", "network": "SNTL" }, "geometry": { "type": "Point", "coordinates": [ -111.01088, 34.36848 ] } },
{ "type": "Feature", "properties": { "station_id": "1177", "name": "Prudhoe Bay", "state": "AK", "county": "North Slope", "elevation_ft": 50.0, "latitude": 70.28062, "longitude": -148.89778, "huc": "190604010102", "actonId": null, "shefId": "PRBA2", "beginDate": "2002-10-01 00:00", "endDate": "2100-01-01 00:00", "network": "SNTL" }, "geometry": { "type": "Point", "coordinates": [ -148.89778, 70.28062 ] } },
{ "type": "Feature", "properties": { "station_id": "782", "name": "Puhi Flat", "state": "ID", "county": "Adams", "elevation_ft": 6240.0, "latitude": 44.77091, "longitude": -116.24805, "huc": "170501240401", "actonId": null, "shefId": "SQFI1", "beginDate": "1979-10-01 00:00", "endDate": "2100-01-01 00:00", "network": "SNTL" }, "geometry": { "type": "Point", "coordinates": [ -116.24805, 44.77091 ] } },
{ "type": "Feature", "properties": { "station_id": "706", "name": "Quartz Mountain", "state": "OR", "county": "Lake", "elevation_ft": 5710.0, "latitude": 42.31923, "longitude": -120.82533, "huc": "180102020404", "actonId": null, "shefId": "QRMO3", "beginDate": "1979-10-01 00:00", "endDate": "2100-01-01 00:00", "network": "SNTL" }, "geometry": { "type": "Point", "coordinates": [ -120.82533, 42.31923 ] } },
{ "type": "Feature", "properties": { "station_id": "707", "name": "Quartz Peak", "state": "WA", "county": "Spokane", "elevation_ft": 4710.0, "latitude": 47.87927, "longitude": -117.08938, "huc": "170103080302", "actonId": null, "shefId": "QUPW1", "beginDate": "1985-10-01 00:00", "endDate": "2100-01-01 00:00", "network": "SNTL" }, "geometry": { "type": "Point", "coordinates": [ -117.08938, 47.87927 ] } },
{ "type": "Feature", "properties": { "station_id": "708", "name": "Quemazon", "state": "NM", "county": "Los Alamos", "elevation_ft": 9490.0, "latitude": 35.92195, "longitude": -106.39179, "huc": "130201011303", "actonId": null, "shefId": "QMZN5", "beginDate": "1979-10-01 00:00", "endDate": "2100-01-01 00:00", "network": "SNTL" }, "geometry": { "type": "Point", "coordinates": [ -106.39179, 35.92195 ] } },
{ "type": "Feature", "properties": { "station_id": "709", "name": "Rabbit Ears", "state": "CO", "county": "Routt", "elevation_ft": 9390.0, "latitude": 40.36735, "longitude": -106.74118, "huc": "140500010402", "actonId": null, "shefId": "RESC2", "beginDate": "1985-10-01 00:00", "endDate": "2100-01-01 00:00", "network": "SNTL" }, "geometry": { "type": "Point", "coordinates": [ -106.74118, 40.36735 ] } },
{ "type": "Feature", "properties": { "station_id": "1081", "name": "Ragged Mountain", "state": "ID", "county": "Kootenai", "elevation_ft": 4210.0, "latitude": 47.85583, "longitude": -117.03667, "huc": "170103050302", "actonId": null, "shefId": "RAGI1", "beginDate": "2006-08-22 00:00", "endDate": "2100-01-01 00:00", "network": "SNTL" }, "geometry": { "type": "Point", "coordinates": [ -117.03667, 47.85583 ] } },
{ "type": "Feature", "properties": { "station_id": "710", "name": "Railroad Overpass", "state": "OR", "county": "Lane", "elevation_ft": 2680.0, "latitude": 43.65887, "longitude": -122.21272, "huc": "170900010302", "actonId": null, "shefId": "RROO3", "beginDate": "1980-10-01 00:00", "endDate": "2100-01-01 00:00", "network": "SNTL" }, "geometry": { "type": "Point", "coordinates": [ -122.21272, 43.65887 ] } },
{ "type": "Feature", "properties": { "station_id": "1110", "name": "Rainbow Canyon", "state": "NV", "county": "Clark", "elevation_ft": 7840.0, "latitude": 36.2493, "longitude": -115.62972, "huc": "150100150301", "actonId": null, "shefId": "RACN2", "beginDate": "2008-10-01 00:00", "endDate": "2100-01-01 00:00", "network": "SNTL" }, "geometry": { "type": "Point", "coordinates": [ -115.62972, 36.2493 ] } },
{ "type": "Feature", "properties": { "station_id": "711", "name": "Rainy Pass", "state": "WA", "county": "Chelan", "elevation_ft": 4880.0, "latitude": 48.51865, "longitude": -120.7358, "huc": "171100050503", "actonId": null, "shefId": "RAIW1", "beginDate": "1979-10-01 00:00", "endDate": "2100-01-01 00:00", "network": "SNTL" }, "geometry": { "type": "Point", "coordinates": [ -120.7358, 48.51865 ] } },
{ "type": "Feature", "properties": { "station_id": "1324", "name": "Rat Creek", "state": "CO", "county": "Mineral", "elevation_ft": 11680.0, "latitude": 37.93571, "longitude": -106.98192, "huc": "130100010602", "actonId": null, "shefId": null, "beginDate": "2024-08-26 00:00", "endDate": "2100-01-01 00:00", "network": "SNTL" }, "geometry": { "type": "Point", "coordinates": [ -106.98192, 37.93571 ] } },
{ "type": "Feature", "properties": { "station_id": "1032", "name": "Rawah", "state": "CO", "county": "Jackson", "elevation_ft": 9100.0, "latitude": 40.70794, "longitude": -106.00727, "huc": "101800010603", "actonId": null, "shefId": "RAWC2", "beginDate": "2002-09-01 00:00", "endDate": "2100-01-01 00:00", "network": "SNTL" }, "geometry": { "type": "Point", "coordinates": [ -106.00727, 40.70794 ] } },
{ "type": "Feature", "properties": { "station_id": "712", "name": "Red Hill", "state": "OR", "county": "Hood River", "elevation_ft": 4410.0, "latitude": 45.4643, "longitude": -121.70428, "huc": "170701050505", "actonId": null, "shefId": "REDO3", "beginDate": "1978-10-01 00:00", "endDate": "2100-01-01 00:00", "network": "SNTL" }, "geometry": { "type": "Point", "coordinates": [ -121.70428, 45.4643 ] } },
{ "type": "Feature", "properties": { "station_id": "713", "name": "Red Mountain Pass", "state": "CO", "county": "San Juan", "elevation_ft": 11050.0, "latitude": 37.89168, "longitude": -107.71389, "huc": "140801040103", "actonId": null, "shefId": "RMPC2", "beginDate": "1979-10-01 00:00", "endDate": "2100-01-01 00:00", "network": "SNTL" }, "geometry": { "type": "Point", "coordinates": [ -107.71389, 37.89168 ] } },
{ "type": "Feature", "properties": { "station_id": "714", "name": "Red Pine Ridge", "state": "UT", "county": "Emery", "elevation_ft": 8990.0, "latitude": 39.45197, "longitude": -111.27221, "huc": "140600090202", "actonId": null, "shefId": "RPRU1", "beginDate": "1978-10-01 00:00", "endDate": "2100-01-01 00:00", "network": "SNTL" }, "geometry": { "type": "Point", "coordinates": [ -111.27221, 39.45197 ] } },
{ "type": "Feature", "properties": { "station_id": "715", "name": "Red River Pass #2", "state": "NM", "county": "Taos", "elevation_ft": 9840.0, "latitude": 36.69935, "longitude": -105.34145, "huc": "130201010301", "actonId": null, "shefId": "RRPN5", "beginDate": "1978-10-01 00:00", "endDate": "2100-01-01 00:00", "network": "SNTL" }, "geometry": { "type": "Point", "coordinates": [ -105.34145, 36.69935 ] } },
{ "type": "Feature", "properties": { "station_id": "1225", "name": "Redden Mine Lwr", "state": "UT", "county": "Summit", "elevation_ft": 8540.0, "latitude": 40.67505, "longitude": -111.21765, "huc": "160201010103", "actonId": null, "shefId": "RMLU1", "beginDate": "2012-10-01 00:00", "endDate": "2100-01-01 00:00", "network": "SNTL" }, "geometry": { "type": "Point", "coordinates": [ -111.21765, 40.67505 ] } },
{ "type": "Feature", "properties": { "station_id": "1217", "name": "Rees Flat", "state": "UT", "county": "Juab", "elevation_ft": 7180.0, "latitude": 39.49667, "longitude": -111.72508, "huc": "160300050202", "actonId": null, "shefId": "REFU1", "beginDate": "2012-10-01 00:00", "endDate": "2100-01-01 00:00", "network": "SNTL" }, "geometry": { "type": "Point", "coordinates": [ -111.72508, 39.49667 ] } },
{ "type": "Feature", "properties": { "station_id": "716", "name": "Reno Hill", "state": "WY", "county": "Natrona", "elevation_ft": 8410.0, "latitude": 42.57089, "longitude": -106.08969, "huc": "101800070901", "actonId": null, "shefId": "RNHW4", "beginDate": "1979-10-01 00:00", "endDate": "2100-01-01 00:00", "network": "SNTL" }, "geometry": { "type": "Point", "coordinates": [ -106.08969, 42.57089 ] } },
{ "type": "Feature", "properties": { "station_id": "911", "name": "Rex River", "state": "WA", "county": "King", "elevation_ft": 3810.0, "latitude": 47.30218, "longitude": -121.60475, "huc": "171100120102", "actonId": null, "shefId": "RXSW1", "beginDate": "1995-08-28 00:00", "endDate": "2100-01-01 00:00", "network": "SNTL" }, "geometry": { "type": "Point", "coordinates": [ -121.60475, 47.30218 ] } },
{ "type": "Feature", "properties": { "station_id": "2029", "name": "Reynolds Creek", "state": "ID", "county": "Owyhee", "elevation_ft": 5590.0, "latitude": 43.28863, "longitude": -116.8431, "huc": "170501030604", "actonId": null, "shefId": "RYCI1", "beginDate": "1999-08-31 00:00", "endDate": "2100-01-01 00:00", "network": "SNTL" }, "geometry": { "type": "Point", "coordinates": [ -116.8431, 43.28863 ] } },
{ "type": "Feature", "properties": { "station_id": "1178", "name": "Rhoads Creek", "state": "AK", "county": "Southeast Fairbanks", "elevation_ft": 1230.0, "latitude": 63.931, "longitude": -145.33333, "huc": "190803031305", "actonId": null, "shefId": "RHOA2", "beginDate": "1986-10-01 00:00", "endDate": "2017-02-16 00:00", "network": "SNTL" }, "geometry": { "type": "Point", "coordinates": [ -145.33333, 63.931 ] } },
{ "type": "Feature", "properties": { "station_id": "933", "name": "Rice Park", "state": "NM", "county": "Cibola", "elevation_ft": 8480.0, "latitude": 35.23658, "longitude": -108.27404, "huc": "130202070203", "actonId": null, "shefId": "RPRN5", "beginDate": "1998-08-10 00:00", "endDate": "2100-01-01 00:00", "network": "SNTL" }, "geometry": { "type": "Point", "coordinates": [ -108.27404, 35.23658 ] } },
{ "type": "Feature", "properties": { "station_id": "1254", "name": "Rio Santa Barbara", "state": "NM", "county": "Taos", "elevation_ft": 10640.0, "latitude": 36.07196, "longitude": -105.62949, "huc": "130201010905", "actonId": null, "shefId": "SBAN5", "beginDate": "2013-09-24 00:00", "endDate": "2100-01-01 00:00", "network": "SNTL" }, "geometry": { "type": "Point", "coordinates": [ -105.62949, 36.07196 ] } },
{ "type": "Feature", "properties": { "station_id": "717", "name": "Ripple Creek", "state": "CO", "county": "Rio Blanco", "elevation_ft": 10340.0, "latitude": 40.10844, "longitude": -107.29383, "huc": "140500050102", "actonId": null, "shefId": "RCPC2", "beginDate": "1985-10-01 00:00", "endDate": "2100-01-01 00:00", "network": "SNTL" }, "geometry": { "type": "Point", "coordinates": [ -107.29383, 40.10844 ] } },
{ "type": "Feature", "properties": { "station_id": "718", "name": "Roach", "state": "CO", "county": "Larimer", "elevation_ft": 9710.0, "latitude": 40.87498, "longitude": -106.04675, "huc": "101800100106", "actonId": null, "shefId": "ROAC2", "beginDate": "1979-10-01 00:00", "endDate": "2100-01-01 00:00", "network": "SNTL" }, "geometry": { "type": "Point", "coordinates": [ -106.04675, 40.87498 ] } },
{ "type": "Feature", "properties": { "station_id": "719", "name": "Roaring River", "state": "OR", "county": "Lane", "elevation_ft": 4960.0, "latitude": 43.90098, "longitude": -122.03063, "huc": "170900040302", "actonId": null, "shefId": "RORO3", "beginDate": "1979-10-01 00:00", "endDate": "2100-01-01 00:00", "network": "SNTL" }, "geometry": { "type": "Point", "coordinates": [ -122.03063, 43.90098 ] } },
{ "type": "Feature", "properties": { "station_id": "720", "name": "Rock Creek", "state": "UT", "county": "Duchesne", "elevation_ft": 7880.0, "latitude": 40.54875, "longitude": -110.69292, "huc": "140600030304", "actonId": null, "shefId": "RCKU1", "beginDate": "1980-06-12 00:00", "endDate": "2100-01-01 00:00", "network": "SNTL" }, "geometry": { "type": "Point", "coordinates": [ -110.69292, 40.54875 ] } },
{ "type": "Feature", "properties": { "station_id": "721", "name": "Rock Springs", "state": "OR", "county": "Grant", "elevation_ft": 5290.0, "latitude": 44.00883, "longitude": -118.83842, "huc": "170501160204", "actonId": null, "shefId": "RCSO3", "beginDate": "1979-10-01 00:00", "endDate": "2100-01-01 00:00", "network": "SNTL" }, "geometry": { "type": "Point", "coordinates": [ -118.83842, 44.00883 ] } },
{ "type": "Feature", "properties": { "station_id": "722", "name": "Rocker Peak", "state": "MT", "county": "Jefferson", "elevation_ft": 7960.0, "latitude": 46.35613, "longitude": -112.26176, "huc": "100200060302", "actonId": null, "shefId": "RKPM8", "beginDate": "1967-10-01 00:00", "endDate": "2100-01-01 00:00", "network": "SNTL" }, "geometry": { "type": "Point", "coordinates": [ -112.26176, 46.35613 ] } },
{ "type": "Feature", "properties": { "station_id": "1309", "name": "Rockwood GS", "state": "UT", "county": "Sevier", "elevation_ft": 8600.0, "latitude": 38.67101, "longitude": -112.3305, "huc": "160300030105", "actonId": null, "shefId": null, "beginDate": "2022-09-08 00:00", "endDate": "2100-01-01 00:00", "network": "SNTL" }, "geometry": { "type": "Point", "coordinates": [ -112.3305, 38.67101 ] } },
{ "type": "Feature", "properties": { "station_id": "723", "name": "Rocky Basin-Settleme", "state": "UT", "county": "Tooele", "elevation_ft": 8700.0, "latitude": 40.44293, "longitude": -112.22377, "huc": "160203040401", "actonId": null, "shefId": "RBSU1", "beginDate": "1980-06-10 00:00", "endDate": "2100-01-01 00:00", "network": "SNTL" }, "geometry": { "type": "Point", "coordinates": [ -112.22377, 40.44293 ] } },
{ "type": "Feature", "properties": { "station_id": "917", "name": "Rocky Boy", "state": "MT", "county": "Hill", "elevation_ft": 4730.0, "latitude": 48.17478, "longitude": -109.64728, "huc": "100500040101", "actonId": null, "shefId": "ROCM8", "beginDate": "1967-10-01 00:00", "endDate": "2100-01-01 00:00", "network": "SNTL" }, "geometry": { "type": "Point", "coordinates": [ -109.64728, 48.17478 ] } },
{ "type": "Feature", "properties": { "station_id": "973", "name": "Rocky Point", "state": "AK", "county": "Nome", "elevation_ft": 180.0, "latitude": 64.54988, "longitude": -163.48399, "huc": "190501041103", "actonId": null, "shefId": "RPTA2", "beginDate": "1999-09-30 00:00", "endDate": "2100-01-01 00:00", "network": "SNTL" }, "geometry": { "type": "Point", "coordinates": [ -163.48399, 64.54988 ] } },
{ "type": "Feature", "properties": { "station_id": "939", "name": "Rough And Tumble", "state": "CO", "county": "Park", "elevation_ft": 10420.0, "latitude": 39.02611, "longitude": -106.08063, "huc": "101900010202", "actonId": null, "shefId": "ROUC2", "beginDate": "1998-08-10 00:00", "endDate": "2100-01-01 00:00", "network": "SNTL" }, "geometry": { "type": "Point", "coordinates": [ -106.08063, 39.02611 ] } },
{ "type": "Feature", "properties": { "station_id": "724", "name": "Rubicon #2", "state": "CA", "county": "El Dorado", "elevation_ft": 7570.0, "latitude": 38.99927, "longitude": -120.13139, "huc": "160501010402", "actonId": null, "shefId": "RUBC1", "beginDate": "1980-10-01 00:00", "endDate": "2100-01-01 00:00", "network": "SNTL" }, "geometry": { "type": "Point", "coordinates": [ -120.13139, 38.99927 ] } },
{ "type": "Feature", "properties": { "station_id": "725", "name": "S Fork Shields", "state": "MT", "county": "Park", "elevation_ft": 8090.0, "latitude": 46.08963, "longitude": -110.43367, "huc": "100700030301", "actonId": null, "shefId": "SFSM8", "beginDate": "1978-10-01 00:00", "endDate": "2100-01-01 00:00", "network": "SNTL" }, "geometry": { "type": "Point", "coordinates": [ -110.43367, 46.08963 ] } },
{ "type": "Feature", "properties": { "station_id": "929", "name": "Sacajawea", "state": "MT", "county": "Gallatin", "elevation_ft": 6610.0, "latitude": 45.87395, "longitude": -110.92783, "huc": "100700030403", "actonId": null, "shefId": "SAJM8", "beginDate": "1999-09-30 00:00", "endDate": "2100-01-01 00:00", "network": "SNTL" }, "geometry": { "type": "Point", "coordinates": [ -110.92783, 45.87395 ] } },
{ "type": "Feature", "properties": { "station_id": "726", "name": "Saddle Mountain", "state": "OR", "county": "Washington", "elevation_ft": 3090.0, "latitude": 45.54475, "longitude": -123.37331, "huc": "170900100201", "actonId": null, "shefId": "SDMO3", "beginDate": "1978-10-01 00:00", "endDate": "2100-01-01 00:00", "network": "SNTL" }, "geometry": { "type": "Point", "coordinates": [ -123.37331, 45.54475 ] } },
{ "type": "Feature", "properties": { "station_id": "727", "name": "Saddle Mtn.", "state": "MT", "county": "Beaverhead", "elevation_ft": 7890.0, "latitude": 45.69259, "longitude": -113.96828, "huc": "170102050502", "actonId": null, "shefId": "SDMM8", "beginDate": "1967-10-01 00:00", "endDate": "2100-01-01 00:00", "network": "SNTL" }, "geometry": { "type": "Point", "coordinates": [ -113.96828, 45.69259 ] } },
{ "type": "Feature", "properties": { "station_id": "1015", "name": "Sage Creek Basin", "state": "WY", "county": "Carbon", "elevation_ft": 7830.0, "latitude": 41.40107, "longitude": -107.2574, "huc": "101800020802", "actonId": null, "shefId": "SGBW4", "beginDate": "2001-10-01 00:00", "endDate": "2100-01-01 00:00", "network": "SNTL" }, "geometry": { "type": "Point", "coordinates": [ -107.2574, 41.40107 ] } },
{ "type": "Feature", "properties": { "station_id": "1183", "name": "Sagwon", "state": "AK", "county": "North Slope", "elevation_ft": 1000.0, "latitude": 69.42417, "longitude": -148.6925, "huc": "190604010905", "actonId": null, "shefId": "SGWA2", "beginDate": "1982-10-01 00:00", "endDate": "2100-01-01 00:00", "network": "SNTL" }, "geometry": { "type": "Point", "coordinates": [ -148.6925, 69.42417 ] } },
{ "type": "Feature", "properties": { "station_id": "1100", "name": "Saint Elmo", "state": "CO", "county": "Chaffee", "elevation_ft": 10420.0, "latitude": 38.69985, "longitude": -106.36805, "huc": "110200010501", "actonId": null, "shefId": "CTEC2", "beginDate": "2007-08-30 00:00", "endDate": "2100-01-01 00:00", "network": "SNTL" }, "geometry": { "type": "Point", "coordinates": [ -106.36805, 38.69985 ] } },
{ "type": "Feature", "properties": { "station_id": "728", "name": "Salmon Meadows", "state": "WA", "county": "Okanogan", "elevation_ft": 4460.0, "latitude": 48.65518, "longitude": -119.8383, "huc": "170200062003", "actonId": null, "shefId": "SAMW1", "beginDate": "1979-10-01 00:00", "endDate": "2100-01-01 00:00", "network": "SNTL" }, "geometry": { "type": "Point", "coordinates": [ -119.8383, 48.65518 ] } },
{ "type": "Feature", "properties": { "station_id": "729", "name": "Salt Creek Falls", "state": "OR", "county": "Lane", "elevation_ft": 4220.0, "latitude": 43.61193, "longitude": -122.11758, "huc": "170900010301", "actonId": null, "shefId": "SCFO3", "beginDate": "1979-10-01 00:00", "endDate": "2100-01-01 00:00", "network": "SNTL" }, "geometry": { "type": "Point", "coordinates": [ -122.11758, 43.61193 ] } },
{ "type": "Feature", "properties": { "station_id": "730", "name": "Salt River Summit", "state": "WY", "county": "Lincoln", "elevation_ft": 7630.0, "latitude": 42.5075, "longitude": -110.9099, "huc": "170401050101", "actonId": null, "shefId": "SLTW4", "beginDate": "1959-10-01 00:00", "endDate": "2100-01-01 00:00", "network": "SNTL" }, "geometry": { "type": "Point", "coordinates": [ -110.9099, 42.5075 ] } },
{ "type": "Feature", "properties": { "station_id": "1172", "name": "San Antonio Sink", "state": "NM", "county": "Rio Arriba", "elevation_ft": 9120.0, "latitude": 36.85967, "longitude": -106.22657, "huc": "130100050301", "actonId": null, "shefId": "SSCN5", "beginDate": "2011-07-14 00:00", "endDate": "2100-01-01 00:00", "network": "SNTL" }, "geometry": { "type": "Point", "coordinates": [ -106.22657, 36.85967 ] } },
{ "type": "Feature", "properties": { "station_id": "731", "name": "Sand Lake", "state": "WY", "county": "Carbon", "elevation_ft": 10080.0, "latitude": 41.4625, "longitude": -106.281, "huc": "101800040101", "actonId": null, "shefId": "SNLW4", "beginDate": "1979-10-01 00:00", "endDate": "2100-01-01 00:00", "network": "SNTL" }, "geometry": { "type": "Point", "coordinates": [ -106.281, 41.4625 ] } },
{ "type": "Feature", "properties": { "station_id": "732", "name": "Sandstone RS", "state": "WY", "county": "Carbon", "elevation_ft": 8150.0, "latitude": 41.11179, "longitude": -107.17043, "huc": "140500030208", "actonId": null, "shefId": "SRSW4", "beginDate": "1984-10-01 00:00", "endDate": "2100-01-01 00:00", "network": "SNTL" }, "geometry": { "type": "Point", "coordinates": [ -107.17043, 41.11179 ] } },
{ "type": "Feature", "properties": { "station_id": "922", "name": "Santa Fe", "state": "NM", "county": "Santa Fe", "elevation_ft": 11480.0, "latitude": 35.77154, "longitude": -105.78487, "huc": "130202010102", "actonId": null, "shefId": "SFSN5", "beginDate": "1996-10-01 00:00", "endDate": "2100-01-01 00:00", "network": "SNTL" }, "geometry": { "type": "Point", "coordinates": [ -105.78487, 35.77154 ] } },
{ "type": "Feature", "properties": { "station_id": "1280", "name": "Santaquin Meadows", "state": "UT", "county": "Utah", "elevation_ft": 7830.0, "latitude": 39.92076, "longitude": -111.71802, "huc": "160202010301", "actonId": null, "shefId": null, "beginDate": "2016-10-27 00:00", "endDate": "2100-01-01 00:00", "network": "SNTL" }, "geometry": { "type": "Point", "coordinates": [ -111.71802, 39.92076 ] } },
{ "type": "Feature", "properties": { "station_id": "733", "name": "Santiam Jct.", "state": "OR", "county": "Linn", "elevation_ft": 3740.0, "latitude": 44.43503, "longitude": -121.94502, "huc": "170900040201", "actonId": null, "shefId": "SAJO3", "beginDate": "1978-10-01 00:00", "endDate": "2100-01-01 00:00", "network": "SNTL" }, "geometry": { "type": "Point", "coordinates": [ -121.94502, 44.43503 ] } },
{ "type": "Feature", "properties": { "station_id": "1128", "name": "Sargents Mesa", "state": "CO", "county": "Saguache", "elevation_ft": 11490.0, "latitude": 38.2856, "longitude": -106.37085, "huc": "130100040306", "actonId": null, "shefId": "SGMC2", "beginDate": "2008-10-01 00:00", "endDate": "2100-01-01 00:00", "network": "SNTL" }, "geometry": { "type": "Point", "coordinates": [ -106.37085, 38.2856 ] } },
{ "type": "Feature", "properties": { "station_id": "734", "name": "Sasse Ridge", "state": "WA", "county": "Kittitas", "elevation_ft": 4340.0, "latitude": 47.38485, "longitude": -121.06323, "huc": "170300010104", "actonId": null, "shefId": "SASW1", "beginDate": "1983-10-01 00:00", "endDate": "2100-01-01 00:00", "network": "SNTL" }, "geometry": { "type": "Point", "coordinates": [ -121.06323, 47.38485 ] } },
{ "type": "Feature", "properties": { "station_id": "1231", "name": "Satus Pass", "state": "WA", "county": "Klickitat", "elevation_ft": 3960.0, "latitude": 45.98797, "longitude": -120.67734, "huc": "170701060301", "actonId": null, "shefId": "SPSW1", "beginDate": "2012-08-23 00:00", "endDate": "2100-01-01 00:00", "network": "SNTL" }, "geometry": { "type": "Point", "coordinates": [ -120.67734, 45.98797 ] } },
{ "type": "Feature", "properties": { "station_id": "735", "name": "Savage Pass", "state": "ID", "county": "Idaho", "elevation_ft": 6170.0, "latitude": 46.46633, "longitude": -114.63333, "huc": "170603030208", "actonId": null, "shefId": "SVPI1", "beginDate": "1982-10-01 00:00", "endDate": "2100-01-01 00:00", "network": "SNTL" }, "geometry": { "type": "Point", "coordinates": [ -114.63333, 46.46633 ] } },
{ "type": "Feature", "properties": { "station_id": "1068", "name": "Sawmill Ridge", "state": "WA", "county": "King", "elevation_ft": 4640.0, "latitude": 47.15992, "longitude": -121.42172, "huc": "171100130104", "actonId": null, "shefId": "SAWW1", "beginDate": "2006-07-27 00:00", "endDate": "2100-01-01 00:00", "network": "SNTL" }, "geometry": { "type": "Point", "coordinates": [ -121.42172, 47.15992 ] } },
{ "type": "Feature", "properties": { "station_id": "1251", "name": "Sawtooth", "state": "CO", "county": "Boulder", "elevation_ft": 9640.0, "latitude": 40.13632, "longitude": -105.58486, "huc": "101900050102", "actonId": null, "shefId": "SATC2", "beginDate": "2014-09-23 00:00", "endDate": "2100-01-01 00:00", "network": "SNTL" }, "geometry": { "type": "Point", "coordinates": [ -105.58486, 40.13632 ] } },
{ "type": "Feature", "properties": { "station_id": "736", "name": "Schneider Meadows", "state": "OR", "county": "Baker", "elevation_ft": 5400.0, "latitude": 45.00107, "longitude": -117.16522, "huc": "170502010603", "actonId": null, "shefId": "SCHO3", "beginDate": "1980-10-01 00:00", "endDate": "2100-01-01 00:00", "network": "SNTL" }, "geometry": { "type": "Point", "coordinates": [ -117.16522, 45.00107 ] } },
{ "type": "Feature", "properties": { "station_id": "737", "name": "Schofield Pass", "state": "CO", "county": "Gunnison", "elevation_ft": 10640.0, "latitude": 39.01467, "longitude": -107.04933, "huc": "140100040701", "actonId": null, "shefId": "SOSC2", "beginDate": "1984-10-01 00:00", "endDate": "2100-01-01 00:00", "network": "SNTL" }, "geometry": { "type": "Point", "coordinates": [ -107.04933, 39.01467 ] } },
{ "type": "Feature", "properties": { "station_id": "915", "name": "Schwartz Lake", "state": "ID", "county": "Lemhi", "elevation_ft": 8620.0, "latitude": 44.84618, "longitude": -113.83732, "huc": "170602040604", "actonId": null, "shefId": "SCHI1", "beginDate": "1995-09-26 00:00", "endDate": "2100-01-01 00:00", "network": "SNTL" }, "geometry": { "type": "Point", "coordinates": [ -113.83732, 44.84618 ] } },
{ "type": "Feature", "properties": { "station_id": "738", "name": "Schweitzer Basin", "state": "ID", "county": "Bonner", "elevation_ft": 6090.0, "latitude": 48.37428, "longitude": -116.63917, "huc": "170102150502", "actonId": null, "shefId": "STZI1", "beginDate": "1979-10-01 00:00", "endDate": "2100-01-01 00:00", "network": "SNTL" }, "geometry": { "type": "Point", "coordinates": [ -116.63917, 48.37428 ] } },
{ "type": "Feature", "properties": { "station_id": "1038", "name": "Schweitzer Saddle", "state": "ID", "county": "Bonner", "elevation_ft": 6090.0, "latitude": 48.37431, "longitude": -116.63926, "huc": "170102150502", "actonId": null, "shefId": "SCWI1", "beginDate": "2002-09-18 00:00", "endDate": "2008-10-01 00:00", "network": "SNTL" }, "geometry": { "type": "Point", "coordinates": [ -116.63926, 48.37431 ] } },
{ "type": "Feature", "properties": { "station_id": "739", "name": "Scotch Creek", "state": "CO", "county": "Dolores", "elevation_ft": 9160.0, "latitude": 37.64562, "longitude": -108.00833, "huc": "140300020204", "actonId": null, "shefId": "SHSC2", "beginDate": "1985-10-01 00:00", "endDate": "2100-01-01 00:00", "network": "SNTL" }, "geometry": { "type": "Point", "coordinates": [ -108.00833, 37.64562 ] } },
{ "type": "Feature", "properties": { "station_id": "740", "name": "Secesh Summit", "state": "ID", "county": "Valley", "elevation_ft": 6520.0, "latitude": 45.18848, "longitude": -115.97152, "huc": "170501230101", "actonId": null, "shefId": "SCSI1", "beginDate": "1979-10-01 00:00", "endDate": "2100-01-01 00:00", "network": "SNTL" }, "geometry": { "type": "Point", "coordinates": [ -115.97152, 45.18848 ] } },
{ "type": "Feature", "properties": { "station_id": "741", "name": "Sedgwick Peak", "state": "ID", "county": "Bannock", "elevation_ft": 7800.0, "latitude": 42.52463, "longitude": -111.95632, "huc": "170402080209", "actonId": null, "shefId": "SEPI1", "beginDate": "1988-10-01 00:00", "endDate": "2100-01-01 00:00", "network": "SNTL" }, "geometry": { "type": "Point", "coordinates": [ -111.95632, 42.52463 ] } },
{ "type": "Feature", "properties": { "station_id": "742", "name": "Seeley Creek", "state": "UT", "county": "Sanpete", "elevation_ft": 9900.0, "latitude": 39.31042, "longitude": -111.43297, "huc": "140600090203", "actonId": null, "shefId": "SEEU1", "beginDate": "1978-10-18 00:00", "endDate": "2100-01-01 00:00", "network": "SNTL" }, "geometry": { "type": "Point", "coordinates": [ -111.43297, 39.31042 ] } },
{ "type": "Feature", "properties": { "station_id": "743", "name": "Seine Creek", "state": "OR", "county": "Washington", "elevation_ft": 2070.0, "latitude": 45.52688, "longitude": -123.29857, "huc": "170900100203", "actonId": null, "shefId": "SECO3", "beginDate": "1979-10-01 00:00", "endDate": "2100-01-01 00:00", "network": "SNTL" }, "geometry": { "type": "Point", "coordinates": [ -123.29857, 45.52688 ] } },
{ "type": "Feature", "properties": { "station_id": "744", "name": "Senorita Divide #2", "state": "NM", "county": "Rio Arriba", "elevation_ft": 8560.0, "latitude": 36.00152, "longitude": -106.83408, "huc": "130202020102", "actonId": null, "shefId": "SENN5", "beginDate": "1979-10-01 00:00", "endDate": "2100-01-01 00:00", "network": "SNTL" }, "geometry": { "type": "Point", "coordinates": [ -106.83408, 36.00152 ] } },
{ "type": "Feature", "properties": { "station_id": "1043", "name": "Sentinel Butte", "state": "WA", "county": "Ferry", "elevation_ft": 4680.0, "latitude": 48.86133, "longitude": -118.39843, "huc": "170200021705", "actonId": null, "shefId": "SENW1", "beginDate": "2003-08-27 00:00", "endDate": "2100-01-01 00:00", "network": "SNTL" }, "geometry": { "type": "Point", "coordinates": [ -118.39843, 48.86133 ] } },
{ "type": "Feature", "properties": { "station_id": "1330", "name": "Seven Mile", "state": "AK", "county": "Yukon-Koyukuk", "elevation_ft": 660.0, "latitude": 65.93772, "longitude": -149.8631, "huc": "190804040306", "actonId": null, "shefId": "SVMA2", "beginDate": "2024-09-24 00:00", "endDate": "2100-01-01 00:00", "network": "SNTL" }, "geometry": { "type": "Point", "coordinates": [ -149.8631, 65.93772 ] } },
{ "type": "Feature", "properties": { "station_id": "745", "name": "Sevenmile Marsh", "state": "OR", "county": "Klamath", "elevation_ft": 5690.0, "latitude": 42.69825, "longitude": -122.14165, "huc": "180102030104", "actonId": null, "shefId": "SVMO3", "beginDate": "1979-10-01 00:00", "endDate": "2100-01-01 00:00", "network": "SNTL" }, "geometry": { "type": "Point", "coordinates": [ -122.14165, 42.69825 ] } },
{ "type": "Feature", "properties": { "station_id": "746", "name": "Seventysix Creek", "state": "NV", "county": "Elko", "elevation_ft": 7360.0, "latitude": 41.73732, "longitude": -115.47215, "huc": "170501020108", "actonId": null, "shefId": "SSCN2", "beginDate": "1978-10-01 00:00", "endDate": "2100-01-01 00:00", "network": "SNTL" }, "geometry": { "type": "Point", "coordinates": [ -115.47215, 41.73732 ] } },
{ "type": "Feature", "properties": { "station_id": "747", "name": "Shanghi Summit", "state": "ID", "county": "Clearwater", "elevation_ft": 4590.0, "latitude": 46.56603, "longitude": -115.74216, "huc": "170603060402", "actonId": null, "shefId": "SHAI1", "beginDate": "1982-10-01 00:00", "endDate": "2100-01-01 00:00", "network": "SNTL" }, "geometry": { "type": "Point", "coordinates": [ -115.74216, 46.56603 ] } },
{ "type": "Feature", "properties": { "station_id": "1060", "name": "Sharkstooth", "state": "CO", "county": "Montezuma", "elevation_ft": 10730.0, "latitude": 37.50356, "longitude": -108.11405, "huc": "140300020206", "actonId": null, "shefId": "SKZC2", "beginDate": "2004-10-01 00:00", "endDate": "2100-01-01 00:00", "network": "SNTL" }, "geometry": { "type": "Point", "coordinates": [ -108.11405, 37.50356 ] } },
{ "type": "Feature", "properties": { "station_id": "748", "name": "Sheep Canyon", "state": "WA", "county": "Cowlitz", "elevation_ft": 3990.0, "latitude": 46.19325, "longitude": -122.25393, "huc": "170800050601", "actonId": null, "shefId": "SHPW1", "beginDate": "1980-10-01 00:00", "endDate": "2100-01-01 00:00", "network": "SNTL" }, "geometry": { "type": "Point", "coordinates": [ -122.25393, 46.19325 ] } },
{ "type": "Feature", "properties": { "station_id": "749", "name": "Sheep Mtn.", "state": "ID", "county": "Bingham", "elevation_ft": 6630.0, "latitude": 43.2103, "longitude": -111.68792, "huc": "170402050304", "actonId": null, "shefId": "SPMI1", "beginDate": "1978-10-01 00:00", "endDate": "2100-01-01 00:00", "network": "SNTL" }, "geometry": { "type": "Point", "coordinates": [ -111.68792, 43.2103 ] } },
{ "type": "Feature", "properties": { "station_id": "750", "name": "Sheldon", "state": "NV", "county": "Washoe", "elevation_ft": 5860.0, "latitude": 41.90435, "longitude": -119.44464, "huc": "171200080106", "actonId": null, "shefId": "SHEN2", "beginDate": "1988-10-01 00:00", "endDate": "2100-01-01 00:00", "network": "SNTL" }, "geometry": { "type": "Point", "coordinates": [ -119.44464, 41.90435 ] } },
{ "type": "Feature", "properties": { "station_id": "751", "name": "Shell Creek", "state": "WY", "county": "Big Horn", "elevation_ft": 9570.0, "latitude": 44.50012, "longitude": -107.42947, "huc": "100800100101", "actonId": null, "shefId": "SCRW4", "beginDate": "1978-10-01 00:00", "endDate": "2100-01-01 00:00", "network": "SNTL" }, "geometry": { "type": "Point", "coordinates": [ -107.42947, 44.50012 ] } },
{ "type": "Feature", "properties": { "station_id": "752", "name": "Sherwin", "state": "ID", "county": "Latah", "elevation_ft": 3190.0, "latitude": 46.95028, "longitude": -116.33972, "huc": "170103040703", "actonId": null, "shefId": "SHWI1", "beginDate": "1979-10-01 00:00", "endDate": "2100-01-01 00:00", "network": "SNTL" }, "geometry": { "type": "Point", "coordinates": [ -116.33972, 46.95028 ] } },
{ "type": "Feature", "properties": { "station_id": "753", "name": "Short Creek", "state": "MT", "county": "Madison", "elevation_ft": 6980.0, "latitude": 44.97572, "longitude": -111.95215, "huc": "100200030106", "actonId": null, "shefId": "SHCM8", "beginDate": "1985-10-01 00:00", "endDate": "2100-01-01 00:00", "network": "SNTL" }, "geometry": { "type": "Point", "coordinates": [ -111.95215, 44.97572 ] } },
{ "type": "Feature", "properties": { "station_id": "754", "name": "Shower Falls", "state": "MT", "county": "Gallatin", "elevation_ft": 8060.0, "latitude": 45.40125, "longitude": -110.95758, "huc": "100200081001", "actonId": null, "shefId": "SHFM8", "beginDate": "1964-10-01 00:00", "endDate": "2100-01-01 00:00", "network": "SNTL" }, "geometry": { "type": "Point", "coordinates": [ -110.95758, 45.40125 ] } },
{ "type": "Feature", "properties": { "station_id": "1169", "name": "Shuree", "state": "NM", "county": "Taos", "elevation_ft": 10080.0, "latitude": 36.78765, "longitude": -105.2392, "huc": "130201010102", "actonId": null, "shefId": "SHUN5", "beginDate": "2010-08-09 00:00", "endDate": "2100-01-01 00:00", "network": "SNTL" }, "geometry": { "type": "Point", "coordinates": [ -105.2392, 36.78765 ] } },
{ "type": "Feature", "properties": { "station_id": "1034", "name": "Sierra Blanca", "state": "NM", "county": "Lincoln", "elevation_ft": 10250.0, "latitude": 33.40682, "longitude": -105.79467, "huc": "130600080103", "actonId": null, "shefId": "SIEN5", "beginDate": "2002-09-30 00:00", "endDate": "2100-01-01 00:00", "network": "SNTL" }, "geometry": { "type": "Point", "coordinates": [ -105.79467, 33.40682 ] } },
{ "type": "Feature", "properties": { "station_id": "755", "name": "Signal Peak", "state": "NM", "county": "Grant", "elevation_ft": 8390.0, "latitude": 32.92342, "longitude": -108.14546, "huc": "150400010803", "actonId": null, "shefId": "SGNN5", "beginDate": "1978-10-01 00:00", "endDate": "2100-01-01 00:00", "network": "SNTL" }, "geometry": { "type": "Point", "coordinates": [ -108.14546, 32.92342 ] } },
{ "type": "Feature", "properties": { "station_id": "756", "name": "Silver Creek", "state": "OR", "county": "Lake", "elevation_ft": 5750.0, "latitude": 42.95615, "longitude": -121.18123, "huc": "171200050206", "actonId": null, "shefId": "SVCO3", "beginDate": "1979-10-01 00:00", "endDate": "2100-01-01 00:00", "network": "SNTL" }, "geometry": { "type": "Point", "coordinates": [ -121.18123, 42.95615 ] } },
{ "type": "Feature", "properties": { "station_id": "757", "name": "Silver Creek Divide", "state": "NM", "county": "Catron", "elevation_ft": 9080.0, "latitude": 33.3696, "longitude": -108.70711, "huc": "150400040605", "actonId": null, "shefId": "SCDN5", "beginDate": "1978-10-01 00:00", "endDate": "2100-01-01 00:00", "network": "SNTL" }, "geometry": { "type": "Point", "coordinates": [ -108.70711, 33.3696 ] } },
{ "type": "Feature", "properties": { "station_id": "1205", "name": "Silver Creek Nv", "state": "NV", "county": "White Pine", "elevation_ft": 8220.0, "latitude": 39.23305, "longitude": -114.2429, "huc": "160203010806", "actonId": null, "shefId": "SILN2", "beginDate": "2011-12-22 00:00", "endDate": "2100-01-01 00:00", "network": "SNTL" }, "geometry": { "type": "Point", "coordinates": [ -114.2429, 39.23305 ] } },
{ "type": "Feature", "properties": { "station_id": "759", "name": "Silvies", "state": "OR", "county": "Harney", "elevation_ft": 7000.0, "latitude": 42.75333, "longitude": -118.68785, "huc": "171200030201", "actonId": null, "shefId": "SLVO3", "beginDate": "1978-10-01 00:00", "endDate": "2100-01-01 00:00", "network": "SNTL" }, "geometry": { "type": "Point", "coordinates": [ -118.68785, 42.75333 ] } },
{ "type": "Feature", "properties": { "station_id": "760", "name": "Skalkaho Summit", "state": "MT", "county": "Granite", "elevation_ft": 7260.0, "latitude": 46.24212, "longitude": -113.7725, "huc": "170102021003", "actonId": null, "shefId": "SKAM8", "beginDate": "1966-10-01 00:00", "endDate": "2100-01-01 00:00", "network": "SNTL" }, "geometry": { "type": "Point", "coordinates": [ -113.7725, 46.24212 ] } },
{ "type": "Feature", "properties": { "station_id": "1257", "name": "Skate Creek", "state": "WA", "county": "Lewis", "elevation_ft": 3770.0, "latitude": 46.64336, "longitude": -121.83044, "huc": "170800040505", "actonId": null, "shefId": "SKTW1", "beginDate": "2014-10-15 00:00", "endDate": "2100-01-01 00:00", "network": "SNTL" }, "geometry": { "type": "Point", "coordinates": [ -121.83044, 46.64336 ] } },
{ "type": "Feature", "properties": { "station_id": "912", "name": "Skookum Creek", "state": "WA", "county": "King", "elevation_ft": 3310.0, "latitude": 47.68433, "longitude": -121.61007, "huc": "171100100503", "actonId": null, "shefId": "KUSW1", "beginDate": "1995-08-28 00:00", "endDate": "2100-01-01 00:00", "network": "SNTL" }, "geometry": { "type": "Point", "coordinates": [ -121.61007, 47.68433 ] } },
{ "type": "Feature", "properties": { "station_id": "1286", "name": "Slagamelt Lakes", "state": "MT", "county": "Beaverhead", "elevation_ft": 8600.0, "latitude": 45.36526, "longitude": -113.71834, "huc": "100200040308", "actonId": null, "shefId": "SLMM8", "beginDate": "2017-09-14 00:00", "endDate": "2100-01-01 00:00", "network": "SNTL" }, "geometry": { "type": "Point", "coordinates": [ -113.71834, 45.36526 ] } },
{ "type": "Feature", "properties": { "station_id": "783", "name": "Sleeping Woman", "state": "MT", "county": "Sanders", "elevation_ft": 6120.0, "latitude": 47.17902, "longitude": -114.33371, "huc": "170102120708", "actonId": null, "shefId": "SQPM8", "beginDate": "1988-10-01 00:00", "endDate": "2100-01-01 00:00", "network": "SNTL" }, "geometry": { "type": "Point", "coordinates": [ -114.33371, 47.17902 ] } },
{ "type": "Feature", "properties": { "station_id": "761", "name": "Slug Creek Divide", "state": "ID", "county": "Caribou", "elevation_ft": 7240.0, "latitude": 42.56248, "longitude": -111.29797, "huc": "170402070201", "actonId": null, "shefId": "SLGI1", "beginDate": "1978-10-01 00:00", "endDate": "2100-01-01 00:00", "network": "SNTL" }, "geometry": { "type": "Point", "coordinates": [ -111.29797, 42.56248 ] } },
{ "type": "Feature", "properties": { "station_id": "762", "name": "Slumgullion", "state": "CO", "county": "Hinsdale", "elevation_ft": 11560.0, "latitude": 37.99076, "longitude": -107.20392, "huc": "140200020502", "actonId": null, "shefId": "SLMC2", "beginDate": "1979-10-01 00:00", "endDate": "2100-01-01 00:00", "network": "SNTL" }, "geometry": { "type": "Point", "coordinates": [ -107.20392, 37.99076 ] } },
{ "type": "Feature", "properties": { "station_id": "926", "name": "Smiley Mountain", "state": "ID", "county": "Custer", "elevation_ft": 9540.0, "latitude": 43.72718, "longitude": -113.83402, "huc": "170402180102", "actonId": null, "shefId": "SMMI1", "beginDate": "2001-09-19 00:00", "endDate": "2100-01-01 00:00", "network": "SNTL" }, "geometry": { "type": "Point", "coordinates": [ -113.83402, 43.72718 ] } },
{ "type": "Feature", "properties": { "station_id": "763", "name": "Smith  Morehouse", "state": "UT", "county": "Summit", "elevation_ft": 7640.0, "latitude": 40.78931, "longitude": -111.09192, "huc": "160201010203", "actonId": null, "shefId": "SMMU1", "beginDate": "1978-10-01 00:00", "endDate": "2100-01-01 00:00", "network": "SNTL" }, "geometry": { "type": "Point", "coordinates": [ -111.09192, 40.78931 ] } },
{ "type": "Feature", "properties": { "station_id": "1167", "name": "Smith Ridge", "state": "OR", "county": "Linn", "elevation_ft": 3270.0, "latitude": 44.30325, "longitude": -122.04053, "huc": "170900040203", "actonId": null, "shefId": "SMTO3", "beginDate": "2011-10-01 00:00", "endDate": "2100-01-01 00:00", "network": "SNTL" }, "geometry": { "type": "Point", "coordinates": [ -122.04053, 44.30325 ] } },
{ "type": "Feature", "properties": { "station_id": "764", "name": "Snake River Station", "state": "WY", "county": "Teton", "elevation_ft": 6900.0, "latitude": 44.13361, "longitude": -110.66917, "huc": "170401010402", "actonId": null, "shefId": "SKRW4", "beginDate": "1989-10-01 00:00", "endDate": "2100-01-01 00:00", "network": "SNTL" }, "geometry": { "type": "Point", "coordinates": [ -110.66917, 44.13361 ] } },
{ "type": "Feature", "properties": { "station_id": "765", "name": "Snider Basin", "state": "WY", "county": "Sublette", "elevation_ft": 8080.0, "latitude": 42.4949, "longitude": -110.53203, "huc": "140401010906", "actonId": null, "shefId": "SNIW4", "beginDate": "1980-09-15 00:00", "endDate": "2100-01-01 00:00", "network": "SNTL" }, "geometry": { "type": "Point", "coordinates": [ -110.53203, 42.4949 ] } },
{ "type": "Feature", "properties": { "station_id": "767", "name": "Snow Mountain", "state": "OR", "county": "Harney", "elevation_ft": 6230.0, "latitude": 43.94885, "longitude": -119.54013, "huc": "171200020501", "actonId": null, "shefId": "SNWO3", "beginDate": "1978-10-01 00:00", "endDate": "2100-01-01 00:00", "network": "SNTL" }, "geometry": { "type": "Point", "coordinates": [ -119.54013, 43.94885 ] } },
{ "type": "Feature", "properties": { "station_id": "766", "name": "Snowbird", "state": "UT", "county": "Salt Lake", "elevation_ft": 9170.0, "latitude": 40.56914, "longitude": -111.65852, "huc": "160202040202", "actonId": null, "shefId": "SBDU1", "beginDate": "1989-08-23 00:00", "endDate": "2100-01-01 00:00", "network": "SNTL" }, "geometry": { "type": "Point", "coordinates": [ -111.65852, 40.56914 ] } },
{ "type": "Feature", "properties": { "station_id": "927", "name": "Snowslide Canyon", "state": "AZ", "county": "Coconino", "elevation_ft": 9720.0, "latitude": 35.34179, "longitude": -111.65084, "huc": "150200160201", "actonId": null, "shefId": "XSCA3", "beginDate": "1997-09-01 00:00", "endDate": "2100-01-01 00:00", "network": "SNTL" }, "geometry": { "type": "Point", "coordinates": [ -111.65084, 35.34179 ] } },
{ "type": "Feature", "properties": { "station_id": "1208", "name": "Snowstorm Mtn", "state": "NV", "county": "Elko", "elevation_ft": 7410.0, "latitude": 41.33981, "longitude": -116.98044, "huc": "160401090203", "actonId": null, "shefId": "SSMN2", "beginDate": "2011-12-23 00:00", "endDate": "2100-01-01 00:00", "network": "SNTL" }, "geometry": { "type": "Point", "coordinates": [ -116.98044, 41.33981 ] } },
{ "type": "Feature", "properties": { "station_id": "1132", "name": "Soldier Park", "state": "WY", "county": "Johnson", "elevation_ft": 8680.0, "latitude": 44.34847, "longitude": -107.0136, "huc": "100902060103", "actonId": null, "shefId": "SLDW4", "beginDate": "2010-08-06 00:00", "endDate": "2100-01-01 00:00", "network": "SNTL" }, "geometry": { "type": "Point", "coordinates": [ -107.0136, 44.34847 ] } },
{ "type": "Feature", "properties": { "station_id": "769", "name": "Soldier R.S.", "state": "ID", "county": "Camas", "elevation_ft": 5780.0, "latitude": 43.48407, "longitude": -114.82692, "huc": "170402200303", "actonId": null, "shefId": "SRSI1", "beginDate": "1985-10-01 00:00", "endDate": "2100-01-01 00:00", "network": "SNTL" }, "geometry": { "type": "Point", "coordinates": [ -114.82692, 43.48407 ] } },
{ "type": "Feature", "properties": { "station_id": "770", "name": "Somsen Ranch", "state": "ID", "county": "Caribou", "elevation_ft": 6830.0, "latitude": 42.95275, "longitude": -111.35933, "huc": "170402070101", "actonId": null, "shefId": "SORI1", "beginDate": "1978-10-01 00:00", "endDate": "2100-01-01 00:00", "network": "SNTL" }, "geometry": { "type": "Point", "coordinates": [ -111.35933, 42.95275 ] } },
{ "type": "Feature", "properties": { "station_id": "771", "name": "Sonora Pass", "state": "CA", "county": "Mono", "elevation_ft": 8770.0, "latitude": 38.31021, "longitude": -119.6003, "huc": "160503020104", "actonId": null, "shefId": "SRAC1", "beginDate": "1978-10-01 00:00", "endDate": "2100-01-01 00:00", "network": "SNTL" }, "geometry": { "type": "Point", "coordinates": [ -119.6003, 38.31021 ] } },
{ "type": "Feature", "properties": { "station_id": "985", "name": "Sourdough Gulch", "state": "WA", "county": "Asotin", "elevation_ft": 3970.0, "latitude": 46.23713, "longitude": -117.39435, "huc": "170601030202", "actonId": null, "shefId": "SGUW1", "beginDate": "2000-07-01 00:00", "endDate": "2100-01-01 00:00", "network": "SNTL" }, "geometry": { "type": "Point", "coordinates": [ -117.39435, 46.23713 ] } },
{ "type": "Feature", "properties": { "station_id": "772", "name": "South Brush Creek", "state": "WY", "county": "Carbon", "elevation_ft": 8480.0, "latitude": 41.3295, "longitude": -106.5025, "huc": "101800020303", "actonId": null, "shefId": "SBCW4", "beginDate": "1976-02-01 00:00", "endDate": "2100-01-01 00:00", "network": "SNTL" }, "geometry": { "type": "Point", "coordinates": [ -106.5025, 41.3295 ] } },
{ "type": "Feature", "properties": { "station_id": "773", "name": "South Colony", "state": "CO", "county": "Custer", "elevation_ft": 10790.0, "latitude": 37.96647, "longitude": -105.53671, "huc": "110200011206", "actonId": null, "shefId": "SCYC2", "beginDate": "1990-10-01 00:00", "endDate": "2100-01-01 00:00", "network": "SNTL" }, "geometry": { "type": "Point", "coordinates": [ -105.53671, 37.96647 ] } },
{ "type": "Feature", "properties": { "station_id": "925", "name": "South Fork Bull Run", "state": "OR", "county": "Clackamas", "elevation_ft": 2690.0, "latitude": 45.44575, "longitude": -122.03125, "huc": "170800010504", "actonId": null, "shefId": "SFBO3", "beginDate": "1997-09-18 00:00", "endDate": "2100-01-01 00:00", "network": "SNTL" }, "geometry": { "type": "Point", "coordinates": [ -122.03125, 45.44575 ] } },
{ "type": "Feature", "properties": { "station_id": "774", "name": "South Mtn.", "state": "ID", "county": "Owyhee", "elevation_ft": 6650.0, "latitude": 42.76476, "longitude": -116.90029, "huc": "170501080205", "actonId": null, "shefId": "SMTI1", "beginDate": "1978-10-01 00:00", "endDate": "2100-01-01 00:00", "network": "SNTL" }, "geometry": { "type": "Point", "coordinates": [ -116.90029, 42.76476 ] } },
{ "type": "Feature", "properties": { "station_id": "775", "name": "South Pass", "state": "WY", "county": "Fremont", "elevation_ft": 9040.0, "latitude": 42.57314, "longitude": -108.84324, "huc": "100800030101", "actonId": null, "shefId": "SPSW4", "beginDate": "1984-10-01 00:00", "endDate": "2100-01-01 00:00", "network": "SNTL" }, "geometry": { "type": "Point", "coordinates": [ -108.84324, 42.57314 ] } },
{ "type": "Feature", "properties": { "station_id": "776", "name": "Spencer Meadow", "state": "WA", "county": "Skamania", "elevation_ft": 3400.0, "latitude": 46.1795, "longitude": -121.92661, "huc": "170800020108", "actonId": null, "shefId": "SPMW1", "beginDate": "1980-10-01 00:00", "endDate": "2100-01-01 00:00", "network": "SNTL" }, "geometry": { "type": "Point", "coordinates": [ -121.92661, 46.1795 ] } },
{ "type": "Feature", "properties": { "station_id": "777", "name": "Spirit Lake", "state": "WA", "county": "Skamania", "elevation_ft": 3520.0, "latitude": 46.26113, "longitude": -122.1772, "huc": "170800050502", "actonId": null, "shefId": "SPTW1", "beginDate": "1983-10-01 00:00", "endDate": "2100-01-01 00:00", "network": "SNTL" }, "geometry": { "type": "Point", "coordinates": [ -122.1772, 46.26113 ] } },
{ "type": "Feature", "properties": { "station_id": "1117", "name": "Spirit Lk", "state": "UT", "county": "Daggett", "elevation_ft": 10240.0, "latitude": 40.83868, "longitude": -110.00527, "huc": "140401060501", "actonId": null, "shefId": "SPKU1", "beginDate": "2009-10-01 00:00", "endDate": "2100-01-01 00:00", "network": "SNTL" }, "geometry": { "type": "Point", "coordinates": [ -110.00527, 40.83868 ] } },
{ "type": "Feature", "properties": { "station_id": "778", "name": "Spratt Creek", "state": "CA", "county": "Alpine", "elevation_ft": 6060.0, "latitude": 38.66627, "longitude": -119.81741, "huc": "160502010107", "actonId": null, "shefId": "SPCC1", "beginDate": "1983-10-01 00:00", "endDate": "2100-01-01 00:00", "network": "SNTL" }, "geometry": { "type": "Point", "coordinates": [ -119.81741, 38.66627 ] } },
{ "type": "Feature", "properties": { "station_id": "2044", "name": "Spring Creek", "state": "AK", "county": "Matanuska-Susitna", "elevation_ft": 590.0, "latitude": 61.65653, "longitude": -149.12926, "huc": "190204020709", "actonId": null, "shefId": "SCPA2", "beginDate": "2018-06-16 00:00", "endDate": "2100-01-01 00:00", "network": "SNTL" }, "geometry": { "type": "Point", "coordinates": [ -149.12926, 61.65653 ] } },
{ "type": "Feature", "properties": { "station_id": "779", "name": "Spring Creek Divide", "state": "WY", "county": "Sublette", "elevation_ft": 9020.0, "latitude": 42.52516, "longitude": -110.66148, "huc": "140401011001", "actonId": null, "shefId": "SCDW4", "beginDate": "1978-10-01 00:00", "endDate": "2100-01-01 00:00", "network": "SNTL" }, "geometry": { "type": "Point", "coordinates": [ -110.66148, 42.52516 ] } },
{ "type": "Feature", "properties": { "station_id": "984", "name": "Spruce Springs", "state": "WA", "county": "Garfield", "elevation_ft": 5690.0, "latitude": 46.18287, "longitude": -117.54155, "huc": "170601030201", "actonId": null, "shefId": "SPGW1", "beginDate": "2000-07-01 00:00", "endDate": "2100-01-01 00:00", "network": "SNTL" }, "geometry": { "type": "Point", "coordinates": [ -117.54155, 46.18287 ] } },
{ "type": "Feature", "properties": { "station_id": "780", "name": "Spud Mountain", "state": "CO", "county": "San Juan", "elevation_ft": 10660.0, "latitude": 37.69883, "longitude": -107.77841, "huc": "140801040202", "actonId": null, "shefId": "SPSC2", "beginDate": "1985-10-01 00:00", "endDate": "2100-01-01 00:00", "network": "SNTL" }, "geometry": { "type": "Point", "coordinates": [ -107.77841, 37.69883 ] } },
{ "type": "Feature", "properties": { "station_id": "781", "name": "Spur Park", "state": "MT", "county": "Judith Basin", "elevation_ft": 8080.0, "latitude": 46.77962, "longitude": -110.62165, "huc": "100401030301", "actonId": null, "shefId": "SPRM8", "beginDate": "1966-10-01 00:00", "endDate": "2100-01-01 00:00", "network": "SNTL" }, "geometry": { "type": "Point", "coordinates": [ -110.62165, 46.77962 ] } },
{ "type": "Feature", "properties": { "station_id": "786", "name": "St. Lawrence Alt", "state": "WY", "county": "Fremont", "elevation_ft": 8610.0, "latitude": 43.03312, "longitude": -109.17021, "huc": "100800020105", "actonId": null, "shefId": "SLAW4", "beginDate": "1983-10-01 00:00", "endDate": "2100-01-01 00:00", "network": "SNTL" }, "geometry": { "type": "Point", "coordinates": [ -109.17021, 43.03312 ] } },
{ "type": "Feature", "properties": { "station_id": "1203", "name": "Stag Mountain", "state": "NV", "county": "Elko", "elevation_ft": 7640.0, "latitude": 41.408, "longitude": -115.4464, "huc": "170501020101", "actonId": null, "shefId": "STGN2", "beginDate": "2011-12-23 00:00", "endDate": "2100-01-01 00:00", "network": "SNTL" }, "geometry": { "type": "Point", "coordinates": [ -115.4464, 41.408 ] } },
{ "type": "Feature", "properties": { "station_id": "787", "name": "Stahl Peak", "state": "MT", "county": "Lincoln", "elevation_ft": 6040.0, "latitude": 48.90902, "longitude": -114.86298, "huc": "170101010801", "actonId": null, "shefId": "STAM8", "beginDate": "1968-10-01 00:00", "endDate": "2100-01-01 00:00", "network": "SNTL" }, "geometry": { "type": "Point", "coordinates": [ -114.86298, 48.90902 ] } },
{ "type": "Feature", "properties": { "station_id": "788", "name": "Stampede Pass", "state": "WA", "county": "King", "elevation_ft": 3850.0, "latitude": 47.27427, "longitude": -121.34162, "huc": "171100130103", "actonId": null, "shefId": "SMPW1", "beginDate": "1979-10-01 00:00", "endDate": "2100-01-01 00:00", "network": "SNTL" }, "geometry": { "type": "Point", "coordinates": [ -121.34162, 47.27427 ] } },
{ "type": "Feature", "properties": { "station_id": "789", "name": "Starr Ridge", "state": "OR", "county": "Grant", "elevation_ft": 5240.0, "latitude": 44.26423, "longitude": -119.02162, "huc": "171200020102", "actonId": null, "shefId": "STRO3", "beginDate": "1979-10-01 00:00", "endDate": "2100-01-01 00:00", "network": "SNTL" }, "geometry": { "type": "Point", "coordinates": [ -119.02162, 44.26423 ] } },
{ "type": "Feature", "properties": { "station_id": "1258", "name": "State Line", "state": "CA", "county": "Modoc", "elevation_ft": 5690.0, "latitude": 41.98609, "longitude": -120.71574, "huc": "180102040201", "actonId": null, "shefId": "TATC1", "beginDate": "2014-06-17 00:00", "endDate": "2100-01-01 00:00", "network": "SNTL" }, "geometry": { "type": "Point", "coordinates": [ -120.71574, 41.98609 ] } },
{ "type": "Feature", "properties": { "station_id": "790", "name": "Steel Creek Park", "state": "UT", "county": "Summit", "elevation_ft": 10140.0, "latitude": 40.90862, "longitude": -110.50462, "huc": "140401070203", "actonId": null, "shefId": "SCKU1", "beginDate": "1978-10-01 00:00", "endDate": "2100-01-01 00:00", "network": "SNTL" }, "geometry": { "type": "Point", "coordinates": [ -110.50462, 40.90862 ] } },
{ "type": "Feature", "properties": { "station_id": "791", "name": "Stevens Pass", "state": "WA", "county": "King", "elevation_ft": 3940.0, "latitude": 47.74607, "longitude": -121.09288, "huc": "171100090102", "actonId": null, "shefId": "SVNW1", "beginDate": "1979-10-01 00:00", "endDate": "2100-01-01 00:00", "network": "SNTL" }, "geometry": { "type": "Point", "coordinates": [ -121.09288, 47.74607 ] } },
{ "type": "Feature", "properties": { "station_id": "792", "name": "Stickney Mill", "state": "ID", "county": "Custer", "elevation_ft": 7440.0, "latitude": 43.86117, "longitude": -114.20902, "huc": "170402180303", "actonId": null, "shefId": "STMI1", "beginDate": "1979-10-01 00:00", "endDate": "2100-01-01 00:00", "network": "SNTL" }, "geometry": { "type": "Point", "coordinates": [ -114.20902, 43.86117 ] } },
{ "type": "Feature", "properties": { "station_id": "793", "name": "Stillwater Creek", "state": "CO", "county": "Grand", "elevation_ft": 8760.0, "latitude": 40.22532, "longitude": -105.9198, "huc": "140100010306", "actonId": null, "shefId": "SCSC2", "beginDate": "1985-10-01 00:00", "endDate": "2100-01-01 00:00", "network": "SNTL" }, "geometry": { "type": "Point", "coordinates": [ -105.9198, 40.22532 ] } },
{ "type": "Feature", "properties": { "station_id": "794", "name": "Strawberry", "state": "OR", "county": "Lake", "elevation_ft": 5760.0, "latitude": 42.12587, "longitude": -120.8361, "huc": "180102040501", "actonId": null, "shefId": "STWO3", "beginDate": "1979-10-01 00:00", "endDate": "2100-01-01 00:00", "network": "SNTL" }, "geometry": { "type": "Point", "coordinates": [ -120.8361, 42.12587 ] } },
{ "type": "Feature", "properties": { "station_id": "795", "name": "Strawberry Divide", "state": "UT", "county": "Wasatch", "elevation_ft": 8100.0, "latitude": 40.16483, "longitude": -111.20665, "huc": "140600040103", "actonId": null, "shefId": "STDU1", "beginDate": "1978-10-01 00:00", "endDate": "2100-01-01 00:00", "network": "SNTL" }, "geometry": { "type": "Point", "coordinates": [ -111.20665, 40.16483 ] } },
{ "type": "Feature", "properties": { "station_id": "1009", "name": "Stringer Creek", "state": "MT", "county": "Meagher", "elevation_ft": 6550.0, "latitude": 46.9269, "longitude": -110.90198, "huc": "100301030801", "actonId": null, "shefId": "STCM8", "beginDate": "1992-10-01 00:00", "endDate": "2100-01-01 00:00", "network": "SNTL" }, "geometry": { "type": "Point", "coordinates": [ -110.90198, 46.9269 ] } },
{ "type": "Feature", "properties": { "station_id": "1311", "name": "Stryker Basin", "state": "MT", "county": "Flathead", "elevation_ft": 6200.0, "latitude": 48.68005, "longitude": -114.66365, "huc": "170102100501", "actonId": null, "shefId": "STYM8", "beginDate": "2023-09-29 00:00", "endDate": "2100-01-01 00:00", "network": "SNTL" }, "geometry": { "type": "Point", "coordinates": [ -114.66365, 48.68005 ] } },
{ "type": "Feature", "properties": { "station_id": "901", "name": "Stuart Mountain", "state": "MT", "county": "Missoula", "elevation_ft": 7270.0, "latitude": 46.99521, "longitude": -113.92667, "huc": "170102040102", "actonId": null, "shefId": "STTM8", "beginDate": "1994-07-26 00:00", "endDate": "2100-01-01 00:00", "network": "SNTL" }, "geometry": { "type": "Point", "coordinates": [ -113.92667, 46.99521 ] } },
{ "type": "Feature", "properties": { "station_id": "797", "name": "Stump Lakes", "state": "CO", "county": "La Plata", "elevation_ft": 11230.0, "latitude": 37.47647, "longitude": -107.63348, "huc": "140801040702", "actonId": null, "shefId": "STPC2", "beginDate": "1985-10-01 00:00", "endDate": "2100-01-01 00:00", "network": "SNTL" }, "geometry": { "type": "Point", "coordinates": [ -107.63348, 37.47647 ] } },
{ "type": "Feature", "properties": { "station_id": "798", "name": "Sucker Creek", "state": "WY", "county": "Sheridan", "elevation_ft": 8840.0, "latitude": 44.72279, "longitude": -107.40035, "huc": "100901010203", "actonId": null, "shefId": "SUCW4", "beginDate": "1978-10-01 00:00", "endDate": "2100-01-01 00:00", "network": "SNTL" }, "geometry": { "type": "Point", "coordinates": [ -107.40035, 44.72279 ] } },
{ "type": "Feature", "properties": { "station_id": "1095", "name": "Sugarloaf Mtn", "state": "AK", "county": "Valdez-Cordova", "elevation_ft": 530.0, "latitude": 61.08042, "longitude": -146.30202, "huc": "190202011101", "actonId": null, "shefId": "SUGA2", "beginDate": "2006-10-01 00:00", "endDate": "2100-01-01 00:00", "network": "SNTL" }, "geometry": { "type": "Point", "coordinates": [ -146.30202, 61.08042 ] } },
{ "type": "Feature", "properties": { "station_id": "800", "name": "Summer Rim", "state": "OR", "county": "Lake", "elevation_ft": 7080.0, "latitude": 42.6957, "longitude": -120.80158, "huc": "180102020103", "actonId": null, "shefId": "SMRO3", "beginDate": "1978-10-01 00:00", "endDate": "2100-01-01 00:00", "network": "SNTL" }, "geometry": { "type": "Point", "coordinates": [ -120.80158, 42.6957 ] } },
{ "type": "Feature", "properties": { "station_id": "955", "name": "Summit Creek", "state": "AK", "county": "Kenai Peninsula", "elevation_ft": 1340.0, "latitude": 60.61713, "longitude": -149.53128, "huc": "190203020401", "actonId": null, "shefId": "SUUA2", "beginDate": "1988-10-01 00:00", "endDate": "2100-01-01 00:00", "network": "SNTL" }, "geometry": { "type": "Point", "coordinates": [ -149.53128, 60.61713 ] } },
{ "type": "Feature", "properties": { "station_id": "801", "name": "Summit Lake", "state": "OR", "county": "Klamath", "elevation_ft": 5610.0, "latitude": 43.44907, "longitude": -122.13808, "huc": "170703020203", "actonId": null, "shefId": "SMLO3", "beginDate": "1978-10-01 00:00", "endDate": "2100-01-01 00:00", "network": "SNTL" }, "geometry": { "type": "Point", "coordinates": [ -122.13808, 43.44907 ] } },
{ "type": "Feature", "properties": { "station_id": "1194", "name": "Summit Lk", "state": "NV", "county": "Humboldt", "elevation_ft": 7590.0, "latitude": 41.48953, "longitude": -118.99663, "huc": "160402021301", "actonId": null, "shefId": "MTLN2", "beginDate": "2011-10-01 00:00", "endDate": "2100-01-01 00:00", "network": "SNTL" }, "geometry": { "type": "Point", "coordinates": [ -118.99663, 41.48953 ] } },
{ "type": "Feature", "properties": { "station_id": "1052", "name": "Summit Meadow", "state": "CA", "county": "Mono", "elevation_ft": 9360.0, "latitude": 38.39747, "longitude": -119.53522, "huc": "160503020203", "actonId": null, "shefId": "SDWC1", "beginDate": "2003-10-01 00:00", "endDate": "2100-01-01 00:00", "network": "SNTL" }, "geometry": { "type": "Point", "coordinates": [ -119.53522, 38.39747 ] } },
{ "type": "Feature", "properties": { "station_id": "802", "name": "Summit Ranch", "state": "CO", "county": "Summit", "elevation_ft": 9350.0, "latitude": 39.71803, "longitude": -106.1577, "huc": "140100020502", "actonId": null, "shefId": "SUMC2", "beginDate": "1979-10-01 00:00", "endDate": "2100-01-01 00:00", "network": "SNTL" }, "geometry": { "type": "Point", "coordinates": [ -106.1577, 39.71803 ] } },
{ "type": "Feature", "properties": { "station_id": "1078", "name": "Sun Pass", "state": "OR", "county": "Klamath", "elevation_ft": 5400.0, "latitude": 42.78637, "longitude": -121.97715, "huc": "180102010602", "actonId": null, "shefId": "SSSO3", "beginDate": "2006-06-27 00:00", "endDate": "2100-01-01 00:00", "network": "SNTL" }, "geometry": { "type": "Point", "coordinates": [ -121.97715, 42.78637 ] } },
{ "type": "Feature", "properties": { "station_id": "1249", "name": "Sunflower Flat", "state": "UT", "county": "Garfield", "elevation_ft": 10010.0, "latitude": 38.048, "longitude": -111.33981, "huc": "140700030406", "actonId": null, "shefId": "SFFU1", "beginDate": "2013-10-23 00:00", "endDate": "2100-01-01 00:00", "network": "SNTL" }, "geometry": { "type": "Point", "coordinates": [ -111.33981, 38.048 ] } },
{ "type": "Feature", "properties": { "station_id": "803", "name": "Sunset", "state": "ID", "county": "Shoshone", "elevation_ft": 5580.0, "latitude": 47.55545, "longitude": -115.82422, "huc": "170103020102", "actonId": null, "shefId": "SNSI1", "beginDate": "1978-10-01 00:00", "endDate": "2100-01-01 00:00", "network": "SNTL" }, "geometry": { "type": "Point", "coordinates": [ -115.82422, 47.55545 ] } },
{ "type": "Feature", "properties": { "station_id": "804", "name": "Surprise Lakes", "state": "WA", "county": "Skamania", "elevation_ft": 4280.0, "latitude": 46.09497, "longitude": -121.76345, "huc": "170800020107", "actonId": null, "shefId": "SPLW1", "beginDate": "1978-10-01 00:00", "endDate": "2100-01-01 00:00", "network": "SNTL" }, "geometry": { "type": "Point", "coordinates": [ -121.76345, 46.09497 ] } },
{ "type": "Feature", "properties": { "station_id": "967", "name": "Susitna Valley High", "state": "AK", "county": "Matanuska-Susitna", "elevation_ft": 360.0, "latitude": 62.13245, "longitude": -150.04391, "huc": "190205050105", "actonId": null, "shefId": "SUVA2", "beginDate": "1986-10-01 00:00", "endDate": "2100-01-01 00:00", "network": "SNTL" }, "geometry": { "type": "Point", "coordinates": [ -150.04391, 62.13245 ] } },
{ "type": "Feature", "properties": { "station_id": "1248", "name": "Suu Ranch", "state": "UT", "county": "Iron", "elevation_ft": 8050.0, "latitude": 37.59711, "longitude": -112.92949, "huc": "160300060306", "actonId": null, "shefId": "SURU1", "beginDate": "2013-10-01 00:00", "endDate": "2100-01-01 00:00", "network": "SNTL" }, "geometry": { "type": "Point", "coordinates": [ -112.92949, 37.59711 ] } },
{ "type": "Feature", "properties": { "station_id": "975", "name": "Swamp Creek", "state": "WA", "county": "Skagit", "elevation_ft": 3930.0, "latitude": 48.57142, "longitude": -120.78267, "huc": "171100050503", "actonId": null, "shefId": "SWSW1", "beginDate": "1999-10-01 00:00", "endDate": "2100-01-01 00:00", "network": "SNTL" }, "geometry": { "type": "Point", "coordinates": [ -120.78267, 48.57142 ] } },
{ "type": "Feature", "properties": { "station_id": "1077", "name": "Swan Lake Mtn", "state": "OR", "county": "Klamath", "elevation_ft": 6840.0, "latitude": 42.41323, "longitude": -121.68002, "huc": "180102040802", "actonId": null, "shefId": "SWNO3", "beginDate": "2006-10-01 00:00", "endDate": "2100-01-01 00:00", "network": "SNTL" }, "geometry": { "type": "Point", "coordinates": [ -121.68002, 42.41323 ] } },
{ "type": "Feature", "properties": { "station_id": "805", "name": "Swede Peak", "state": "ID", "county": "Blaine", "elevation_ft": 7640.0, "latitude": 43.626, "longitude": -113.96887, "huc": "170402210301", "actonId": null, "shefId": "SWPI1", "beginDate": "1978-10-01 00:00", "endDate": "2100-01-01 00:00", "network": "SNTL" }, "geometry": { "type": "Point", "coordinates": [ -113.96887, 43.626 ] } },
{ "type": "Feature", "properties": { "station_id": "1012", "name": "Swift Creek", "state": "WA", "county": "Skamania", "elevation_ft": 4440.0, "latitude": 46.1638, "longitude": -122.18402, "huc": "170800020304", "actonId": null, "shefId": "SWCW1", "beginDate": "2001-10-01 00:00", "endDate": "2100-01-01 00:00", "network": "SNTL" }, "geometry": { "type": "Point", "coordinates": [ -122.18402, 46.1638 ] } },
{ "type": "Feature", "properties": { "station_id": "806", "name": "Sylvan Lake", "state": "WY", "county": "Park", "elevation_ft": 8440.0, "latitude": 44.47764, "longitude": -110.15651, "huc": "100700010404", "actonId": null, "shefId": "SYLW4", "beginDate": "1978-10-01 00:00", "endDate": "2100-01-01 00:00", "network": "SNTL" }, "geometry": { "type": "Point", "coordinates": [ -110.15651, 44.47764 ] } },
{ "type": "Feature", "properties": { "station_id": "807", "name": "Sylvan Road", "state": "WY", "county": "Park", "elevation_ft": 7140.0, "latitude": 44.47825, "longitude": -110.03808, "huc": "100800120103", "actonId": null, "shefId": "SYRW4", "beginDate": "1986-10-01 00:00", "endDate": "2100-01-01 00:00", "network": "SNTL" }, "geometry": { "type": "Point", "coordinates": [ -110.03808, 44.47825 ] } },
{ "type": "Feature", "properties": { "station_id": "809", "name": "Tahoe City Cross", "state": "CA", "county": "Placer", "elevation_ft": 6760.0, "latitude": 39.17162, "longitude": -120.15362, "huc": "160501010101", "actonId": null, "shefId": "THOC1", "beginDate": "1980-10-01 00:00", "endDate": "2100-01-01 00:00", "network": "SNTL" }, "geometry": { "type": "Point", "coordinates": [ -120.15362, 39.17162 ] } },
{ "type": "Feature", "properties": { "station_id": "1247", "name": "Takka Wiiya", "state": "UT", "county": "Juab", "elevation_ft": 9110.0, "latitude": 39.74104, "longitude": -113.98262, "huc": "160203060804", "actonId": null, "shefId": "TAKU1", "beginDate": "2013-10-01 00:00", "endDate": "2100-01-01 00:00", "network": "SNTL" }, "geometry": { "type": "Point", "coordinates": [ -113.98262, 39.74104 ] } },
{ "type": "Feature", "properties": { "station_id": "1168", "name": "Taos Powderhorn", "state": "NM", "county": "Taos", "elevation_ft": 11030.0, "latitude": 36.58195, "longitude": -105.45617, "huc": "130201010701", "actonId": null, "shefId": "TABN5", "beginDate": "2010-08-09 00:00", "endDate": "2100-01-01 00:00", "network": "SNTL" }, "geometry": { "type": "Point", "coordinates": [ -105.45617, 36.58195 ] } },
{ "type": "Feature", "properties": { "station_id": "1307", "name": "Taos Pueblo", "state": "NM", "county": "Colfax", "elevation_ft": 10990.0, "latitude": 36.54099, "longitude": -105.35944, "huc": "130201010602", "actonId": null, "shefId": "TPSN5", "beginDate": "2021-09-21 00:00", "endDate": "2100-01-01 00:00", "network": "SNTL" }, "geometry": { "type": "Point", "coordinates": [ -105.35944, 36.54099 ] } },
{ "type": "Feature", "properties": { "station_id": "810", "name": "Taylor Butte", "state": "OR", "county": "Klamath", "elevation_ft": 5030.0, "latitude": 42.69108, "longitude": -121.42592, "huc": "180102020606", "actonId": null, "shefId": "TYBO3", "beginDate": "1978-10-01 00:00", "endDate": "2100-01-01 00:00", "network": "SNTL" }, "geometry": { "type": "Point", "coordinates": [ -121.42592, 42.69108 ] } },
{ "type": "Feature", "properties": { "station_id": "811", "name": "Taylor Canyon", "state": "NV", "county": "Elko", "elevation_ft": 6320.0, "latitude": 41.2287, "longitude": -116.0293, "huc": "170501050105", "actonId": null, "shefId": "TACN2", "beginDate": "1980-10-01 00:00", "endDate": "2100-01-01 00:00", "network": "SNTL" }, "geometry": { "type": "Point", "coordinates": [ -116.0293, 41.2287 ] } },
{ "type": "Feature", "properties": { "station_id": "812", "name": "Taylor Green", "state": "OR", "county": "Baker", "elevation_ft": 5730.0, "latitude": 45.07707, "longitude": -117.55067, "huc": "170601040502", "actonId": null, "shefId": "TYLO3", "beginDate": "1978-10-01 00:00", "endDate": "2100-01-01 00:00", "network": "SNTL" }, "geometry": { "type": "Point", "coordinates": [ -117.55067, 45.07707 ] } },
{ "type": "Feature", "properties": { "station_id": "1266", "name": "Telaquana Lake", "state": "AK", "county": "Bethel", "elevation_ft": 1250.0, "latitude": 60.98347, "longitude": -153.91866, "huc": "190304052303", "actonId": null, "shefId": "TQUA2", "beginDate": "2014-07-09 00:00", "endDate": "2100-01-01 00:00", "network": "SNTL" }, "geometry": { "type": "Point", "coordinates": [ -153.91866, 60.98347 ] } },
{ "type": "Feature", "properties": { "station_id": "1013", "name": "Temple Fork", "state": "UT", "county": "Cache", "elevation_ft": 7420.0, "latitude": 41.793, "longitude": -111.54605, "huc": "160102030303", "actonId": null, "shefId": "TPKU1", "beginDate": "2001-11-05 00:00", "endDate": "2100-01-01 00:00", "network": "SNTL" }, "geometry": { "type": "Point", "coordinates": [ -111.54605, 41.793 ] } },
{ "type": "Feature", "properties": { "station_id": "1202", "name": "Tent Mtn Lower", "state": "NV", "county": "Elko", "elevation_ft": 7110.0, "latitude": 40.97852, "longitude": -115.17215, "huc": "160401010704", "actonId": null, "shefId": "TMLN2", "beginDate": "2011-12-23 00:00", "endDate": "2100-01-01 00:00", "network": "SNTL" }, "geometry": { "type": "Point", "coordinates": [ -115.17215, 40.97852 ] } },
{ "type": "Feature", "properties": { "station_id": "813", "name": "Tepee Creek", "state": "MT", "county": "Madison", "elevation_ft": 7950.0, "latitude": 44.78562, "longitude": -111.71, "huc": "100200070602", "actonId": null, "shefId": "TPEM8", "beginDate": "1971-10-01 00:00", "endDate": "2100-01-01 00:00", "network": "SNTL" }, "geometry": { "type": "Point", "coordinates": [ -111.71, 44.78562 ] } },
{ "type": "Feature", "properties": { "station_id": "951", "name": "Teuchet Creek", "state": "AK", "county": "Fairbanks North Star", "elevation_ft": 1560.0, "latitude": 64.94763, "longitude": -145.52079, "huc": "190803060301", "actonId": null, "shefId": "TEUA2", "beginDate": "1980-10-01 00:00", "endDate": "2100-01-01 00:00", "network": "SNTL" }, "geometry": { "type": "Point", "coordinates": [ -145.52079, 64.94763 ] } },
{ "type": "Feature", "properties": { "station_id": "814", "name": "Thaynes Canyon", "state": "UT", "county": "Summit", "elevation_ft": 9250.0, "latitude": 40.6235, "longitude": -111.53322, "huc": "160201020101", "actonId": null, "shefId": "THCU1", "beginDate": "1988-06-20 00:00", "endDate": "2100-01-01 00:00", "network": "SNTL" }, "geometry": { "type": "Point", "coordinates": [ -111.53322, 40.6235 ] } },
{ "type": "Feature", "properties": { "station_id": "1226", "name": "Thistle Flat", "state": "UT", "county": "Sanpete", "elevation_ft": 8790.0, "latitude": 39.23803, "longitude": -111.51998, "huc": "160300040501", "actonId": null, "shefId": "THIU1", "beginDate": "2012-10-01 00:00", "endDate": "2100-01-01 00:00", "network": "SNTL" }, "geometry": { "type": "Point", "coordinates": [ -111.51998, 39.23803 ] } },
{ "type": "Feature", "properties": { "station_id": "815", "name": "Three Creeks Meadow", "state": "OR", "county": "Deschutes", "elevation_ft": 5680.0, "latitude": 44.14425, "longitude": -121.64095, "huc": "170703010601", "actonId": null, "shefId": "TCMO3", "beginDate": "1979-10-01 00:00", "endDate": "2100-01-01 00:00", "network": "SNTL" }, "geometry": { "type": "Point", "coordinates": [ -121.64095, 44.14425 ] } },
{ "type": "Feature", "properties": { "station_id": "816", "name": "Thumb Divide", "state": "WY", "county": "Teton", "elevation_ft": 7970.0, "latitude": 44.36917, "longitude": -110.57717, "huc": "100700010409", "actonId": null, "shefId": "THUW4", "beginDate": "1987-09-30 00:00", "endDate": "2100-01-01 00:00", "network": "SNTL" }, "geometry": { "type": "Point", "coordinates": [ -110.57717, 44.36917 ] } },
{ "type": "Feature", "properties": { "station_id": "817", "name": "Thunder Basin", "state": "WA", "county": "Skagit", "elevation_ft": 4310.0, "latitude": 48.52753, "longitude": -120.9895, "huc": "171100050702", "actonId": null, "shefId": "THBW1", "beginDate": "1987-09-30 00:00", "endDate": "2100-01-01 00:00", "network": "SNTL" }, "geometry": { "type": "Point", "coordinates": [ -120.9895, 48.52753 ] } },
{ "type": "Feature", "properties": { "station_id": "818", "name": "Tie Creek", "state": "WY", "county": "Sheridan", "elevation_ft": 7050.0, "latitude": 44.81243, "longitude": -107.41017, "huc": "100901010205", "actonId": null, "shefId": "TIEW4", "beginDate": "1994-08-01 00:00", "endDate": "2100-01-01 00:00", "network": "SNTL" }, "geometry": { "type": "Point", "coordinates": [ -107.41017, 44.81243 ] } },
{ "type": "Feature", "properties": { "station_id": "819", "name": "Timber Creek", "state": "WY", "county": "Park", "elevation_ft": 7910.0, "latitude": 44.0274, "longitude": -109.17879, "huc": "100800090210", "actonId": null, "shefId": "TICW4", "beginDate": "1967-08-01 00:00", "endDate": "2100-01-01 00:00", "network": "SNTL" }, "geometry": { "type": "Point", "coordinates": [ -109.17879, 44.0274 ] } },
{ "type": "Feature", "properties": { "station_id": "1097", "name": "Timberline", "state": "UT", "county": "Carbon", "elevation_ft": 8720.0, "latitude": 39.67712, "longitude": -110.43395, "huc": "140600070903", "actonId": null, "shefId": "TLNU1", "beginDate": "2007-10-01 00:00", "endDate": "2100-01-01 00:00", "network": "SNTL" }, "geometry": { "type": "Point", "coordinates": [ -110.43395, 39.67712 ] } },
{ "type": "Feature", "properties": { "station_id": "820", "name": "Timpanogos Divide", "state": "UT", "county": "Utah", "elevation_ft": 8180.0, "latitude": 40.42817, "longitude": -111.61633, "huc": "160202010802", "actonId": null, "shefId": "TIMU1", "beginDate": "1978-10-01 00:00", "endDate": "2100-01-01 00:00", "network": "SNTL" }, "geometry": { "type": "Point", "coordinates": [ -111.61633, 40.42817 ] } },
{ "type": "Feature", "properties": { "station_id": "899", "name": "Tinkham Creek", "state": "WA", "county": "King", "elevation_ft": 3000.0, "latitude": 47.33198, "longitude": -121.46975, "huc": "171100120101", "actonId": null, "shefId": "TKSW1", "beginDate": "1993-10-01 00:00", "endDate": "2100-01-01 00:00", "network": "SNTL" }, "geometry": { "type": "Point", "coordinates": [ -121.46975, 47.33198 ] } },
{ "type": "Feature", "properties": { "station_id": "821", "name": "Tipton", "state": "OR", "county": "Baker", "elevation_ft": 5150.0, "latitude": 44.65567, "longitude": -118.42617, "huc": "170502020101", "actonId": null, "shefId": "TIPO3", "beginDate": "1978-10-01 00:00", "endDate": "2100-01-01 00:00", "network": "SNTL" }, "geometry": { "type": "Point", "coordinates": [ -118.42617, 44.65567 ] } },
{ "type": "Feature", "properties": { "station_id": "893", "name": "Tizer Basin", "state": "MT", "county": "Jefferson", "elevation_ft": 6880.0, "latitude": 46.34937, "longitude": -111.85308, "huc": "100301010701", "actonId": null, "shefId": "TIBM8", "beginDate": "1987-10-01 00:00", "endDate": "2100-01-01 00:00", "network": "SNTL" }, "geometry": { "type": "Point", "coordinates": [ -111.85308, 46.34937 ] } },
{ "type": "Feature", "properties": { "station_id": "1136", "name": "Toe Jam", "state": "NV", "county": "Elko", "elevation_ft": 7700.0, "latitude": 41.3187, "longitude": -116.3408, "huc": "160401060202", "actonId": null, "shefId": "TJMN2", "beginDate": "2009-10-01 00:00", "endDate": "2100-01-01 00:00", "network": "SNTL" }, "geometry": { "type": "Point", "coordinates": [ -116.3408, 41.3187 ] } },
{ "type": "Feature", "properties": { "station_id": "822", "name": "Togwotee Pass", "state": "WY", "county": "Teton", "elevation_ft": 9590.0, "latitude": 43.74902, "longitude": -110.0578, "huc": "100800010201", "actonId": null, "shefId": "TOGW4", "beginDate": "1960-10-01 00:00", "endDate": "2100-01-01 00:00", "network": "SNTL" }, "geometry": { "type": "Point", "coordinates": [ -110.0578, 43.74902 ] } },
{ "type": "Feature", "properties": { "station_id": "2080", "name": "Tok", "state": "AK", "county": "Southeast Fairbanks", "elevation_ft": 1640.0, "latitude": 63.32529, "longitude": -143.03834, "huc": "190803020903", "actonId": null, "shefId": "TOSA2", "beginDate": "2002-10-01 00:00", "endDate": "2100-01-01 00:00", "network": "SNTL" }, "geometry": { "type": "Point", "coordinates": [ -143.03834, 63.32529 ] } },
{ "type": "Feature", "properties": { "station_id": "1044", "name": "Toketee Airstrip", "state": "OR", "county": "Douglas", "elevation_ft": 3240.0, "latitude": 43.22718, "longitude": -122.42537, "huc": "171003010404", "actonId": null, "shefId": "TOKO3", "beginDate": "2003-10-01 00:00", "endDate": "2100-01-01 00:00", "network": "SNTL" }, "geometry": { "type": "Point", "coordinates": [ -122.42537, 43.22718 ] } },
{ "type": "Feature", "properties": { "station_id": "1089", "name": "Tokositna Valley", "state": "AK", "county": "Matanuska-Susitna", "elevation_ft": 840.0, "latitude": 62.62918, "longitude": -150.7741, "huc": "190205020903", "actonId": null, "shefId": "TKVA2", "beginDate": "2005-10-01 00:00", "endDate": "2100-01-01 00:00", "network": "SNTL" }, "geometry": { "type": "Point", "coordinates": [ -150.7741, 62.62918 ] } },
{ "type": "Feature", "properties": { "station_id": "934", "name": "Tolby", "state": "NM", "county": "Colfax", "elevation_ft": 10210.0, "latitude": 36.47498, "longitude": -105.19534, "huc": "110800020107", "actonId": null, "shefId": "TOLN5", "beginDate": "1998-08-10 00:00", "endDate": "2100-01-01 00:00", "network": "SNTL" }, "geometry": { "type": "Point", "coordinates": [ -105.19534, 36.47498 ] } },
{ "type": "Feature", "properties": { "station_id": "823", "name": "Tony Grove Lake", "state": "UT", "county": "Cache", "elevation_ft": 8450.0, "latitude": 41.89833, "longitude": -111.62957, "huc": "160102030304", "actonId": null, "shefId": "TGLU1", "beginDate": "1978-10-01 00:00", "endDate": "2100-01-01 00:00", "network": "SNTL" }, "geometry": { "type": "Point", "coordinates": [ -111.62957, 41.89833 ] } },
{ "type": "Feature", "properties": { "station_id": "1113", "name": "Tony Grove RS", "state": "UT", "county": "Cache", "elevation_ft": 6320.0, "latitude": 41.88573, "longitude": -111.56918, "huc": "160102030304", "actonId": null, "shefId": "TGSU1", "beginDate": "2009-10-01 00:00", "endDate": "2100-01-01 00:00", "network": "SNTL" }, "geometry": { "type": "Point", "coordinates": [ -111.56918, 41.88573 ] } },
{ "type": "Feature", "properties": { "station_id": "824", "name": "Touchet", "state": "WA", "county": "Columbia", "elevation_ft": 5520.0, "latitude": 46.11868, "longitude": -117.8505, "huc": "170701020303", "actonId": null, "shefId": "TOHW1", "beginDate": "1979-10-01 00:00", "endDate": "2100-01-01 00:00", "network": "SNTL" }, "geometry": { "type": "Point", "coordinates": [ -117.8505, 46.11868 ] } },
{ "type": "Feature", "properties": { "station_id": "825", "name": "Tower", "state": "CO", "county": "Routt", "elevation_ft": 10610.0, "latitude": 40.5374, "longitude": -106.67655, "huc": "140500010407", "actonId": null, "shefId": "TOWC2", "beginDate": "1978-10-01 00:00", "endDate": "2100-01-01 00:00", "network": "SNTL" }, "geometry": { "type": "Point", "coordinates": [ -106.67655, 40.5374 ] } },
{ "type": "Feature", "properties": { "station_id": "826", "name": "Townsend Creek", "state": "WY", "county": "Fremont", "elevation_ft": 8720.0, "latitude": 42.69525, "longitude": -108.89572, "huc": "100800030203", "actonId": null, "shefId": "TWNW4", "beginDate": "1979-10-01 00:00", "endDate": "2100-01-01 00:00", "network": "SNTL" }, "geometry": { "type": "Point", "coordinates": [ -108.89572, 42.69525 ] } },
{ "type": "Feature", "properties": { "station_id": "827", "name": "Trapper Lake", "state": "CO", "county": "Garfield", "elevation_ft": 9750.0, "latitude": 39.99881, "longitude": -107.23618, "huc": "140500050101", "actonId": null, "shefId": "TLSC2", "beginDate": "1985-10-01 00:00", "endDate": "2100-01-01 00:00", "network": "SNTL" }, "geometry": { "type": "Point", "coordinates": [ -107.23618, 39.99881 ] } },
{ "type": "Feature", "properties": { "station_id": "1083", "name": "Tres Ritos", "state": "NM", "county": "Taos", "elevation_ft": 8740.0, "latitude": 36.1279, "longitude": -105.52706, "huc": "130201010903", "actonId": null, "shefId": "TREN5", "beginDate": "2006-09-01 00:00", "endDate": "2100-01-01 00:00", "network": "SNTL" }, "geometry": { "type": "Point", "coordinates": [ -105.52706, 36.1279 ] } },
{ "type": "Feature", "properties": { "station_id": "828", "name": "Trial Lake", "state": "UT", "county": "Summit", "elevation_ft": 9970.0, "latitude": 40.678, "longitude": -110.94873, "huc": "160202030102", "actonId": null, "shefId": "TRLU1", "beginDate": "1978-10-01 00:00", "endDate": "2100-01-01 00:00", "network": "SNTL" }, "geometry": { "type": "Point", "coordinates": [ -110.94873, 40.678 ] } },
{ "type": "Feature", "properties": { "station_id": "829", "name": "Trinchera", "state": "CO", "county": "Costilla", "elevation_ft": 10850.0, "latitude": 37.35296, "longitude": -105.23259, "huc": "130100020601", "actonId": null, "shefId": "TCHC2", "beginDate": "1988-10-01 00:00", "endDate": "2100-01-01 00:00", "network": "SNTL" }, "geometry": { "type": "Point", "coordinates": [ -105.23259, 37.35296 ] } },
{ "type": "Feature", "properties": { "station_id": "1171", "name": "Trinity", "state": "WA", "county": "Chelan", "elevation_ft": 2900.0, "latitude": 48.07471, "longitude": -120.84989, "huc": "170200110302", "actonId": null, "shefId": "TRIW1", "beginDate": "2010-08-18 00:00", "endDate": "2100-01-01 00:00", "network": "SNTL" }, "geometry": { "type": "Point", "coordinates": [ -120.84989, 48.07471 ] } },
{ "type": "Feature", "properties": { "station_id": "830", "name": "Trinity Mtn.", "state": "ID", "county": "Elmore", "elevation_ft": 7790.0, "latitude": 43.62903, "longitude": -115.43818, "huc": "170501110703", "actonId": null, "shefId": "TRMI1", "beginDate": "1978-10-01 00:00", "endDate": "2100-01-01 00:00", "network": "SNTL" }, "geometry": { "type": "Point", "coordinates": [ -115.43818, 43.62903 ] } },
{ "type": "Feature", "properties": { "station_id": "831", "name": "Triple Peak", "state": "WY", "county": "Sublette", "elevation_ft": 8520.0, "latitude": 42.76393, "longitude": -110.5914, "huc": "140401010503", "actonId": null, "shefId": "TRPW4", "beginDate": "1984-10-01 00:00", "endDate": "2100-01-01 00:00", "network": "SNTL" }, "geometry": { "type": "Point", "coordinates": [ -110.5914, 42.76393 ] } },
{ "type": "Feature", "properties": { "station_id": "832", "name": "Trough", "state": "WA", "county": "Kittitas", "elevation_ft": 5480.0, "latitude": 47.23328, "longitude": -120.29412, "huc": "170200100402", "actonId": null, "shefId": "TRGW1", "beginDate": "1978-10-01 00:00", "endDate": "2100-01-01 00:00", "network": "SNTL" }, "geometry": { "type": "Point", "coordinates": [ -120.29412, 47.23328 ] } },
{ "type": "Feature", "properties": { "station_id": "833", "name": "Trout Creek", "state": "UT", "county": "Uintah", "elevation_ft": 9440.0, "latitude": 40.739, "longitude": -109.6728, "huc": "140600100802", "actonId": null, "shefId": "TCKU1", "beginDate": "1978-10-01 00:00", "endDate": "2100-01-01 00:00", "network": "SNTL" }, "geometry": { "type": "Point", "coordinates": [ -109.6728, 40.739 ] } },
{ "type": "Feature", "properties": { "station_id": "834", "name": "Truckee #2", "state": "CA", "county": "Placer", "elevation_ft": 6500.0, "latitude": 39.30087, "longitude": -120.18407, "huc": "160501020204", "actonId": null, "shefId": "TRUC1", "beginDate": "1980-10-01 00:00", "endDate": "2100-01-01 00:00", "network": "SNTL" }, "geometry": { "type": "Point", "coordinates": [ -120.18407, 39.30087 ] } },
{ "type": "Feature", "properties": { "station_id": "954", "name": "Turnagain Pass", "state": "AK", "county": "Kenai Peninsula", "elevation_ft": 1860.0, "latitude": 60.78043, "longitude": -149.18325, "huc": "190203020406", "actonId": null, "shefId": "TUGA2", "beginDate": "1981-10-01 00:00", "endDate": "2100-01-01 00:00", "network": "SNTL" }, "geometry": { "type": "Point", "coordinates": [ -149.18325, 60.78043 ] } },
{ "type": "Feature", "properties": { "station_id": "835", "name": "Twelvemile Creek", "state": "MT", "county": "Ravalli", "elevation_ft": 5530.0, "latitude": 46.14287, "longitude": -114.44755, "huc": "170102050601", "actonId": null, "shefId": "TMCM8", "beginDate": "1967-10-01 00:00", "endDate": "2100-01-01 00:00", "network": "SNTL" }, "geometry": { "type": "Point", "coordinates": [ -114.44755, 46.14287 ] } },
{ "type": "Feature", "properties": { "station_id": "836", "name": "Twin Lakes", "state": "MT", "county": "Ravalli", "elevation_ft": 6390.0, "latitude": 46.1438, "longitude": -114.5056, "huc": "170102050601", "actonId": null, "shefId": "TWLM8", "beginDate": "1967-10-01 00:00", "endDate": "2100-01-01 00:00", "network": "SNTL" }, "geometry": { "type": "Point", "coordinates": [ -114.5056, 46.1438 ] } },
{ "type": "Feature", "properties": { "station_id": "837", "name": "Two Ocean Plateau", "state": "WY", "county": "Teton", "elevation_ft": 9240.0, "latitude": 44.15178, "longitude": -110.22122, "huc": "170401010201", "actonId": null, "shefId": "TOPW4", "beginDate": "1979-10-01 00:00", "endDate": "2100-01-01 00:00", "network": "SNTL" }, "geometry": { "type": "Point", "coordinates": [ -110.22122, 44.15178 ] } },
{ "type": "Feature", "properties": { "station_id": "838", "name": "University Camp", "state": "CO", "county": "Boulder", "elevation_ft": 10330.0, "latitude": 40.03307, "longitude": -105.57562, "huc": "101900050401", "actonId": null, "shefId": "UVCC2", "beginDate": "1978-10-01 00:00", "endDate": "2100-01-01 00:00", "network": "SNTL" }, "geometry": { "type": "Point", "coordinates": [ -105.57562, 40.03307 ] } },
{ "type": "Feature", "properties": { "station_id": "952", "name": "Upper Chena", "state": "AK", "county": "Fairbanks North Star", "elevation_ft": 2790.0, "latitude": 65.09852, "longitude": -144.93318, "huc": "190803060102", "actonId": null, "shefId": "UCEA2", "beginDate": "1983-10-01 00:00", "endDate": "2100-01-01 00:00", "network": "SNTL" }, "geometry": { "type": "Point", "coordinates": [ -144.93318, 65.09852 ] } },
{ "type": "Feature", "properties": { "station_id": "1227", "name": "Upper Joes Valley", "state": "UT", "county": "Emery", "elevation_ft": 8600.0, "latitude": 39.4155, "longitude": -111.2491, "huc": "140600090201", "actonId": null, "shefId": "UJVU1", "beginDate": "2012-10-01 00:00", "endDate": "2100-01-01 00:00", "network": "SNTL" }, "geometry": { "type": "Point", "coordinates": [ -111.2491, 39.4155 ] } },
{ "type": "Feature", "properties": { "station_id": "1090", "name": "Upper Nome Creek", "state": "AK", "county": "Yukon-Koyukuk", "elevation_ft": 2500.0, "latitude": 65.3671, "longitude": -146.592, "huc": "190804020304", "actonId": null, "shefId": "UNCA2", "beginDate": "2005-10-01 00:00", "endDate": "2100-01-01 00:00", "network": "SNTL" }, "geometry": { "type": "Point", "coordinates": [ -146.592, 65.3671 ] } },
{ "type": "Feature", "properties": { "station_id": "839", "name": "Upper Rio Grande", "state": "CO", "county": "Hinsdale", "elevation_ft": 9370.0, "latitude": 37.72172, "longitude": -107.25971, "huc": "130100010106", "actonId": null, "shefId": "URGC2", "beginDate": "1985-10-01 00:00", "endDate": "2100-01-01 00:00", "network": "SNTL" }, "geometry": { "type": "Point", "coordinates": [ -107.25971, 37.72172 ] } },
{ "type": "Feature", "properties": { "station_id": "840", "name": "Upper San Juan", "state": "CO", "county": "Mineral", "elevation_ft": 10140.0, "latitude": 37.48563, "longitude": -106.83528, "huc": "140801010203", "actonId": null, "shefId": "USJC2", "beginDate": "1978-10-01 00:00", "endDate": "2100-01-01 00:00", "network": "SNTL" }, "geometry": { "type": "Point", "coordinates": [ -106.83528, 37.48563 ] } },
{ "type": "Feature", "properties": { "station_id": "1141", "name": "Upper Taylor", "state": "CO", "county": "Gunnison", "elevation_ft": 10710.0, "latitude": 38.99071, "longitude": -106.74504, "huc": "140200010101", "actonId": null, "shefId": "UPTC2", "beginDate": "2009-08-26 00:00", "endDate": "2100-01-01 00:00", "network": "SNTL" }, "geometry": { "type": "Point", "coordinates": [ -106.74504, 38.99071 ] } },
{ "type": "Feature", "properties": { "station_id": "1055", "name": "Upper Tsaina River", "state": "AK", "county": "Valdez-Cordova", "elevation_ft": 1730.0, "latitude": 61.19112, "longitude": -145.64807, "huc": "190201040203", "actonId": null, "shefId": "UPPA2", "beginDate": "2002-10-01 00:00", "endDate": "2100-01-01 00:00", "network": "SNTL" }, "geometry": { "type": "Point", "coordinates": [ -145.64807, 61.19112 ] } },
{ "type": "Feature", "properties": { "station_id": "841", "name": "Upper Wheeler", "state": "WA", "county": "Chelan", "elevation_ft": 4330.0, "latitude": 47.28734, "longitude": -120.37015, "huc": "170200100310", "actonId": null, "shefId": "UPWW1", "beginDate": "1979-10-01 00:00", "endDate": "2100-01-01 00:00", "network": "SNTL" }, "geometry": { "type": "Point", "coordinates": [ -120.37015, 47.28734 ] } },
{ "type": "Feature", "properties": { "station_id": "1098", "name": "Usu Doc Daniel", "state": "UT", "county": "Rich", "elevation_ft": 8610.0, "latitude": 41.86425, "longitude": -111.50603, "huc": "160102010103", "actonId": null, "shefId": "UDDU1", "beginDate": "2007-10-01 00:00", "endDate": "2100-01-01 00:00", "network": "SNTL" }, "geometry": { "type": "Point", "coordinates": [ -111.50603, 41.86425 ] } },
{ "type": "Feature", "properties": { "station_id": "1005", "name": "Ute Creek", "state": "CO", "county": "Costilla", "elevation_ft": 10730.0, "latitude": 37.6148, "longitude": -105.37322, "huc": "130100020604", "actonId": null, "shefId": "UTCC2", "beginDate": "2000-08-16 00:00", "endDate": "2100-01-01 00:00", "network": "SNTL" }, "geometry": { "type": "Point", "coordinates": [ -105.37322, 37.6148 ] } },
{ "type": "Feature", "properties": { "station_id": "1137", "name": "Vacarro Springs", "state": "NV", "county": "Eureka", "elevation_ft": 7890.0, "latitude": 39.4495, "longitude": -115.9834, "huc": "160600051503", "actonId": null, "shefId": "VCSN2", "beginDate": "2011-10-01 00:00", "endDate": "2100-01-01 00:00", "network": "SNTL" }, "geometry": { "type": "Point", "coordinates": [ -115.9834, 39.4495 ] } },
{ "type": "Feature", "properties": { "station_id": "1017", "name": "Vacas Locas", "state": "NM", "county": "Rio Arriba", "elevation_ft": 9350.0, "latitude": 36.02653, "longitude": -106.81361, "huc": "130202020102", "actonId": null, "shefId": "VACN5", "beginDate": "2001-10-01 00:00", "endDate": "2100-01-01 00:00", "network": "SNTL" }, "geometry": { "type": "Point", "coordinates": [ -106.81361, 36.02653 ] } },
{ "type": "Feature", "properties": { "station_id": "842", "name": "Vail Mountain", "state": "CO", "county": "Eagle", "elevation_ft": 10290.0, "latitude": 39.61765, "longitude": -106.38019, "huc": "140100030102", "actonId": null, "shefId": "VLMC2", "beginDate": "1978-10-01 00:00", "endDate": "2100-01-01 00:00", "network": "SNTL" }, "geometry": { "type": "Point", "coordinates": [ -106.38019, 39.61765 ] } },
{ "type": "Feature", "properties": { "station_id": "843", "name": "Vallecito", "state": "CO", "county": "La Plata", "elevation_ft": 10740.0, "latitude": 37.48524, "longitude": -107.50748, "huc": "140801011105", "actonId": null, "shefId": "VALC2", "beginDate": "1985-10-01 00:00", "endDate": "2100-01-01 00:00", "network": "SNTL" }, "geometry": { "type": "Point", "coordinates": [ -107.50748, 37.48524 ] } },
{ "type": "Feature", "properties": { "station_id": "979", "name": "Van Wyck", "state": "ID", "county": "Washington", "elevation_ft": 4960.0, "latitude": 44.37665, "longitude": -116.3366, "huc": "170501240902", "actonId": null, "shefId": "VWGI1", "beginDate": "2000-10-01 00:00", "endDate": "2100-01-01 00:00", "network": "SNTL" }, "geometry": { "type": "Point", "coordinates": [ -116.3366, 44.37665 ] } },
{ "type": "Feature", "properties": { "station_id": "844", "name": "Vernon Creek", "state": "UT", "county": "Tooele", "elevation_ft": 7310.0, "latitude": 39.93667, "longitude": -112.41478, "huc": "160203040102", "actonId": null, "shefId": "VNCU1", "beginDate": "1978-10-01 00:00", "endDate": "2100-01-01 00:00", "network": "SNTL" }, "geometry": { "type": "Point", "coordinates": [ -112.41478, 39.93667 ] } },
{ "type": "Feature", "properties": { "station_id": "845", "name": "Vienna Mine", "state": "ID", "county": "Blaine", "elevation_ft": 8930.0, "latitude": 43.79942, "longitude": -114.85273, "huc": "170602010201", "actonId": null, "shefId": "VNNI1", "beginDate": "1978-10-01 00:00", "endDate": "2100-01-01 00:00", "network": "SNTL" }, "geometry": { "type": "Point", "coordinates": [ -114.85273, 43.79942 ] } },
{ "type": "Feature", "properties": { "station_id": "846", "name": "Virginia Lakes Ridge", "state": "CA", "county": "Mono", "elevation_ft": 9400.0, "latitude": 38.07298, "longitude": -119.23433, "huc": "160503010103", "actonId": null, "shefId": "VGAC1", "beginDate": "1978-10-01 00:00", "endDate": "2100-01-01 00:00", "network": "SNTL" }, "geometry": { "type": "Point", "coordinates": [ -119.23433, 38.07298 ] } },
{ "type": "Feature", "properties": { "station_id": "1188", "name": "Wager Gulch", "state": "CO", "county": "Hinsdale", "elevation_ft": 11110.0, "latitude": 37.88248, "longitude": -107.36428, "huc": "140200020602", "actonId": null, "shefId": "WRGC2", "beginDate": "2011-07-28 00:00", "endDate": "2100-01-01 00:00", "network": "SNTL" }, "geometry": { "type": "Point", "coordinates": [ -107.36428, 37.88248 ] } },
{ "type": "Feature", "properties": { "station_id": "847", "name": "Waldron", "state": "MT", "county": "Teton", "elevation_ft": 5640.0, "latitude": 47.91998, "longitude": -112.79087, "huc": "100302050102", "actonId": null, "shefId": "CHUM8", "beginDate": "1968-10-01 00:00", "endDate": "2100-01-01 00:00", "network": "SNTL" }, "geometry": { "type": "Point", "coordinates": [ -112.79087, 47.91998 ] } },
{ "type": "Feature", "properties": { "station_id": "848", "name": "Ward Creek #3", "state": "CA", "county": "Placer", "elevation_ft": 6750.0, "latitude": 39.13545, "longitude": -120.21865, "huc": "160501010403", "actonId": null, "shefId": "WRDC1", "beginDate": "1979-10-01 00:00", "endDate": "2100-01-01 00:00", "network": "SNTL" }, "geometry": { "type": "Point", "coordinates": [ -120.21865, 39.13545 ] } },
{ "type": "Feature", "properties": { "station_id": "849", "name": "Ward Mountain", "state": "NV", "county": "White Pine", "elevation_ft": 9170.0, "latitude": 39.13242, "longitude": -114.95575, "huc": "150100110105", "actonId": null, "shefId": "WDMN2", "beginDate": "1980-10-01 00:00", "endDate": "2100-01-01 00:00", "network": "SNTL" }, "geometry": { "type": "Point", "coordinates": [ -114.95575, 39.13242 ] } },
{ "type": "Feature", "properties": { "station_id": "850", "name": "Warm Springs", "state": "MT", "county": "Granite", "elevation_ft": 7840.0, "latitude": 46.27368, "longitude": -113.164, "huc": "170102010302", "actonId": null, "shefId": "WRMM8", "beginDate": "1977-07-01 00:00", "endDate": "2100-01-01 00:00", "network": "SNTL" }, "geometry": { "type": "Point", "coordinates": [ -113.164, 46.27368 ] } },
{ "type": "Feature", "properties": { "station_id": "974", "name": "Waterhole", "state": "WA", "county": "Clallam", "elevation_ft": 5010.0, "latitude": 47.94485, "longitude": -123.42594, "huc": "171100200506", "actonId": null, "shefId": "WHSW1", "beginDate": "1999-09-30 00:00", "endDate": "2100-01-01 00:00", "network": "SNTL" }, "geometry": { "type": "Point", "coordinates": [ -123.42594, 47.94485 ] } },
{ "type": "Feature", "properties": { "station_id": "852", "name": "Webber Springs", "state": "WY", "county": "Carbon", "elevation_ft": 9250.0, "latitude": 41.1591, "longitude": -106.92809, "huc": "101800020406", "actonId": null, "shefId": "WBSW4", "beginDate": "1976-02-01 00:00", "endDate": "2100-01-01 00:00", "network": "SNTL" }, "geometry": { "type": "Point", "coordinates": [ -106.92809, 41.1591 ] } },
{ "type": "Feature", "properties": { "station_id": "853", "name": "Webster Flat", "state": "UT", "county": "Iron", "elevation_ft": 9150.0, "latitude": 37.575, "longitude": -112.90155, "huc": "150100080101", "actonId": null, "shefId": "WFLU1", "beginDate": "1980-07-22 00:00", "endDate": "2100-01-01 00:00", "network": "SNTL" }, "geometry": { "type": "Point", "coordinates": [ -112.90155, 37.575 ] } },
{ "type": "Feature", "properties": { "station_id": "909", "name": "Wells Creek", "state": "WA", "county": "Whatcom", "elevation_ft": 4030.0, "latitude": 48.8661, "longitude": -121.78976, "huc": "171100040103", "actonId": null, "shefId": "WCSW1", "beginDate": "1995-08-24 00:00", "endDate": "2100-01-01 00:00", "network": "SNTL" }, "geometry": { "type": "Point", "coordinates": [ -121.78976, 48.8661 ] } },
{ "type": "Feature", "properties": { "station_id": "1160", "name": "Weminuche Creek", "state": "CO", "county": "Hinsdale", "elevation_ft": 10730.0, "latitude": 37.51968, "longitude": -107.32139, "huc": "140801020203", "actonId": null, "shefId": "WMNC2", "beginDate": "2010-10-01 00:00", "endDate": "2100-01-01 00:00", "network": "SNTL" }, "geometry": { "type": "Point", "coordinates": [ -107.32139, 37.51968 ] } },
{ "type": "Feature", "properties": { "station_id": "854", "name": "Wesner Springs", "state": "NM", "county": "San Miguel", "elevation_ft": 11110.0, "latitude": 35.77584, "longitude": -105.54337, "huc": "130600010802", "actonId": null, "shefId": "WSSN5", "beginDate": "1988-10-01 00:00", "endDate": "2100-01-01 00:00", "network": "SNTL" }, "geometry": { "type": "Point", "coordinates": [ -105.54337, 35.77584 ] } },
{ "type": "Feature", "properties": { "station_id": "855", "name": "West Branch", "state": "ID", "county": "Adams", "elevation_ft": 5590.0, "latitude": 45.0722, "longitude": -116.45413, "huc": "170501240201", "actonId": null, "shefId": "WBRI1", "beginDate": "1979-10-01 00:00", "endDate": "2100-01-01 00:00", "network": "SNTL" }, "geometry": { "type": "Point", "coordinates": [ -116.45413, 45.0722 ] } },
{ "type": "Feature", "properties": { "station_id": "924", "name": "West Yellowstone", "state": "MT", "county": "Gallatin", "elevation_ft": 6680.0, "latitude": 44.65866, "longitude": -111.09199, "huc": "100200070205", "actonId": null, "shefId": "WYSM8", "beginDate": "1966-10-01 00:00", "endDate": "2100-01-01 00:00", "network": "SNTL" }, "geometry": { "type": "Point", "coordinates": [ -111.09199, 44.65866 ] } },
{ "type": "Feature", "properties": { "station_id": "1147", "name": "Wheeler Peak", "state": "NV", "county": "White Pine", "elevation_ft": 10070.0, "latitude": 39.00995, "longitude": -114.31021, "huc": "160203010801", "actonId": null, "shefId": "WHPN2", "beginDate": "2010-10-01 00:00", "endDate": "2100-01-01 00:00", "network": "SNTL" }, "geometry": { "type": "Point", "coordinates": [ -114.31021, 39.00995 ] } },
{ "type": "Feature", "properties": { "station_id": "857", "name": "Whiskey Ck", "state": "CO", "county": "Las Animas", "elevation_ft": 10260.0, "latitude": 37.21423, "longitude": -105.12262, "huc": "110200100102", "actonId": null, "shefId": "WSKC2", "beginDate": "1979-10-01 00:00", "endDate": "2100-01-01 00:00", "network": "SNTL" }, "geometry": { "type": "Point", "coordinates": [ -105.12262, 37.21423 ] } },
{ "type": "Feature", "properties": { "station_id": "858", "name": "Whiskey Creek", "state": "MT", "county": "Gallatin", "elevation_ft": 6790.0, "latitude": 44.61088, "longitude": -111.14998, "huc": "100200070203", "actonId": null, "shefId": "WSKM8", "beginDate": "1967-10-01 00:00", "endDate": "2100-01-01 00:00", "network": "SNTL" }, "geometry": { "type": "Point", "coordinates": [ -111.14998, 44.61088 ] } },
{ "type": "Feature", "properties": { "station_id": "859", "name": "Whiskey Park", "state": "WY", "county": "Carbon", "elevation_ft": 8950.0, "latitude": 41.00368, "longitude": -106.90795, "huc": "140500030102", "actonId": null, "shefId": "WPKW4", "beginDate": "1985-10-01 00:00", "endDate": "2100-01-01 00:00", "network": "SNTL" }, "geometry": { "type": "Point", "coordinates": [ -106.90795, 41.00368 ] } },
{ "type": "Feature", "properties": { "station_id": "860", "name": "White Elephant", "state": "ID", "county": "Fremont", "elevation_ft": 7670.0, "latitude": 44.53267, "longitude": -111.41085, "huc": "170402020305", "actonId": null, "shefId": "WHEI1", "beginDate": "1979-10-01 00:00", "endDate": "2100-01-01 00:00", "network": "SNTL" }, "geometry": { "type": "Point", "coordinates": [ -111.41085, 44.53267 ] } },
{ "type": "Feature", "properties": { "station_id": "861", "name": "White Horse Lake", "state": "AZ", "county": "Coconino", "elevation_ft": 7190.0, "latitude": 35.14189, "longitude": -112.14966, "huc": "150602020204", "actonId": null, "shefId": "WHLA3", "beginDate": "1970-11-01 00:00", "endDate": "2100-01-01 00:00", "network": "SNTL" }, "geometry": { "type": "Point", "coordinates": [ -112.14966, 35.14189 ] } },
{ "type": "Feature", "properties": { "station_id": "862", "name": "White Mill", "state": "MT", "county": "Park", "elevation_ft": 8730.0, "latitude": 45.04575, "longitude": -109.90987, "huc": "100700060202", "actonId": null, "shefId": "WHTM8", "beginDate": "1966-10-01 00:00", "endDate": "2100-01-01 00:00", "network": "SNTL" }, "geometry": { "type": "Point", "coordinates": [ -109.90987, 45.04575 ] } },
{ "type": "Feature", "properties": { "station_id": "863", "name": "White Pass E.S.", "state": "WA", "county": "Yakima", "elevation_ft": 4440.0, "latitude": 46.64142, "longitude": -121.38153, "huc": "170300020301", "actonId": null, "shefId": "WHPW1", "beginDate": "1979-10-01 00:00", "endDate": "2100-01-01 00:00", "network": "SNTL" }, "geometry": { "type": "Point", "coordinates": [ -121.38153, 46.64142 ] } },
{ "type": "Feature", "properties": { "station_id": "864", "name": "White River #1", "state": "UT", "county": "Wasatch", "elevation_ft": 8620.0, "latitude": 39.9645, "longitude": -110.98845, "huc": "140600070102", "actonId": null, "shefId": "WRVU1", "beginDate": "1978-10-01 00:00", "endDate": "2100-01-01 00:00", "network": "SNTL" }, "geometry": { "type": "Point", "coordinates": [ -110.98845, 39.9645 ] } },
{ "type": "Feature", "properties": { "station_id": "1213", "name": "White River Nv", "state": "NV", "county": "White Pine", "elevation_ft": 7370.0, "latitude": 38.94557, "longitude": -115.37922, "huc": "150100110302", "actonId": null, "shefId": "WHRN2", "beginDate": "2011-12-23 09:00", "endDate": "2100-01-01 00:00", "network": "SNTL" }, "geometry": { "type": "Point", "coordinates": [ -115.37922, 38.94557 ] } },
{ "type": "Feature", "properties": { "station_id": "865", "name": "Widtsoe #3", "state": "UT", "county": "Garfield", "elevation_ft": 9640.0, "latitude": 37.83633, "longitude": -111.88163, "huc": "160300020403", "actonId": null, "shefId": "WSTU1", "beginDate": "1978-10-01 00:00", "endDate": "2100-01-01 00:00", "network": "SNTL" }, "geometry": { "type": "Point", "coordinates": [ -111.88163, 37.83633 ] } },
{ "type": "Feature", "properties": { "station_id": "543", "name": "Wilbur Bench", "state": "UT", "county": "Duchesne", "elevation_ft": 9170.0, "latitude": 39.89166, "longitude": -110.74604, "huc": "140600040701", "actonId": null, "shefId": "ICYU1", "beginDate": "1978-10-01 00:00", "endDate": "2100-01-01 00:00", "network": "SNTL" }, "geometry": { "type": "Point", "coordinates": [ -110.74604, 39.89166 ] } },
{ "type": "Feature", "properties": { "station_id": "1042", "name": "Wild Basin", "state": "CO", "county": "Boulder", "elevation_ft": 9410.0, "latitude": 40.201, "longitude": -105.6025, "huc": "101900050202", "actonId": null, "shefId": "WLBC2", "beginDate": "2002-12-13 00:00", "endDate": "2100-01-01 00:00", "network": "SNTL" }, "geometry": { "type": "Point", "coordinates": [ -105.6025, 40.201 ] } },
{ "type": "Feature", "properties": { "station_id": "866", "name": "Wildcat", "state": "AZ", "county": "Apache", "elevation_ft": 7850.0, "latitude": 33.74347, "longitude": -109.48078, "huc": "150601010109", "actonId": null, "shefId": "WCTA3", "beginDate": "1983-10-01 00:00", "endDate": "2100-01-01 00:00", "network": "SNTL" }, "geometry": { "type": "Point", "coordinates": [ -109.48078, 33.74347 ] } },
{ "type": "Feature", "properties": { "station_id": "867", "name": "Wildhorse Divide", "state": "ID", "county": "Bannock", "elevation_ft": 6480.0, "latitude": 42.75743, "longitude": -112.47783, "huc": "170402080504", "actonId": null, "shefId": "WHDI1", "beginDate": "1979-10-01 00:00", "endDate": "2100-01-01 00:00", "network": "SNTL" }, "geometry": { "type": "Point", "coordinates": [ -112.47783, 42.75743 ] } },
{ "type": "Feature", "properties": { "station_id": "868", "name": "Willow Creek", "state": "WY", "county": "Lincoln", "elevation_ft": 8060.0, "latitude": 42.81513, "longitude": -110.83515, "huc": "170401050204", "actonId": null, "shefId": "WILW4", "beginDate": "1979-10-01 00:00", "endDate": "2100-01-01 00:00", "network": "SNTL" }, "geometry": { "type": "Point", "coordinates": [ -110.83515, 42.81513 ] } },
{ "type": "Feature", "properties": { "station_id": "869", "name": "Willow Creek Pass", "state": "CO", "county": "Grand", "elevation_ft": 9520.0, "latitude": 40.34734, "longitude": -106.0952, "huc": "140100010102", "actonId": null, "shefId": "WLLC2", "beginDate": "1978-10-01 00:00", "endDate": "2100-01-01 00:00", "network": "SNTL" }, "geometry": { "type": "Point", "coordinates": [ -106.0952, 40.34734 ] } },
{ "type": "Feature", "properties": { "station_id": "1317", "name": "Willow Flat CA", "state": "CA", "county": "Mono", "elevation_ft": 8220.0, "latitude": 38.27203, "longitude": -119.45124, "huc": "160503020103", "actonId": null, "shefId": "WFSC1", "beginDate": "2023-09-13 00:00", "endDate": "2100-01-01 00:00", "network": "SNTL" }, "geometry": { "type": "Point", "coordinates": [ -119.45124, 38.27203 ] } },
{ "type": "Feature", "properties": { "station_id": "870", "name": "Willow Park", "state": "CO", "county": "Larimer", "elevation_ft": 10710.0, "latitude": 40.43397, "longitude": -105.73588, "huc": "101900060204", "actonId": null, "shefId": "WPRC2", "beginDate": "1979-10-01 00:00", "endDate": "2100-01-01 00:00", "network": "SNTL" }, "geometry": { "type": "Point", "coordinates": [ -105.73588, 40.43397 ] } },
{ "type": "Feature", "properties": { "station_id": "871", "name": "Wilson Creek", "state": "ID", "county": "Twin Falls", "elevation_ft": 7110.0, "latitude": 42.01257, "longitude": -115.00278, "huc": "170402130202", "actonId": null, "shefId": "WLCI1", "beginDate": "1989-10-01 00:00", "endDate": "2100-01-01 00:00", "network": "SNTL" }, "geometry": { "type": "Point", "coordinates": [ -115.00278, 42.01257 ] } },
{ "type": "Feature", "properties": { "station_id": "872", "name": "Windy Peak", "state": "WY", "county": "Albany", "elevation_ft": 7900.0, "latitude": 42.27991, "longitude": -105.57782, "huc": "101800080802", "actonId": null, "shefId": "WNDW4", "beginDate": "1979-10-01 00:00", "endDate": "2100-01-01 00:00", "network": "SNTL" }, "geometry": { "type": "Point", "coordinates": [ -105.57782, 42.27991 ] } },
{ "type": "Feature", "properties": { "station_id": "873", "name": "Wolf Creek", "state": "OR", "county": "Union", "elevation_ft": 5730.0, "latitude": 45.06704, "longitude": -118.15185, "huc": "170502030601", "actonId": null, "shefId": "WFCO3", "beginDate": "1978-10-01 00:00", "endDate": "2100-01-01 00:00", "network": "SNTL" }, "geometry": { "type": "Point", "coordinates": [ -118.15185, 45.06704 ] } },
{ "type": "Feature", "properties": { "station_id": "1164", "name": "Wolf Creek Peak", "state": "UT", "county": "Wasatch", "elevation_ft": 9770.0, "latitude": 40.47733, "longitude": -111.04469, "huc": "160202030104", "actonId": null, "shefId": null, "beginDate": "2020-08-26 00:00", "endDate": "2100-01-01 00:00", "network": "SNTL" }, "geometry": { "type": "Point", "coordinates": [ -111.04469, 40.47733 ] } },
{ "type": "Feature", "properties": { "station_id": "874", "name": "Wolf Creek Summit", "state": "CO", "county": "Mineral", "elevation_ft": 10930.0, "latitude": 37.47903, "longitude": -106.80234, "huc": "140801010203", "actonId": null, "shefId": "WCSC2", "beginDate": "1985-10-01 00:00", "endDate": "2100-01-01 00:00", "network": "SNTL" }, "geometry": { "type": "Point", "coordinates": [ -106.80234, 37.47903 ] } },
{ "type": "Feature", "properties": { "station_id": "875", "name": "Wolverine", "state": "WY", "county": "Park", "elevation_ft": 7650.0, "latitude": 44.80417, "longitude": -109.657, "huc": "100700060104", "actonId": null, "shefId": "WLVW4", "beginDate": "1979-10-01 00:00", "endDate": "2100-01-01 00:00", "network": "SNTL" }, "geometry": { "type": "Point", "coordinates": [ -109.657, 44.80417 ] } },
{ "type": "Feature", "properties": { "station_id": "876", "name": "Wood Creek", "state": "MT", "county": "Lewis and Clark", "elevation_ft": 5970.0, "latitude": 47.44847, "longitude": -112.81428, "huc": "100301040202", "actonId": null, "shefId": "WODM8", "beginDate": "1978-10-01 00:00", "endDate": "2100-01-01 00:00", "network": "SNTL" }, "geometry": { "type": "Point", "coordinates": [ -112.81428, 47.44847 ] } },
{ "type": "Feature", "properties": { "station_id": "877", "name": "Workman Creek", "state": "AZ", "county": "Gila", "elevation_ft": 7030.0, "latitude": 33.81259, "longitude": -110.91852, "huc": "150601030802", "actonId": null, "shefId": "WKMA3", "beginDate": "1938-12-01 00:00", "endDate": "2100-01-01 00:00", "network": "SNTL" }, "geometry": { "type": "Point", "coordinates": [ -110.91852, 33.81259 ] } },
{ "type": "Feature", "properties": { "station_id": "1228", "name": "Wrigley Creek", "state": "UT", "county": "Sanpete", "elevation_ft": 9330.0, "latitude": 39.13233, "longitude": -111.35685, "huc": "140600090303", "actonId": null, "shefId": "WRIU1", "beginDate": "2012-10-01 00:00", "endDate": "2100-01-01 00:00", "network": "SNTL" }, "geometry": { "type": "Point", "coordinates": [ -111.35685, 39.13233 ] } },
{ "type": "Feature", "properties": { "station_id": "1197", "name": "Yankee Reservoir", "state": "UT", "county": "Iron", "elevation_ft": 8690.0, "latitude": 37.74797, "longitude": -112.77495, "huc": "160300060202", "actonId": null, "shefId": "YKEU1", "beginDate": "2012-10-01 00:00", "endDate": "2100-01-01 00:00", "network": "SNTL" }, "geometry": { "type": "Point", "coordinates": [ -112.77495, 37.74797 ] } },
{ "type": "Feature", "properties": { "station_id": "878", "name": "Younts Peak", "state": "WY", "county": "Park", "elevation_ft": 8340.0, "latitude": 43.93225, "longitude": -109.81775, "huc": "100800130103", "actonId": null, "shefId": "YOUW4", "beginDate": "1979-10-01 00:00", "endDate": "2100-01-01 00:00", "network": "SNTL" }, "geometry": { "type": "Point", "coordinates": [ -109.81775, 43.93225 ] } },
{ "type": "Feature", "properties": { "station_id": "1033", "name": "Zirkel", "state": "CO", "county": "Jackson", "elevation_ft": 9320.0, "latitude": 40.79492, "longitude": -106.59544, "huc": "101800010202", "actonId": null, "shefId": "ZIRC2", "beginDate": "2002-08-14 00:00", "endDate": "2100-01-01 00:00", "network": "SNTL" }, "geometry": { "type": "Point", "coordinates": [ -106.59544, 40.79492 ] } }
]
}
